   0.0000000000000000        0.0000000000000000        303.00000000000000     
   0.0000000000000000        5.0505050505050504E-002   308.00000000000000     
   0.0000000000000000       0.10101010101010101        308.00000000000000     
   0.0000000000000000       0.15151515151515152        308.00000000000000     
   0.0000000000000000       0.20202020202020202        308.00000000000000     
   0.0000000000000000       0.25252525252525254        308.00000000000000     
   0.0000000000000000       0.30303030303030304        308.00000000000000     
   0.0000000000000000       0.35353535353535354        308.00000000000000     
   0.0000000000000000       0.40404040404040403        308.00000000000000     
   0.0000000000000000       0.45454545454545453        308.00000000000000     
   0.0000000000000000       0.50505050505050508        308.00000000000000     
   0.0000000000000000       0.55555555555555558        308.00000000000000     
   0.0000000000000000       0.60606060606060608        308.00000000000000     
   0.0000000000000000       0.65656565656565657        308.00000000000000     
   0.0000000000000000       0.70707070707070707        308.00000000000000     
   0.0000000000000000       0.75757575757575757        308.00000000000000     
   0.0000000000000000       0.80808080808080807        308.00000000000000     
   0.0000000000000000       0.85858585858585856        308.00000000000000     
   0.0000000000000000       0.90909090909090906        308.00000000000000     
   0.0000000000000000       0.95959595959595956        308.00000000000000     
   0.0000000000000000        1.0101010101010102        308.00000000000000     
   0.0000000000000000        1.0606060606060606        308.00000000000000     
   0.0000000000000000        1.1111111111111112        308.00000000000000     
   0.0000000000000000        1.1616161616161615        308.00000000000000     
   0.0000000000000000        1.2121212121212122        308.00000000000000     
   0.0000000000000000        1.2626262626262625        308.00000000000000     
   0.0000000000000000        1.3131313131313131        308.00000000000000     
   0.0000000000000000        1.3636363636363635        308.00000000000000     
   0.0000000000000000        1.4141414141414141        308.00000000000000     
   0.0000000000000000        1.4646464646464648        308.00000000000000     
   0.0000000000000000        1.5151515151515151        308.00000000000000     
   0.0000000000000000        1.5656565656565657        308.00000000000000     
   0.0000000000000000        1.6161616161616161        308.00000000000000     
   0.0000000000000000        1.6666666666666667        308.00000000000000     
   0.0000000000000000        1.7171717171717171        308.00000000000000     
   0.0000000000000000        1.7676767676767677        308.00000000000000     
   0.0000000000000000        1.8181818181818181        308.00000000000000     
   0.0000000000000000        1.8686868686868687        308.00000000000000     
   0.0000000000000000        1.9191919191919191        308.00000000000000     
   0.0000000000000000        1.9696969696969697        308.00000000000000     
   0.0000000000000000        2.0202020202020203        308.00000000000000     
   0.0000000000000000        2.0707070707070705        308.00000000000000     
   0.0000000000000000        2.1212121212121211        308.00000000000000     
   0.0000000000000000        2.1717171717171717        308.00000000000000     
   0.0000000000000000        2.2222222222222223        308.00000000000000     
   0.0000000000000000        2.2727272727272729        308.00000000000000     
   0.0000000000000000        2.3232323232323231        308.00000000000000     
   0.0000000000000000        2.3737373737373737        308.00000000000000     
   0.0000000000000000        2.4242424242424243        308.00000000000000     
   0.0000000000000000        2.4747474747474749        308.00000000000000     
   0.0000000000000000        2.5252525252525251        308.00000000000000     
   0.0000000000000000        2.5757575757575757        308.00000000000000     
   0.0000000000000000        2.6262626262626263        308.00000000000000     
   0.0000000000000000        2.6767676767676769        308.00000000000000     
   0.0000000000000000        2.7272727272727271        308.00000000000000     
   0.0000000000000000        2.7777777777777777        308.00000000000000     
   0.0000000000000000        2.8282828282828283        308.00000000000000     
   0.0000000000000000        2.8787878787878789        308.00000000000000     
   0.0000000000000000        2.9292929292929295        308.00000000000000     
   0.0000000000000000        2.9797979797979797        308.00000000000000     
   0.0000000000000000        3.0303030303030303        308.00000000000000     
   0.0000000000000000        3.0808080808080809        308.00000000000000     
   0.0000000000000000        3.1313131313131315        308.00000000000000     
   0.0000000000000000        3.1818181818181817        308.00000000000000     
   0.0000000000000000        3.2323232323232323        308.00000000000000     
   0.0000000000000000        3.2828282828282829        308.00000000000000     
   0.0000000000000000        3.3333333333333335        308.00000000000000     
   0.0000000000000000        3.3838383838383836        308.00000000000000     
   0.0000000000000000        3.4343434343434343        308.00000000000000     
   0.0000000000000000        3.4848484848484849        308.00000000000000     
   0.0000000000000000        3.5353535353535355        308.00000000000000     
   0.0000000000000000        3.5858585858585861        308.00000000000000     
   0.0000000000000000        3.6363636363636362        308.00000000000000     
   0.0000000000000000        3.6868686868686869        308.00000000000000     
   0.0000000000000000        3.7373737373737375        308.00000000000000     
   0.0000000000000000        3.7878787878787881        308.00000000000000     
   0.0000000000000000        3.8383838383838382        308.00000000000000     
   0.0000000000000000        3.8888888888888888        308.00000000000000     
   0.0000000000000000        3.9393939393939394        308.00000000000000     
   0.0000000000000000        3.9898989898989901        308.00000000000000     
   0.0000000000000000        4.0404040404040407        308.00000000000000     
   0.0000000000000000        4.0909090909090908        308.00000000000000     
   0.0000000000000000        4.1414141414141410        308.00000000000000     
   0.0000000000000000        4.1919191919191920        308.00000000000000     
   0.0000000000000000        4.2424242424242422        308.00000000000000     
   0.0000000000000000        4.2929292929292933        308.00000000000000     
   0.0000000000000000        4.3434343434343434        308.00000000000000     
   0.0000000000000000        4.3939393939393936        308.00000000000000     
   0.0000000000000000        4.4444444444444446        308.00000000000000     
   0.0000000000000000        4.4949494949494948        308.00000000000000     
   0.0000000000000000        4.5454545454545459        308.00000000000000     
   0.0000000000000000        4.5959595959595960        308.00000000000000     
   0.0000000000000000        4.6464646464646462        308.00000000000000     
   0.0000000000000000        4.6969696969696972        308.00000000000000     
   0.0000000000000000        4.7474747474747474        308.00000000000000     
   0.0000000000000000        4.7979797979797976        308.00000000000000     
   0.0000000000000000        4.8484848484848486        308.00000000000000     
   0.0000000000000000        4.8989898989898988        308.00000000000000     
   0.0000000000000000        4.9494949494949498        308.00000000000000     
   0.0000000000000000        5.0000000000000000        303.00000000000000     

  0.10101010101010101        0.0000000000000000        307.89582790184147     
  0.10101010101010101        5.0505050505050504E-002   307.89582790184147     
  0.10101010101010101       0.10101010101010101        307.89583538877946     
  0.10101010101010101       0.15151515151515152        307.89584404927353     
  0.10101010101010101       0.20202020202020202        307.89585253447700     
  0.10101010101010101       0.25252525252525254        307.89586063324344     
  0.10101010101010101       0.30303030303030304        307.89586836508505     
  0.10101010101010101       0.35353535353535354        307.89587577891933     
  0.10101010101010101       0.40404040404040403        307.89588291551377     
  0.10101010101010101       0.45454545454545453        307.89588980464021     
  0.10101010101010101       0.50505050505050508        307.89589646787232     
  0.10101010101010101       0.55555555555555558        307.89590292126013     
  0.10101010101010101       0.60606060606060608        307.89590917716657     
  0.10101010101010101       0.65656565656565657        307.89591524544676     
  0.10101010101010101       0.70707070707070707        307.89592113420525     
  0.10101010101010101       0.75757575757575757        307.89592685029226     
  0.10101010101010101       0.80808080808080807        307.89593239963750     
  0.10101010101010101       0.85858585858585856        307.89593778748099     
  0.10101010101010101       0.90909090909090906        307.89594301853634     
  0.10101010101010101       0.95959595959595956        307.89594809710860     
  0.10101010101010101        1.0101010101010102        307.89595302718141     
  0.10101010101010101        1.0606060606060606        307.89595781248232     
  0.10101010101010101        1.1111111111111112        307.89596245653189     
  0.10101010101010101        1.1616161616161615        307.89596696268165     
  0.10101010101010101        1.2121212121212122        307.89597133414412     
  0.10101010101010101        1.2626262626262625        307.89597557401527     
  0.10101010101010101        1.3131313131313131        307.89597968529296     
  0.10101010101010101        1.3636363636363635        307.89598367089133     
  0.10101010101010101        1.4141414141414141        307.89598753365254     
  0.10101010101010101        1.4646464646464648        307.89599127635557     
  0.10101010101010101        1.5151515151515151        307.89599490172355     
  0.10101010101010101        1.5656565656565657        307.89599841242995     
  0.10101010101010101        1.6161616161616161        307.89600181110274     
  0.10101010101010101        1.6666666666666667        307.89600510032858     
  0.10101010101010101        1.7171717171717171        307.89600828265537     
  0.10101010101010101        1.7676767676767677        307.89601136059457     
  0.10101010101010101        1.8181818181818181        307.89601433662290     
  0.10101010101010101        1.8686868686868687        307.89601721318382     
  0.10101010101010101        1.9191919191919191        307.89601999268814     
  0.10101010101010101        1.9696969696969697        307.89602267751513     
  0.10101010101010101        2.0202020202020203        307.89602527001227     
  0.10101010101010101        2.0707070707070705        307.89602777249581     
  0.10101010101010101        2.1212121212121211        307.89603018725091     
  0.10101010101010101        2.1717171717171717        307.89603251653119     
  0.10101010101010101        2.2222222222222223        307.89603476255877     
  0.10101010101010101        2.2727272727272729        307.89603692752382     
  0.10101010101010101        2.3232323232323231        307.89603901358424     
  0.10101010101010101        2.3737373737373737        307.89604102286523     
  0.10101010101010101        2.4242424242424243        307.89604295745869     
  0.10101010101010101        2.4747474747474749        307.89604481942280     
  0.10101010101010101        2.5252525252525251        307.89604661078170     
  0.10101010101010101        2.5757575757575757        307.89604833352467     
  0.10101010101010101        2.6262626262626263        307.89604998960561     
  0.10101010101010101        2.6767676767676769        307.89605158094281     
  0.10101010101010101        2.7272727272727271        307.89605310941801     
  0.10101010101010101        2.7777777777777777        307.89605457687634     
  0.10101010101010101        2.8282828282828283        307.89605598512549     
  0.10101010101010101        2.8787878787878789        307.89605733593527     
  0.10101010101010101        2.9292929292929295        307.89605863103731     
  0.10101010101010101        2.9797979797979797        307.89605987212451     
  0.10101010101010101        3.0303030303030303        307.89606106085091     
  0.10101010101010101        3.0808080808080809        307.89606219883069     
  0.10101010101010101        3.1313131313131315        307.89606328763853     
  0.10101010101010101        3.1818181818181817        307.89606432880890     
  0.10101010101010101        3.2323232323232323        307.89606532383596     
  0.10101010101010101        3.2828282828282829        307.89606627417299     
  0.10101010101010101        3.3333333333333335        307.89606718123241     
  0.10101010101010101        3.3838383838383836        307.89606804638584     
  0.10101010101010101        3.4343434343434343        307.89606887096306     
  0.10101010101010101        3.4848484848484849        307.89606965625285     
  0.10101010101010101        3.5353535353535355        307.89607040350216     
  0.10101010101010101        3.5858585858585861        307.89607111391649     
  0.10101010101010101        3.6363636363636362        307.89607178865936     
  0.10101010101010101        3.6868686868686869        307.89607242885256     
  0.10101010101010101        3.7373737373737375        307.89607303557619     
  0.10101010101010101        3.7878787878787881        307.89607360986832     
  0.10101010101010101        3.8383838383838382        307.89607415272519     
  0.10101010101010101        3.8888888888888888        307.89607466510131     
  0.10101010101010101        3.9393939393939394        307.89607514790953     
  0.10101010101010101        3.9898989898989901        307.89607560202080     
  0.10101010101010101        4.0404040404040407        307.89607602826459     
  0.10101010101010101        4.0909090909090908        307.89607642742874     
  0.10101010101010101        4.1414141414141410        307.89607680025966     
  0.10101010101010101        4.1919191919191920        307.89607714746256     
  0.10101010101010101        4.2424242424242422        307.89607746970154     
  0.10101010101010101        4.2929292929292933        307.89607776759942     
  0.10101010101010101        4.3434343434343434        307.89607804173835     
  0.10101010101010101        4.3939393939393936        307.89607829265964     
  0.10101010101010101        4.4444444444444446        307.89607852086419     
  0.10101010101010101        4.4949494949494948        307.89607872681239     
  0.10101010101010101        4.5454545454545459        307.89607891092447     
  0.10101010101010101        4.5959595959595960        307.89607907358084     
  0.10101010101010101        4.6464646464646462        307.89607921512180     
  0.10101010101010101        4.6969696969696972        307.89607933584853     
  0.10101010101010101        4.7474747474747474        307.89607943602283     
  0.10101010101010101        4.7979797979797976        307.89607951586754     
  0.10101010101010101        4.8484848484848486        307.89607957556711     
  0.10101010101010101        4.8989898989898988        307.89607961526804     
  0.10101010101010101        4.9494949494949498        307.89607963508047     
  0.10101010101010101        5.0000000000000000        307.89607963508053     

  0.20202020202020202        0.0000000000000000        307.79168286613998     
  0.20202020202020202        5.0505050505050504E-002   307.79168286613998     
  0.20202020202020202       0.10101010101010101        307.79169642405157     
  0.20202020202020202       0.15151515151515152        307.79171288053948     
  0.20202020202020202       0.20202020202020202        307.79172940980737     
  0.20202020202020202       0.25252525252525254        307.79174537259831     
  0.20202020202020202       0.30303030303030304        307.79176069420510     
  0.20202020202020202       0.35353535353535354        307.79177542265495     
  0.20202020202020202       0.40404040404040403        307.79178961824334     
  0.20202020202020202       0.45454545454545453        307.79180333106893     
  0.20202020202020202       0.50505050505050508        307.79181659973415     
  0.20202020202020202       0.55555555555555558        307.79182945394348     
  0.20202020202020202       0.60606060606060608        307.79184191704735     
  0.20202020202020202       0.65656565656565657        307.79185400790777     
  0.20202020202020202       0.70707070707070707        307.79186574218039     
  0.20202020202020202       0.75757575757575757        307.79187713318760     
  0.20202020202020202       0.80808080808080807        307.79188819252050     
  0.20202020202020202       0.85858585858585856        307.79189893046225     
  0.20202020202020202       0.90909090909090906        307.79190935629128     
  0.20202020202020202       0.95959595959595956        307.79191947850239     
  0.20202020202020202        1.0101010101010102        307.79192930497129     
  0.20202020202020202        1.0606060606060606        307.79193884307813     
  0.20202020202020202        1.1111111111111112        307.79194809980174     
  0.20202020202020202        1.1616161616161615        307.79195708179282     
  0.20202020202020202        1.2121212121212122        307.79196579543049     
  0.20202020202020202        1.2626262626262625        307.79197424686657     
  0.20202020202020202        1.3131313131313131        307.79198244206123     
  0.20202020202020202        1.3636363636363635        307.79199038681037     
  0.20202020202020202        1.4141414141414141        307.79199808676844     
  0.20202020202020202        1.4646464646464648        307.79200554746598     
  0.20202020202020202        1.5151515151515151        307.79201277432378     
  0.20202020202020202        1.5656565656565657        307.79201977266439     
  0.20202020202020202        1.6161616161616161        307.79202654772098     
  0.20202020202020202        1.6666666666666667        307.79203310464482     
  0.20202020202020202        1.7171717171717171        307.79203944851065     
  0.20202020202020202        1.7676767676767677        307.79204558432116     
  0.20202020202020202        1.8181818181818181        307.79205151701035     
  0.20202020202020202        1.8686868686868687        307.79205725144595     
  0.20202020202020202        1.9191919191919191        307.79206279243118     
  0.20202020202020202        1.9696969696969697        307.79206814470638     
  0.20202020202020202        2.0202020202020203        307.79207331294896     
  0.20202020202020202        2.0707070707070705        307.79207830177438     
  0.20202020202020202        2.1212121212121211        307.79208311573603     
  0.20202020202020202        2.1717171717171717        307.79208775932466     
  0.20202020202020202        2.2222222222222223        307.79209223696830     
  0.20202020202020202        2.2727272727272729        307.79209655303151     
  0.20202020202020202        2.3232323232323231        307.79210071181456     
  0.20202020202020202        2.3737373737373737        307.79210471755243     
  0.20202020202020202        2.4242424242424243        307.79210857441410     
  0.20202020202020202        2.4747474747474749        307.79211228650144     
  0.20202020202020202        2.5252525252525251        307.79211585784816     
  0.20202020202020202        2.5757575757575757        307.79211929241870     
  0.20202020202020202        2.6262626262626263        307.79212259410724     
  0.20202020202020202        2.6767676767676769        307.79212576673655     
  0.20202020202020202        2.7272727272727271        307.79212881405721     
  0.20202020202020202        2.7777777777777777        307.79213173974620     
  0.20202020202020202        2.8282828282828283        307.79213454740619     
  0.20202020202020202        2.8787878787878789        307.79213724056461     
  0.20202020202020202        2.9292929292929295        307.79213982267242     
  0.20202020202020202        2.9797979797979797        307.79214229710385     
  0.20202020202020202        3.0303030303030303        307.79214466715484     
  0.20202020202020202        3.0808080808080809        307.79214693604320     
  0.20202020202020202        3.1313131313131315        307.79214910690695     
  0.20202020202020202        3.1818181818181817        307.79215118280439     
  0.20202020202020202        3.2323232323232323        307.79215316671326     
  0.20202020202020202        3.2828282828282829        307.79215506153031     
  0.20202020202020202        3.3333333333333335        307.79215687007058     
  0.20202020202020202        3.3838383838383836        307.79215859506724     
  0.20202020202020202        3.4343434343434343        307.79216023917132     
  0.20202020202020202        3.4848484848484849        307.79216180495115     
  0.20202020202020202        3.5353535353535355        307.79216329489196     
  0.20202020202020202        3.5858585858585861        307.79216471139637     
  0.20202020202020202        3.6363636363636362        307.79216605678363     
  0.20202020202020202        3.6868686868686869        307.79216733328940     
  0.20202020202020202        3.7373737373737375        307.79216854306634     
  0.20202020202020202        3.7878787878787881        307.79216968818349     
  0.20202020202020202        3.8383838383838382        307.79217077062668     
  0.20202020202020202        3.8888888888888888        307.79217179229823     
  0.20202020202020202        3.9393939393939394        307.79217275501748     
  0.20202020202020202        3.9898989898989901        307.79217366052046     
  0.20202020202020202        4.0404040404040407        307.79217451046026     
  0.20202020202020202        4.0909090909090908        307.79217530640733     
  0.20202020202020202        4.1414141414141410        307.79217604984950     
  0.20202020202020202        4.1919191919191920        307.79217674219228     
  0.20202020202020202        4.2424242424242422        307.79217738475910     
  0.20202020202020202        4.2929292929292933        307.79217797879176     
  0.20202020202020202        4.3434343434343434        307.79217852545037     
  0.20202020202020202        4.3939393939393936        307.79217902581399     
  0.20202020202020202        4.4444444444444446        307.79217948088092     
  0.20202020202020202        4.4949494949494948        307.79217989156888     
  0.20202020202020202        4.5454545454545459        307.79218025871558     
  0.20202020202020202        4.5959595959595960        307.79218058307907     
  0.20202020202020202        4.6464646464646462        307.79218086533803     
  0.20202020202020202        4.6969696969696972        307.79218110609253     
  0.20202020202020202        4.7474747474747474        307.79218130586418     
  0.20202020202020202        4.7979797979797976        307.79218146509714     
  0.20202020202020202        4.8484848484848486        307.79218158415864     
  0.20202020202020202        4.8989898989898988        307.79218166334005     
  0.20202020202020202        4.9494949494949498        307.79218170285827     
  0.20202020202020202        5.0000000000000000        307.79218170285839     

  0.30303030303030304        0.0000000000000000        307.68757873319436     
  0.30303030303030304        5.0505050505050504E-002   307.68757873319436     
  0.30303030303030304       0.10101010101010101        307.68759772366724     
  0.30303030303030304       0.15151515151515152        307.68762137405611     
  0.30303030303030304       0.20202020202020202        307.68764551783045     
  0.30303030303030304       0.25252525252525254        307.68766905137448     
  0.30303030303030304       0.30303030303030304        307.68769175424518     
  0.30303030303030304       0.35353535353535354        307.68771363874646     
  0.30303030303030304       0.40404040404040403        307.68773476469619     
  0.30303030303030304       0.45454545454545453        307.68775519143594     
  0.30303030303030304       0.50505050505050508        307.68777496835139     
  0.30303030303030304       0.55555555555555558        307.68779413513846     
  0.30303030303030304       0.60606060606060608        307.68781272388316     
  0.30303030303030304       0.65656565656565657        307.68783076100624     
  0.30303030303030304       0.70707070707070707        307.68784826874395     
  0.30303030303030304       0.75757575757575757        307.68786526621653     
  0.30303030303030304       0.80808080808080807        307.68788177019314     
  0.30303030303030304       0.85858585858585856        307.68789779564344     
  0.30303030303030304       0.90909090909090906        307.68791335614054     
  0.30303030303030304       0.95959595959595956        307.68792846415937     
  0.30303030303030304        1.0101010101010102        307.68794313130110     
  0.30303030303030304        1.0606060606060606        307.68795736846363     
  0.30303030303030304        1.1111111111111112        307.68797118597269     
  0.30303030303030304        1.1616161616161615        307.68798459368378     
  0.30303030303030304        1.2121212121212122        307.68799760106197     
  0.30303030303030304        1.2626262626262625        307.68801021724477     
  0.30303030303030304        1.3131313131313131        307.68802245109191     
  0.30303030303030304        1.3636363636363635        307.68803431122552     
  0.30303030303030304        1.4141414141414141        307.68804580606150     
  0.30303030303030304        1.4646464646464648        307.68805694383519     
  0.30303030303030304        1.5151515151515151        307.68806773262173     
  0.30303030303030304        1.5656565656565657        307.68807818035225     
  0.30303030303030304        1.6161616161616161        307.68808829482697     
  0.30303030303030304        1.6666666666666667        307.68809808372544     
  0.30303030303030304        1.7171717171717171        307.68810755461465     
  0.30303030303030304        1.7676767676767677        307.68811671495524     
  0.30303030303030304        1.8181818181818181        307.68812557210634     
  0.30303030303030304        1.8686868686868687        307.68813413332919     
  0.30303030303030304        1.9191919191919191        307.68814240578934     
  0.30303030303030304        1.9696969696969697        307.68815039655897     
  0.30303030303030304        2.0202020202020203        307.68815811261709     
  0.30303030303030304        2.0707070707070705        307.68816556085062     
  0.30303030303030304        2.1212121212121211        307.68817274805400     
  0.30303030303030304        2.1717171717171717        307.68817968092878     
  0.30303030303030304        2.2222222222222223        307.68818636608302     
  0.30303030303030304        2.2727272727272729        307.68819281003010     
  0.30303030303030304        2.3232323232323231        307.68819901918778     
  0.30303030303030304        2.3737373737373737        307.68820499987658     
  0.30303030303030304        2.4242424242424243        307.68821075831863     
  0.30303030303030304        2.4747474747474749        307.68821630063576     
  0.30303030303030304        2.5252525252525251        307.68822163284864     
  0.30303030303030304        2.5757575757575757        307.68822676087416     
  0.30303030303030304        2.6262626262626263        307.68823169052473     
  0.30303030303030304        2.6767676767676769        307.68823642750607     
  0.30303030303030304        2.7272727272727271        307.68824097741623     
  0.30303030303030304        2.7777777777777777        307.68824534574350     
  0.30303030303030304        2.8282828282828283        307.68824953786515     
  0.30303030303030304        2.8787878787878789        307.68825355904619     
  0.30303030303030304        2.9292929292929295        307.68825741443789     
  0.30303030303030304        2.9797979797979797        307.68826110907639     
  0.30303030303030304        3.0303030303030303        307.68826464788168     
  0.30303030303030304        3.0808080808080809        307.68826803565639     
  0.30303030303030304        3.1313131313131315        307.68827127708488     
  0.30303030303030304        3.1818181818181817        307.68827437673190     
  0.30303030303030304        3.2323232323232323        307.68827733904214     
  0.30303030303030304        3.2828282828282829        307.68828016833942     
  0.30303030303030304        3.3333333333333335        307.68828286882575     
  0.30303030303030304        3.3838383838383836        307.68828544458086     
  0.30303030303030304        3.4343434343434343        307.68828789956183     
  0.30303030303030304        3.4848484848484849        307.68829023760208     
  0.30303030303030304        3.5353535353535355        307.68829246241171     
  0.30303030303030304        3.5858585858585861        307.68829457757670     
  0.30303030303030304        3.6363636363636362        307.68829658655892     
  0.30303030303030304        3.6868686868686869        307.68829849269571     
  0.30303030303030304        3.7373737373737375        307.68830029920014     
  0.30303030303030304        3.7878787878787881        307.68830200916085     
  0.30303030303030304        3.8383838383838382        307.68830362554189     
  0.30303030303030304        3.8888888888888888        307.68830515118293     
  0.30303030303030304        3.9393939393939394        307.68830658879961     
  0.30303030303030304        3.9898989898989901        307.68830794098324     
  0.30303030303030304        4.0404040404040407        307.68830921020157     
  0.30303030303030304        4.0909090909090908        307.68831039879882     
  0.30303030303030304        4.1414141414141410        307.68831150899587     
  0.30303030303030304        4.1919191919191920        307.68831254289074     
  0.30303030303030304        4.2424242424242422        307.68831350245893     
  0.30303030303030304        4.2929292929292933        307.68831438955408     
  0.30303030303030304        4.3434343434343434        307.68831520590805     
  0.30303030303030304        4.3939393939393936        307.68831595313168     
  0.30303030303030304        4.4444444444444446        307.68831663271493     
  0.30303030303030304        4.4949494949494948        307.68831724602796     
  0.30303030303030304        4.5454545454545459        307.68831779432122     
  0.30303030303030304        4.5959595959595960        307.68831827872611     
  0.30303030303030304        4.6464646464646462        307.68831870025588     
  0.30303030303030304        4.6969696969696972        307.68831905980608     
  0.30303030303030304        4.7474747474747474        307.68831935815524     
  0.30303030303030304        4.7979797979797976        307.68831959596605     
  0.30303030303030304        4.8484848484848486        307.68831977378591     
  0.30303030303030304        4.8989898989898988        307.68831989204830     
  0.30303030303030304        4.9494949494949498        307.68831995107433     
  0.30303030303030304        5.0000000000000000        307.68831995107439     

  0.40404040404040403        0.0000000000000000        307.58352994306233     
  0.40404040404040403        5.0505050505050504E-002   307.58352994306233     
  0.40404040404040403       0.10101010101010101        307.58355400820057     
  0.40404040404040403       0.15151515151515152        307.58358442478345     
  0.40404040404040403       0.20202020202020202        307.58361580707276     
  0.40404040404040403       0.25252525252525254        307.58364660816954     
  0.40404040404040403       0.30303030303030304        307.58367644940398     
  0.40404040404040403       0.35353535353535354        307.58370529043964     
  0.40404040404040403       0.40404040404040403        307.58373317732600     
  0.40404040404040403       0.45454545454545453        307.58376016959721     
  0.40404040404040403       0.50505050505050508        307.58378632151425     
  0.40404040404040403       0.55555555555555558        307.58381167891332     
  0.40404040404040403       0.60606060606060608        307.58383628006311     
  0.40404040404040403       0.65656565656565657        307.58386015720930     
  0.40404040404040403       0.70707070707070707        307.58388333796029     
  0.40404040404040403       0.75757575757575757        307.58390584637004     
  0.40404040404040403       0.80808080808080807        307.58392770375190     
  0.40404040404040403       0.85858585858585856        307.58394892928646     
  0.40404040404040403       0.90909090909090906        307.58396954047640     
  0.40404040404040403       0.95959595959595956        307.58398955349060     
  0.40404040404040403        1.0101010101010102        307.58400898342688     
  0.40404040404040403        1.0606060606060606        307.58402784451414     
  0.40404040404040403        1.1111111111111112        307.58404615026956     
  0.40404040404040403        1.1616161616161615        307.58406391362234     
  0.40404040404040403        1.2121212121212122        307.58408114701086     
  0.40404040404040403        1.2626262626262625        307.58409786245966     
  0.40404040404040403        1.3131313131313131        307.58411407164135     
  0.40404040404040403        1.3636363636363635        307.58412978592554     
  0.40404040404040403        1.4141414141414141        307.58414501641880     
  0.40404040404040403        1.4646464646464648        307.58415977399619     
  0.40404040404040403        1.5151515151515151        307.58417406932654     
  0.40404040404040403        1.5656565656565657        307.58418791289330     
  0.40404040404040403        1.6161616161616161        307.58420131501026     
  0.40404040404040403        1.6666666666666667        307.58421428583495     
  0.40404040404040403        1.7171717171717171        307.58422683537827     
  0.40404040404040403        1.7676767676767677        307.58423897351298     
  0.40404040404040403        1.8181818181818181        307.58425070997879     
  0.40404040404040403        1.8686868686868687        307.58426205438752     
  0.40404040404040403        1.9191919191919191        307.58427301622572     
  0.40404040404040403        1.9696969696969697        307.58428360485681     
  0.40404040404040403        2.0202020202020203        307.58429382952232     
  0.40404040404040403        2.0707070707070705        307.58430369934212     
  0.40404040404040403        2.1212121212121211        307.58431322331444     
  0.40404040404040403        2.1717171717171717        307.58432241031500     
  0.40404040404040403        2.2222222222222223        307.58433126909608     
  0.40404040404040403        2.2727272727272729        307.58433980828482     
  0.40404040404040403        2.3232323232323231        307.58434803638232     
  0.40404040404040403        2.3737373737373737        307.58435596176088     
  0.40404040404040403        2.4242424242424243        307.58436359266273     
  0.40404040404040403        2.4747474747474749        307.58437093719772     
  0.40404040404040403        2.5252525252525251        307.58437800334121     
  0.40404040404040403        2.5757575757575757        307.58438479893181     
  0.40404040404040403        2.6262626262626263        307.58439133166962     
  0.40404040404040403        2.6767676767676769        307.58439760911347     
  0.40404040404040403        2.7272727272727271        307.58440363867965     
  0.40404040404040403        2.7777777777777777        307.58440942763912     
  0.40404040404040403        2.8282828282828283        307.58441498311595     
  0.40404040404040403        2.8787878787878789        307.58442031208529     
  0.40404040404040403        2.9292929292929295        307.58442542137175     
  0.40404040404040403        2.9797979797979797        307.58443031764750     
  0.40404040404040403        3.0303030303030303        307.58443500743073     
  0.40404040404040403        3.0808080808080809        307.58443949708430     
  0.40404040404040403        3.1313131313131315        307.58444379281411     
  0.40404040404040403        3.1818181818181817        307.58444790066807     
  0.40404040404040403        3.2323232323232323        307.58445182653486     
  0.40404040404040403        3.2828282828282829        307.58445557614277     
  0.40404040404040403        3.3333333333333335        307.58445915505899     
  0.40404040404040403        3.3838383838383836        307.58446256868871     
  0.40404040404040403        3.4343434343434343        307.58446582227441     
  0.40404040404040403        3.4848484848484849        307.58446892089506     
  0.40404040404040403        3.5353535353535355        307.58447186946592     
  0.40404040404040403        3.5858585858585861        307.58447467273811     
  0.40404040404040403        3.6363636363636362        307.58447733529806     
  0.40404040404040403        3.6868686868686869        307.58447986156750     
  0.40404040404040403        3.7373737373737375        307.58448225580332     
  0.40404040404040403        3.7878787878787881        307.58448452209740     
  0.40404040404040403        3.8383838383838382        307.58448666437704     
  0.40404040404040403        3.8888888888888888        307.58448868640437     
  0.40404040404040403        3.9393939393939394        307.58449059177718     
  0.40404040404040403        3.9898989898989901        307.58449238392888     
  0.40404040404040403        4.0404040404040407        307.58449406612897     
  0.40404040404040403        4.0909090909090908        307.58449564148310     
  0.40404040404040403        4.1414141414141410        307.58449711293383     
  0.40404040404040403        4.1919191919191920        307.58449848326080     
  0.40404040404040403        4.2424242424242422        307.58449975508154     
  0.40404040404040403        4.2929292929292933        307.58450093085173     
  0.40404040404040403        4.3434343434343434        307.58450201286610     
  0.40404040404040403        4.3939393939393936        307.58450300325870     
  0.40404040404040403        4.4444444444444446        307.58450390400384     
  0.40404040404040403        4.4949494949494948        307.58450471691663     
  0.40404040404040403        4.5454545454545459        307.58450544365382     
  0.40404040404040403        4.5959595959595960        307.58450608571451     
  0.40404040404040403        4.6464646464646462        307.58450664444109     
  0.40404040404040403        4.6969696969696972        307.58450712101984     
  0.40404040404040403        4.7474747474747474        307.58450751648184     
  0.40404040404040403        4.7979797979797976        307.58450783170463     
  0.40404040404040403        4.8484848484848486        307.58450806741246     
  0.40404040404040403        4.8989898989898988        307.58450822417819     
  0.40404040404040403        4.9494949494949498        307.58450830242424     
  0.40404040404040403        5.0000000000000000        307.58450830242430     

  0.50505050505050508        0.0000000000000000        307.47955099308558     
  0.50505050505050508        5.0505050505050504E-002   307.47955099308558     
  0.50505050505050508       0.10101010101010101        307.47957988310736     
  0.50505050505050508       0.15151515151515152        307.47961673268253     
  0.50505050505050508       0.20202020202020202        307.47965502243898     
  0.50505050505050508       0.25252525252525254        307.47969279336138     
  0.50505050505050508       0.30303030303030304        307.47972951306360     
  0.50505050505050508       0.35353535353535354        307.47976508357618     
  0.50505050505050508       0.40404040404040403        307.47979953041465     
  0.50505050505050508       0.45454545454545453        307.47983290739762     
  0.50505050505050508       0.50505050505050508        307.47986526913320     
  0.50505050505050508       0.55555555555555558        307.47989666428816     
  0.50505050505050508       0.60606060606060608        307.47992713492613     
  0.50505050505050508       0.65656565656565657        307.47995671738977     
  0.50505050505050508       0.70707070707070707        307.47998544339515     
  0.50505050505050508       0.75757575757575757        307.48001334099052     
  0.50505050505050508       0.80808080808080807        307.48004043532387     
  0.50505050505050508       0.85858585858585856        307.48006674924125     
  0.50505050505050508       0.90909090909090906        307.48009230374782     
  0.50505050505050508       0.95959595959595956        307.48011711836642     
  0.50505050505050508        1.0101010101010102        307.48014121141563     
  0.50505050505050508        1.0606060606060606        307.48016460022802     
  0.50505050505050508        1.1111111111111112        307.48018730132191     
  0.50505050505050508        1.1616161616161615        307.48020933053772     
  0.50505050505050508        1.2121212121212122        307.48023070314684     
  0.50505050505050508        1.2626262626262625        307.48025143393789     
  0.50505050505050508        1.3131313131313131        307.48027153728657     
  0.50505050505050508        1.3636363636363635        307.48029102721188     
  0.50505050505050508        1.4141414141414141        307.48030991742121     
  0.50505050505050508        1.4646464646464648        307.48032822134689     
  0.50505050505050508        1.5151515151515151        307.48034595217513     
  0.50505050505050508        1.5656565656565657        307.48036312286973     
  0.50505050505050508        1.6161616161616161        307.48037974619075     
  0.50505050505050508        1.6666666666666667        307.48039583470950     
  0.50505050505050508        1.7171717171717171        307.48041140082000     
  0.50505050505050508        1.7676767676767677        307.48042645674809     
  0.50505050505050508        1.8181818181818181        307.48044101455793     
  0.50505050505050508        1.8686868686868687        307.48045508615718     
  0.50505050505050508        1.9191919191919191        307.48046868330056     
  0.50505050505050508        1.9696969696969697        307.48048181759179     
  0.50505050505050508        2.0202020202020203        307.48049450048450     
  0.50505050505050508        2.0707070707070705        307.48050674328323     
  0.50505050505050508        2.1212121212121211        307.48051855714226     
  0.50505050505050508        2.1717171717171717        307.48052995306494     
  0.50505050505050508        2.2222222222222223        307.48054094190229     
  0.50505050505050508        2.2727272727272729        307.48055153435092     
  0.50505050505050508        2.3232323232323231        307.48056174095120     
  0.50505050505050508        2.3737373737373737        307.48057157208478     
  0.50505050505050508        2.4242424242424243        307.48058103797194     
  0.50505050505050508        2.4747474747474749        307.48059014866919     
  0.50505050505050508        2.5252525252525251        307.48059891406666     
  0.50505050505050508        2.5757575757575757        307.48060734388503     
  0.50505050505050508        2.6262626262626263        307.48061544767324     
  0.50505050505050508        2.6767676767676769        307.48062323480553     
  0.50505050505050508        2.7272727272727271        307.48063071447905     
  0.50505050505050508        2.7777777777777777        307.48063789571114     
  0.50505050505050508        2.8282828282828283        307.48064478733687     
  0.50505050505050508        2.8787878787878789        307.48065139800690     
  0.50505050505050508        2.9292929292929295        307.48065773618487     
  0.50505050505050508        2.9797979797979797        307.48066381014581     
  0.50505050505050508        3.0303030303030303        307.48066962797361     
  0.50505050505050508        3.0808080808080809        307.48067519755955     
  0.50505050505050508        3.1313131313131315        307.48068052660028     
  0.50505050505050508        3.1818181818181817        307.48068562259664     
  0.50505050505050508        3.2323232323232323        307.48069049285169     
  0.50505050505050508        3.2828282828282829        307.48069514447002     
  0.50505050505050508        3.3333333333333335        307.48069958435605     
  0.50505050505050508        3.3838383838383836        307.48070381921337     
  0.50505050505050508        3.4343434343434343        307.48070785554387     
  0.50505050505050508        3.4848484848484849        307.48071169964669     
  0.50505050505050508        3.5353535353535355        307.48071535761778     
  0.50505050505050508        3.5858585858585861        307.48071883534959     
  0.50505050505050508        3.6363636363636362        307.48072213853033     
  0.50505050505050508        3.6868686868686869        307.48072527264378     
  0.50505050505050508        3.7373737373737375        307.48072824296963     
  0.50505050505050508        3.7878787878787881        307.48073105458280     
  0.50505050505050508        3.8383838383838382        307.48073371235364     
  0.50505050505050508        3.8888888888888888        307.48073622094836     
  0.50505050505050508        3.9393939393939394        307.48073858482894     
  0.50505050505050508        3.9898989898989901        307.48074080825353     
  0.50505050505050508        4.0404040404040407        307.48074289527699     
  0.50505050505050508        4.0909090909090908        307.48074484975120     
  0.50505050505050508        4.1414141414141410        307.48074667532546     
  0.50505050505050508        4.1919191919191920        307.48074837544732     
  0.50505050505050508        4.2424242424242422        307.48074995336293     
  0.50505050505050508        4.2929292929292933        307.48075141211808     
  0.50505050505050508        4.3434343434343434        307.48075275455858     
  0.50505050505050508        4.3939393939393936        307.48075398333134     
  0.50505050505050508        4.4444444444444446        307.48075510088483     
  0.50505050505050508        4.4949494949494948        307.48075610947029     
  0.50505050505050508        4.5454545454545459        307.48075701114232     
  0.50505050505050508        4.5959595959595960        307.48075780776026     
  0.50505050505050508        4.6464646464646462        307.48075850098860     
  0.50505050505050508        4.6969696969696972        307.48075909229851     
  0.50505050505050508        4.7474747474747474        307.48075958296840     
  0.50505050505050508        4.7979797979797976        307.48075997408580     
  0.50505050505050508        4.8484848484848486        307.48076026654792     
  0.50505050505050508        4.8989898989898988        307.48076046106348     
  0.50505050505050508        4.9494949494949498        307.48076055815363     
  0.50505050505050508        5.0000000000000000        307.48076055815369     

  0.60606060606060608        0.0000000000000000        307.37565620431911     
  0.60606060606060608        5.0505050505050504E-002   307.37565620431911     
  0.60606060606060608       0.10101010101010101        307.37568970985637     
  0.60606060606060608       0.15151515151515152        307.37573270384945     
  0.60606060606060608       0.20202020202020202        307.37577759643187     
  0.60606060606060608       0.25252525252525254        307.37582204484767     
  0.60606060606060608       0.30303030303030304        307.37586537284420     
  0.60606060606060608       0.35353535353535354        307.37590742591817     
  0.60606060606060608       0.40404040404040403        307.37594820676259     
  0.60606060606060608       0.45454545454545453        307.37598776034883     
  0.60606060606060608       0.50505050505050508        307.37602613867881     
  0.60606060606060608       0.55555555555555558        307.37606339078246     
  0.60606060606060608       0.60606060606060608        307.37609956055991     
  0.60606060606060608       0.65656565656565657        307.37613468692678     
  0.60606060606060608       0.70707070707070707        307.37616880452697     
  0.60606060606060608       0.75757575757575757        307.37620194448681     
  0.60606060606060608       0.80808080808080807        307.37623413507146     
  0.60606060606060608       0.85858585858585856        307.37626540222402     
  0.60606060606060608       0.90909090909090906        307.37629576999694     
  0.60606060606060608       0.95959595959595956        307.37632526089646     
  0.60606060606060608        1.0101010101010102        307.37635389615662     
  0.60606060606060608        1.0606060606060606        307.37638169595829     
  0.60606060606060608        1.1111111111111112        307.37640867960420     
  0.60606060606060608        1.1616161616161615        307.37643486565980     
  0.60606060606060608        1.2121212121212122        307.37646027206665     
  0.60606060606060608        1.2626262626262625        307.37648491623378     
  0.60606060606060608        1.3131313131313131        307.37650881511172     
  0.60606060606060608        1.3636363636363635        307.37653198525243     
  0.60606060606060608        1.4141414141414141        307.37655444285798     
  0.60606060606060608        1.4646464646464648        307.37657620381987     
  0.60606060606060608        1.5151515151515151        307.37659728375041     
  0.60606060606060608        1.5656565656565657        307.37661769800815     
  0.60606060606060608        1.6161616161616161        307.37663746171859     
  0.60606060606060608        1.6666666666666667        307.37665658978977     
  0.60606060606060608        1.7171717171717171        307.37667509692545     
  0.60606060606060608        1.7676767676767677        307.37669299763394     
  0.60606060606060608        1.8181818181818181        307.37671030623608     
  0.60606060606060608        1.8686868686868687        307.37672703686985     
  0.60606060606060608        1.9191919191919191        307.37674320349441     
  0.60606060606060608        1.9696969696969697        307.37675881989162     
  0.60606060606060608        2.0202020202020203        307.37677389966734     
  0.60606060606060608        2.0707070707070705        307.37678845625169     
  0.60606060606060608        2.1212121212121211        307.37680250289782     
  0.60606060606060608        2.1717171717171717        307.37681605268057     
  0.60606060606060608        2.2222222222222223        307.37682911849470     
  0.60606060606060608        2.2727272727272729        307.37684171305239     
  0.60606060606060608        2.3232323232323231        307.37685384888073     
  0.60606060606060608        2.3737373737373737        307.37686553831884     
  0.60606060606060608        2.4242424242424243        307.37687679351450     
  0.60606060606060608        2.4747474747474749        307.37688762642125     
  0.60606060606060608        2.5252525252525251        307.37689804879500     
  0.60606060606060608        2.5757575757575757        307.37690807219099     
  0.60606060606060608        2.6262626262626263        307.37691770796010     
  0.60606060606060608        2.6767676767676769        307.37692696724599     
  0.60606060606060608        2.7272727272727271        307.37693586098175     
  0.60606060606060608        2.7777777777777777        307.37694439988701     
  0.60606060606060608        2.8282828282828283        307.37695259446491     
  0.60606060606060608        2.8787878787878789        307.37696045499933     
  0.60606060606060608        2.9292929292929295        307.37696799155191     
  0.60606060606060608        2.9797979797979797        307.37697521395989     
  0.60606060606060608        3.0303030303030303        307.37698213183381     
  0.60606060606060608        3.0808080808080809        307.37698875455465     
  0.60606060606060608        3.1313131313131315        307.37699509127270     
  0.60606060606060608        3.1818181818181817        307.37700115090496     
  0.60606060606060608        3.2323232323232323        307.37700694213351     
  0.60606060606060608        3.2828282828282829        307.37701247340442     
  0.60606060606060608        3.3333333333333335        307.37701775292589     
  0.60606060606060608        3.3838383838383836        307.37702278866732     
  0.60606060606060608        3.4343434343434343        307.37702758835826     
  0.60606060606060608        3.4848484848484849        307.37703215948716     
  0.60606060606060608        3.5353535353535355        307.37703650930115     
  0.60606060606060608        3.5858585858585861        307.37704064480522     
  0.60606060606060608        3.6363636363636362        307.37704457276158     
  0.60606060606060608        3.6868686868686869        307.37704829968959     
  0.60606060606060608        3.7373737373737375        307.37705183186557     
  0.60606060606060608        3.7878787878787881        307.37705517532277     
  0.60606060606060608        3.8383838383838382        307.37705833585113     
  0.60606060606060608        3.8888888888888888        307.37706131899773     
  0.60606060606060608        3.9393939393939394        307.37706413006714     
  0.60606060606060608        3.9898989898989901        307.37706677412149     
  0.60606060606060608        4.0404040404040407        307.37706925598121     
  0.60606060606060608        4.0909090909090908        307.37707158022539     
  0.60606060606060608        4.1414141414141410        307.37707375119243     
  0.60606060606060608        4.1919191919191920        307.37707577298062     
  0.60606060606060608        4.2424242424242422        307.37707764944929     
  0.60606060606060608        4.2929292929292933        307.37707938421909     
  0.60606060606060608        4.3434343434343434        307.37708098067316     
  0.60606060606060608        4.3939393939393936        307.37708244195824     
  0.60606060606060608        4.4444444444444446        307.37708377098505     
  0.60606060606060608        4.4949494949494948        307.37708497042979     
  0.60606060606060608        4.5454545454545459        307.37708604273502     
  0.60606060606060608        4.5959595959595960        307.37708699011091     
  0.60606060606060608        4.6464646464646462        307.37708781453608     
  0.60606060606060608        4.6969696969696972        307.37708851775903     
  0.60606060606060608        4.7474747474747474        307.37708910129930     
  0.60606060606060608        4.7979797979797976        307.37708956644872     
  0.60606060606060608        4.8484848484848486        307.37708991427291     
  0.60606060606060608        4.8989898989898988        307.37709014561267     
  0.60606060606060608        4.9494949494949498        307.37709026108502     
  0.60606060606060608        5.0000000000000000        307.37709026108507     

  0.70707070707070707        0.0000000000000000        307.27185959107192     
  0.70707070707070707        5.0505050505050504E-002   307.27185959107192     
  0.70707070707070707       0.10101010101010101        307.27189751419468     
  0.70707070707070707       0.15151515151515152        307.27194638033507     
  0.70707070707070707       0.20202020202020202        307.27199758158406     
  0.70707070707070707       0.25252525252525254        307.27204841548979     
  0.70707070707070707       0.30303030303030304        307.27209807238722     
  0.70707070707070707       0.35353535353535354        307.27214634479930     
  0.70707070707070707       0.40404040404040403        307.27219321282342     
  0.70707070707070707       0.45454545454545453        307.27223871139614     
  0.70707070707070707       0.50505050505050508        307.27228288828240     
  0.70707070707070707       0.55555555555555558        307.27232579124899     
  0.70707070707070707       0.60606060606060608        307.27236746458379     
  0.70707070707070707       0.65656565656565657        307.27240794855078     
  0.70707070707070707       0.70707070707070707        307.27244727971123     
  0.70707070707070707       0.75757575757575757        307.27248549144366     
  0.70707070707070707       0.80808080808080807        307.27252261445665     
  0.70707070707070707       0.85858585858585856        307.27255867723875     
  0.70707070707070707       0.90909090909090906        307.27259370643429     
  0.70707070707070707       0.95959595959595956        307.27262772715420     
  0.70707070707070707        1.0101010101010102        307.27266076322934     
  0.70707070707070707        1.0606060606060606        307.27269283741776     
  0.70707070707070707        1.1111111111111112        307.27272397157310     
  0.70707070707070707        1.1616161616161615        307.27275418678232     
  0.70707070707070707        1.2121212121212122        307.27278350347802     
  0.70707070707070707        1.2626262626262625        307.27281194152988     
  0.70707070707070707        1.3131313131313131        307.27283952031900     
  0.70707070707070707        1.3636363636363635        307.27286625879930     
  0.70707070707070707        1.4141414141414141        307.27289217554699     
  0.70707070707070707        1.4646464646464648        307.27291728880078     
  0.70707070707070707        1.5151515151515151        307.27294161649456     
  0.70707070707070707        1.5656565656565657        307.27296517628344     
  0.70707070707070707        1.6161616161616161        307.27298798556507     
  0.70707070707070707        1.6666666666666667        307.27301006149577     
  0.70707070707070707        1.7171717171717171        307.27303142100379     
  0.70707070707070707        1.7676767676767677        307.27305208079855     
  0.70707070707070707        1.8181818181818181        307.27307205737856     
  0.70707070707070707        1.8686868686868687        307.27309136703599     
  0.70707070707070707        1.9191919191919191        307.27311002586026     
  0.70707070707070707        1.9696969696969697        307.27312804973974     
  0.70707070707070707        2.0202020202020203        307.27314545436235     
  0.70707070707070707        2.0707070707070705        307.27316225521531     
  0.70707070707070707        2.1212121212121211        307.27317846758359     
  0.70707070707070707        2.1717171717171717        307.27319410654837     
  0.70707070707070707        2.2222222222222223        307.27320918698388     
  0.70707070707070707        2.2727272727272729        307.27322372355519     
  0.70707070707070707        2.3232323232323231        307.27323773071464     
  0.70707070707070707        2.3737373737373737        307.27325122269832     
  0.70707070707070707        2.4242424242424243        307.27326421352257     
  0.70707070707070707        2.4747474747474749        307.27327671697981     
  0.70707070707070707        2.5252525252525251        307.27328874663505     
  0.70707070707070707        2.5757575757575757        307.27330031582193     
  0.70707070707070707        2.6262626262626263        307.27331143763894     
  0.70707070707070707        2.6767676767676769        307.27332212494525     
  0.70707070707070707        2.7272727272727271        307.27333239035778     
  0.70707070707070707        2.7777777777777777        307.27334224624667     
  0.70707070707070707        2.8282828282828283        307.27335170473287     
  0.70707070707070707        2.8787878787878789        307.27336077768393     
  0.70707070707070707        2.9292929292929295        307.27336947671159     
  0.70707070707070707        2.9797979797979797        307.27337781316828     
  0.70707070707070707        3.0303030303030303        307.27338579814477     
  0.70707070707070707        3.0808080808080809        307.27339344246747     
  0.70707070707070707        3.1313131313131315        307.27340075669593     
  0.70707070707070707        3.1818181818181817        307.27340775112071     
  0.70707070707070707        3.2323232323232323        307.27341443576154     
  0.70707070707070707        3.2828282828282829        307.27342082036546     
  0.70707070707070707        3.3333333333333335        307.27342691440504     
  0.70707070707070707        3.3838383838383836        307.27343272707731     
  0.70707070707070707        3.4343434343434343        307.27343826730242     
  0.70707070707070707        3.4848484848484849        307.27344354372246     
  0.70707070707070707        3.5353535353535355        307.27344856470069     
  0.70707070707070707        3.5858585858585861        307.27345333832102     
  0.70707070707070707        3.6363636363636362        307.27345787238721     
  0.70707070707070707        3.6868686868686869        307.27346217442295     
  0.70707070707070707        3.7373737373737375        307.27346625167110     
  0.70707070707070707        3.7878787878787881        307.27347011109396     
  0.70707070707070707        3.8383838383838382        307.27347375937353     
  0.70707070707070707        3.8888888888888888        307.27347720291101     
  0.70707070707070707        3.9393939393939394        307.27348044782798     
  0.70707070707070707        3.9898989898989901        307.27348349996623     
  0.70707070707070707        4.0404040404040407        307.27348636488841     
  0.70707070707070707        4.0909090909090908        307.27348904787885     
  0.70707070707070707        4.1414141414141410        307.27349155394404     
  0.70707070707070707        4.1919191919191920        307.27349388781357     
  0.70707070707070707        4.2424242424242422        307.27349605394096     
  0.70707070707070707        4.2929292929292933        307.27349805650454     
  0.70707070707070707        4.3434343434343434        307.27349989940848     
  0.70707070707070707        4.3939393939393936        307.27350158628394     
  0.70707070707070707        4.4444444444444446        307.27350312048992     
  0.70707070707070707        4.4949494949494948        307.27350450511477     
  0.70707070707070707        4.5454545454545459        307.27350574297714     
  0.70707070707070707        4.5959595959595960        307.27350683662718     
  0.70707070707070707        4.6464646464646462        307.27350778834818     
  0.70707070707070707        4.6969696969696972        307.27350860015747     
  0.70707070707070707        4.7474747474747474        307.27350927380797     
  0.70707070707070707        4.7979797979797976        307.27350981078990     
  0.70707070707070707        4.8484848484848486        307.27351021233176     
  0.70707070707070707        4.8989898989898988        307.27351047940209     
  0.70707070707070707        4.9494949494949498        307.27351061271088     
  0.70707070707070707        5.0000000000000000        307.27351061271088     

  0.80808080808080807        0.0000000000000000        307.16817476989593     
  0.80808080808080807        5.0505050505050504E-002   307.16817476989593     
  0.80808080808080807       0.10101010101010101        307.16821691097596     
  0.80808080808080807       0.15151515151515152        307.16827137775630     
  0.80808080808080807       0.20202020202020202        307.16832859288849     
  0.80808080808080807       0.25252525252525254        307.16838551516787     
  0.80808080808080807       0.30303030303030304        307.16844121114292     
  0.80808080808080807       0.35353535353535354        307.16849542456862     
  0.80808080808080807       0.40404040404040403        307.16854811435257     
  0.80808080808080807       0.45454545454545453        307.16859930537476     
  0.80808080808080807       0.50505050505050508        307.16864904047503     
  0.80808080808080807       0.55555555555555558        307.16869736521903     
  0.80808080808080807       0.60606060606060608        307.16874432330775     
  0.80808080808080807       0.65656565656565657        307.16878995544346     
  0.80808080808080807       0.70707070707070707        307.16883429929618     
  0.80808080808080807       0.75757575757575757        307.16887738979705     
  0.80808080808080807       0.80808080808080807        307.16891925950080     
  0.80808080808080807       0.85858585858585856        307.16895993893297     
  0.80808080808080807       0.90909090909090906        307.16899945689750     
  0.80808080808080807       0.95959595959595956        307.16903784074015     
  0.80808080808080807        1.0101010101010102        307.16907511657035     
  0.80808080808080807        1.0606060606060606        307.16911130944749     
  0.80808080808080807        1.1111111111111112        307.16914644353443     
  0.80808080808080807        1.1616161616161615        307.16918054222617     
  0.80808080808080807        1.2121212121212122        307.16921362825599     
  0.80808080808080807        1.2626262626262625        307.16924572378213     
  0.80808080808080807        1.3131313131313131        307.16927685046051     
  0.80808080808080807        1.3636363636363635        307.16930702950361     
  0.80808080808080807        1.4141414141414141        307.16933628172927     
  0.80808080808080807        1.4646464646464648        307.16936462760003     
  0.80808080808080807        1.5151515151515151        307.16939208725518     
  0.80808080808080807        1.5656565656565657        307.16941868053675     
  0.80808080808080807        1.6161616161616161        307.16944442701038     
  0.80808080808080807        1.6666666666666667        307.16946934598104     
  0.80808080808080807        1.7171717171717171        307.16949345650602     
  0.80808080808080807        1.7676767676767677        307.16951677740406     
  0.80808080808080807        1.8181818181818181        307.16953932726221     
  0.80808080808080807        1.8686868686868687        307.16956112444075     
  0.80808080808080807        1.9191919191919191        307.16958218707583     
  0.80808080808080807        1.9696969696969697        307.16960253308065     
  0.80808080808080807        2.0202020202020203        307.16962218014567     
  0.80808080808080807        2.0707070707070705        307.16964114573778     
  0.80808080808080807        2.1212121212121211        307.16965944709779     
  0.80808080808080807        2.1717171717171717        307.16967710123856     
  0.80808080808080807        2.2222222222222223        307.16969412494160     
  0.80808080808080807        2.2727272727272729        307.16971053475311     
  0.80808080808080807        2.3232323232323231        307.16972634698089     
  0.80808080808080807        2.3737373737373737        307.16974157768948     
  0.80808080808080807        2.4242424242424243        307.16975624269622     
  0.80808080808080807        2.4747474747474749        307.16977035756656     
  0.80808080808080807        2.5252525252525251        307.16978393760985     
  0.80808080808080807        2.5757575757575757        307.16979699787470     
  0.80808080808080807        2.6262626262626263        307.16980955314460     
  0.80808080808080807        2.6767676767676769        307.16982161793362     
  0.80808080808080807        2.7272727272727271        307.16983320648222     
  0.80808080808080807        2.7777777777777777        307.16984433275286     
  0.80808080808080807        2.8282828282828283        307.16985501042655     
  0.80808080808080807        2.8787878787878789        307.16986525289877     
  0.80808080808080807        2.9292929292929295        307.16987507327605     
  0.80808080808080807        2.9797979797979797        307.16988448437246     
  0.80808080808080807        3.0303030303030303        307.16989349870676     
  0.80808080808080807        3.0808080808080809        307.16990212849919     
  0.80808080808080807        3.1313131313131315        307.16991038566886     
  0.80808080808080807        3.1818181818181817        307.16991828183131     
  0.80808080808080807        3.2323232323232323        307.16992582829630     
  0.80808080808080807        3.2828282828282829        307.16993303606569     
  0.80808080808080807        3.3333333333333335        307.16993991583183     
  0.80808080808080807        3.3838383838383836        307.16994647797560     
  0.80808080808080807        3.4343434343434343        307.16995273256555     
  0.80808080808080807        3.4848484848484849        307.16995868935635     
  0.80808080808080807        3.5353535353535355        307.16996435778788     
  0.80808080808080807        3.5858585858585861        307.16996974698458     
  0.80808080808080807        3.6363636363636362        307.16997486575480     
  0.80808080808080807        3.6868686868686869        307.16997972259043     
  0.80808080808080807        3.7373737373737375        307.16998432566680     
  0.80808080808080807        3.7878787878787881        307.16998868284230     
  0.80808080808080807        3.8383838383838382        307.16999280165874     
  0.80808080808080807        3.8888888888888888        307.16999668934136     
  0.80808080808080807        3.9393939393939394        307.17000035279943     
  0.80808080808080807        3.9898989898989901        307.17000379862657     
  0.80808080808080807        4.0404040404040407        307.17000703310134     
  0.80808080808080807        4.0909090909090908        307.17001006218800     
  0.80808080808080807        4.1414141414141410        307.17001289153734     
  0.80808080808080807        4.1919191919191920        307.17001552648753     
  0.80808080808080807        4.2424242424242422        307.17001797206524     
  0.80808080808080807        4.2929292929292933        307.17002023298636     
  0.80808080808080807        4.3434343434343434        307.17002231365746     
  0.80808080808080807        4.3939393939393936        307.17002421817688     
  0.80808080808080807        4.4444444444444446        307.17002595033597     
  0.80808080808080807        4.4949494949494948        307.17002751362020     
  0.80808080808080807        4.5454545454545459        307.17002891121081     
  0.80808080808080807        4.5959595959595960        307.17003014598606     
  0.80808080808080807        4.6464646464646462        307.17003122052267     
  0.80808080808080807        4.6969696969696972        307.17003213709722     
  0.80808080808080807        4.7474747474747474        307.17003289768769     
  0.80808080808080807        4.7979797979797976        307.17003350397516     
  0.80808080808080807        4.8484848484848486        307.17003395734520     
  0.80808080808080807        4.8989898989898988        307.17003425888947     
  0.80808080808080807        4.9494949494949498        307.17003440940732     
  0.80808080808080807        5.0000000000000000        307.17003440940738     

  0.90909090909090906        0.0000000000000000        307.06461488623620     
  0.90909090909090906        5.0505050505050504E-002   307.06461488623620     
  0.90909090909090906       0.10101010101010101        307.06466103780440     
  0.90909090909090906       0.15151515151515152        307.06472082611469     
  0.90909090909090906       0.20202020202020202        307.06478375268881     
  0.90909090909090906       0.25252525252525254        307.06484645682320     
  0.90909090909090906       0.30303030303030304        307.06490788992443     
  0.90909090909090906       0.35353535353535354        307.06496775108144     
  0.90909090909090906       0.40404040404040403        307.06502597983638     
  0.90909090909090906       0.45454545454545453        307.06508259159585     
  0.90909090909090906       0.50505050505050508        307.06513762418126     
  0.90909090909090906       0.55555555555555558        307.06519112051666     
  0.90909090909090906       0.60606060606060608        307.06524312312683     
  0.90909090909090906       0.65656565656565657        307.06529367252227     
  0.90909090909090906       0.70707070707070707        307.06534280687146     
  0.90909090909090906       0.75757575757575757        307.06539056209516     
  0.90909090909090906       0.80808080808080807        307.06543697208764     
  0.90909090909090906       0.85858585858585856        307.06548206896281     
  0.90909090909090906       0.90909090909090906        307.06552588328844     
  0.90909090909090906       0.95959595959595956        307.06556844429724     
  0.90909090909090906        1.0101010101010102        307.06560978007042     
  0.90909090909090906        1.0606060606060606        307.06564991769619     
  0.90909090909090906        1.1111111111111112        307.06568888340462     
  0.90909090909090906        1.1616161616161615        307.06572670268105     
  0.90909090909090906        1.2121212121212122        307.06576340036241     
  0.90909090909090906        1.2626262626262625        307.06579900071648     
  0.90909090909090906        1.3131313131313131        307.06583352750897     
  0.90909090909090906        1.3636363636363635        307.06586700405859     
  0.90909090909090906        1.4141414141414141        307.06589945328233     
  0.90909090909090906        1.4646464646464648        307.06593089773344     
  0.90909090909090906        1.5151515151515151        307.06596135963082     
  0.90909090909090906        1.5656565656565657        307.06599086088397     
  0.90909090909090906        1.6161616161616161        307.06601942311238     
  0.90909090909090906        1.6666666666666667        307.06604706766058     
  0.90909090909090906        1.7171717171717171        307.06607381560980     
  0.90909090909090906        1.7676767676767677        307.06609968778645     
  0.90909090909090906        1.8181818181818181        307.06612470476824     
  0.90909090909090906        1.8686868686868687        307.06614888688807     
  0.90909090909090906        1.9191919191919191        307.06617225423599     
  0.90909090909090906        1.9696969696969697        307.06619482665968     
  0.90909090909090906        2.0202020202020203        307.06621662376392     
  0.90909090909090906        2.0707070707070705        307.06623766490861     
  0.90909090909090906        2.1212121212121211        307.06625796920633     
  0.90909090909090906        2.1717171717171717        307.06627755551892     
  0.90909090909090906        2.2222222222222223        307.06629644245356     
  0.90909090909090906        2.2727272727272729        307.06631464835885     
  0.90909090909090906        2.3232323232323231        307.06633219131947     
  0.90909090909090906        2.3737373737373737        307.06634908915203     
  0.90909090909090906        2.4242424242424243        307.06636535939992     
  0.90909090909090906        2.4747474747474749        307.06638101932788     
  0.90909090909090906        2.5252525252525251        307.06639608591729     
  0.90909090909090906        2.5757575757575757        307.06641057586074     
  0.90909090909090906        2.6262626262626263        307.06642450555739     
  0.90909090909090906        2.6767676767676769        307.06643789110785     
  0.90909090909090906        2.7272727272727271        307.06645074830919     
  0.90909090909090906        2.7777777777777777        307.06646309265079     
  0.90909090909090906        2.8282828282828283        307.06647493930978     
  0.90909090909090906        2.8787878787878789        307.06648630314658     
  0.90909090909090906        2.9292929292929295        307.06649719870114     
  0.90909090909090906        2.9797979797979797        307.06650764018940     
  0.90909090909090906        3.0303030303030303        307.06651764149905     
  0.90909090909090906        3.0808080808080809        307.06652721618718     
  0.90909090909090906        3.1313131313131315        307.06653637747661     
  0.90909090909090906        3.1818181818181817        307.06654513825350     
  0.90909090909090906        3.2323232323232323        307.06655351106440     
  0.90909090909090906        3.2828282828282829        307.06656150811472     
  0.90909090909090906        3.3333333333333335        307.06656914126603     
  0.90909090909090906        3.3838383838383836        307.06657642203464     
  0.90909090909090906        3.4343434343434343        307.06658336159006     
  0.90909090909090906        3.4848484848484849        307.06658997075363     
  0.90909090909090906        3.5353535353535355        307.06659625999754     
  0.90909090909090906        3.5858585858585861        307.06660223944397     
  0.90909090909090906        3.6363636363636362        307.06660791886418     
  0.90909090909090906        3.6868686868686869        307.06661330767867     
  0.90909090909090906        3.7373737373737375        307.06661841495628     
  0.90909090909090906        3.7878787878787881        307.06662324941453     
  0.90909090909090906        3.8383838383838382        307.06662781941958     
  0.90909090909090906        3.8888888888888888        307.06663213298663     
  0.90909090909090906        3.9393939393939394        307.06663619777993     
  0.90909090909090906        3.9898989898989901        307.06664002111387     
  0.90909090909090906        4.0404040404040407        307.06664360995313     
  0.90909090909090906        4.0909090909090908        307.06664697091384     
  0.90909090909090906        4.1414141414141410        307.06665011026422     
  0.90909090909090906        4.1919191919191920        307.06665303392595     
  0.90909090909090906        4.2424242424242422        307.06665574747490     
  0.90909090909090906        4.2929292929292933        307.06665825614232     
  0.90909090909090906        4.3434343434343434        307.06666056481635     
  0.90909090909090906        4.3939393939393936        307.06666267804297     
  0.90909090909090906        4.4444444444444446        307.06666460002782     
  0.90909090909090906        4.4949494949494948        307.06666633463720     
  0.90909090909090906        4.5454545454545459        307.06666788539991     
  0.90909090909090906        4.5959595959595960        307.06666925550832     
  0.90909090909090906        4.6464646464646462        307.06667044782051     
  0.90909090909090906        4.6969696969696972        307.06667146486137     
  0.90909090909090906        4.7474747474747474        307.06667230882471     
  0.90909090909090906        4.7979797979797976        307.06667298157441     
  0.90909090909090906        4.8484848484848486        307.06667348464646     
  0.90909090909090906        4.8989898989898988        307.06667381925047     
  0.90909090909090906        4.9494949494949498        307.06667398627150     
  0.90909090909090906        5.0000000000000000        307.06667398627155     

   1.0101010101010102        0.0000000000000000        306.96119255051110     
   1.0101010101010102        5.0505050505050504E-002   306.96119255051110     
   1.0101010101010102       0.10101010101010101        306.96124249441681     
   1.0101010101010102       0.15151515151515152        306.96130731317220     
   1.0101010101010102       0.20202020202020202        306.96137563693634     
   1.0101010101010102       0.25252525252525254        306.96144380409976     
   1.0101010101010102       0.30303030303030304        306.96151065882424     
   1.0101010101010102       0.35353535353535354        306.96157585930115     
   1.0101010101010102       0.40404040404040403        306.96163932757469     
   1.0101010101010102       0.45454545454545453        306.96170107041877     
   1.0101010101010102       0.50505050505050508        306.96176112087556     
   1.0101010101010102       0.55555555555555558        306.96181951911535     
   1.0101010101010102       0.60606060606060608        306.96187630617897     
   1.0101010101010102       0.65656565656565657        306.96193152198236     
   1.0101010101010102       0.70707070707070707        306.96198520475599     
   1.0101010101010102       0.75757575757575757        306.96203739097513     
   1.0101010101010102       0.80808080808080807        306.96208811545978     
   1.0101010101010102       0.85858585858585856        306.96213741152820     
   1.0101010101010102       0.90909090909090906        306.96218531116136     
   1.0101010101010102       0.95959595959595956        306.96223184516015     
   1.0101010101010102        1.0101010101010102        306.96227704328902     
   1.0101010101010102        1.0606060606060606        306.96232093440398     
   1.0101010101010102        1.1111111111111112        306.96236354656440     
   1.0101010101010102        1.1616161616161615        306.96240490712933     
   1.0101010101010102        1.2121212121212122        306.96244504284033     
   1.0101010101010102        1.2626262626262625        306.96248397989126     
   1.0101010101010102        1.3131313131313131        306.96252174398700     
   1.0101010101010102        1.3636363636363635        306.96255836039342     
   1.0101010101010102        1.4141414141414141        306.96259385397752     
   1.0101010101010102        1.4646464646464648        306.96262824924162     
   1.0101010101010102        1.5151515151515151        306.96266157035035     
   1.0101010101010102        1.5656565656565657        306.96269384115288     
   1.0101010101010102        1.6161616161616161        306.96272508520008     
   1.0101010101010102        1.6666666666666667        306.96275532575817     
   1.0101010101010102        1.7171717171717171        306.96278458581872     
   1.0101010101010102        1.7676767676767677        306.96281288810587     
   1.0101010101010102        1.8181818181818181        306.96284025508135     
   1.0101010101010102        1.8686868686868687        306.96286670894676     
   1.0101010101010102        1.9191919191919191        306.96289227164499     
   1.0101010101010102        1.9696969696969697        306.96291696485935     
   1.0101010101010102        2.0202020202020203        306.96294081001247     
   1.0101010101010102        2.0707070707070705        306.96296382826301     
   1.0101010101010102        2.1212121212121211        306.96298604050270     
   1.0101010101010102        2.1717171717171717        306.96300746735164     
   1.0101010101010102        2.2222222222222223        306.96302812915417     
   1.0101010101010102        2.2727272727272729        306.96304804597338     
   1.0101010101010102        2.3232323232323231        306.96306723758590     
   1.0101010101010102        2.3737373737373737        306.96308572347618     
   1.0101010101010102        2.4242424242424243        306.96310352283109     
   1.0101010101010102        2.4747474747474749        306.96312065453378     
   1.0101010101010102        2.5252525252525251        306.96313713715807     
   1.0101010101010102        2.5757575757575757        306.96315298896286     
   1.0101010101010102        2.6262626262626263        306.96316822788646     
   1.0101010101010102        2.6767676767676769        306.96318287154065     
   1.0101010101010102        2.7272727272727271        306.96319693720619     
   1.0101010101010102        2.7777777777777777        306.96321044182690     
   1.0101010101010102        2.8282828282828283        306.96322340200550     
   1.0101010101010102        2.8787878787878789        306.96323583399840     
   1.0101010101010102        2.9292929292929295        306.96324775371153     
   1.0101010101010102        2.9797979797979797        306.96325917669617     
   1.0101010101010102        3.0303030303030303        306.96327011814486     
   1.0101010101010102        3.0808080808080809        306.96328059288845     
   1.0101010101010102        3.1313131313131315        306.96329061539194     
   1.0101010101010102        3.1818181818181817        306.96330019975193     
   1.0101010101010102        3.2323232323232323        306.96330935969377     
   1.0101010101010102        3.2828282828282829        306.96331810856918     
   1.0101010101010102        3.3333333333333335        306.96332645935399     
   1.0101010101010102        3.3838383838383836        306.96333442464618     
   1.0101010101010102        3.4343434343434343        306.96334201666411     
   1.0101010101010102        3.4848484848484849        306.96334924724533     
   1.0101010101010102        3.5353535353535355        306.96335612784549     
   1.0101010101010102        3.5858585858585861        306.96336266953699     
   1.0101010101010102        3.6363636363636362        306.96336888300868     
   1.0101010101010102        3.6868686868686869        306.96337477856514     
   1.0101010101010102        3.7373737373737375        306.96338036612667     
   1.0101010101010102        3.7878787878787881        306.96338565522899     
   1.0101010101010102        3.8383838383838382        306.96339065502343     
   1.0101010101010102        3.8888888888888888        306.96339537427735     
   1.0101010101010102        3.9393939393939394        306.96339982137431     
   1.0101010101010102        3.9898989898989901        306.96340400431495     
   1.0101010101010102        4.0404040404040407        306.96340793071749     
   1.0101010101010102        4.0909090909090908        306.96341160781873     
   1.0101010101010102        4.1414141414141410        306.96341504247511     
   1.0101010101010102        4.1919191919191920        306.96341824116371     
   1.0101010101010102        4.2424242424242422        306.96342120998338     
   1.0101010101010102        4.2929292929292933        306.96342395465626     
   1.0101010101010102        4.3434343434343434        306.96342648052894     
   1.0101010101010102        4.3939393939393936        306.96342879257372     
   1.0101010101010102        4.4444444444444446        306.96343089539079     
   1.0101010101010102        4.4949494949494948        306.96343279320882     
   1.0101010101010102        4.5454545454545459        306.96343448988750     
   1.0101010101010102        4.5959595959595960        306.96343598891872     
   1.0101010101010102        4.6464646464646462        306.96343729342817     
   1.0101010101010102        4.6969696969696972        306.96343840617726     
   1.0101010101010102        4.7474747474747474        306.96343932956501     
   1.0101010101010102        4.7979797979797976        306.96344006562953     
   1.0101010101010102        4.8484848484848486        306.96344061604987     
   1.0101010101010102        4.8989898989898988        306.96344098214809     
   1.0101010101010102        4.9494949494949498        306.96344116489075     
   1.0101010101010102        5.0000000000000000        306.96344116489081     

   1.1111111111111112        0.0000000000000000        306.85791978024378     
   1.1111111111111112        5.0505050505050504E-002   306.85791978024378     
   1.1111111111111112       0.10101010101010101        306.85797328647891     
   1.1111111111111112       0.15151515151515152        306.85804283050470     
   1.1111111111111112       0.20202020202020202        306.85811622315771     
   1.1111111111111112       0.25252525252525254        306.85818952050352     
   1.1111111111111112       0.30303030303030304        306.85826146688879     
   1.1111111111111112       0.35353535353535354        306.85833168303401     
   1.1111111111111112       0.40404040404040403        306.85840007523990     
   1.1111111111111112       0.45454545454545453        306.85846664255109     
   1.1111111111111112       0.50505050505050508        306.85853141363066     
   1.1111111111111112       0.55555555555555558        306.85859442597820     
   1.1111111111111112       0.60606060606060608        306.85865571903491     
   1.1111111111111112       0.65656565656565657        306.85871533188907     
   1.1111111111111112       0.70707070707070707        306.85877330253635     
   1.1111111111111112       0.75757575757575757        306.85882966768281     
   1.1111111111111112       0.80808080808080807        306.85888446274527     
   1.1111111111111112       0.85858585858585856        306.85893772192657     
   1.1111111111111112       0.90909090909090906        306.85898947831606     
   1.1111111111111112       0.95959595959595956        306.85903976399732     
   1.1111111111111112        1.0101010101010102        306.85908861015236     
   1.1111111111111112        1.0606060606060606        306.85913604715847     
   1.1111111111111112        1.1111111111111112        306.85918210467582     
   1.1111111111111112        1.1616161616161615        306.85922681172485     
   1.1111111111111112        1.2121212121212122        306.85927019675421     
   1.1111111111111112        1.2626262626262625        306.85931228769880     
   1.1111111111111112        1.3131313131313131        306.85935311202991     
   1.1111111111111112        1.3636363636363635        306.85939269679653     
   1.1111111111111112        1.4141414141414141        306.85943106866097     
   1.1111111111111112        1.4646464646464648        306.85946825392756     
   1.1111111111111112        1.5151515151515151        306.85950427856608     
   1.1111111111111112        1.5656565656565657        306.85953916823013     
   1.1111111111111112        1.6161616161616161        306.85957294827261     
   1.1111111111111112        1.6666666666666667        306.85960564375620     
   1.1111111111111112        1.7171717171717171        306.85963727946171     
   1.1111111111111112        1.7676767676767677        306.85966787989349     
   1.1111111111111112        1.8181818181818181        306.85969746928254     
   1.1111111111111112        1.8686868686868687        306.85972607158800     
   1.1111111111111112        1.9191919191919191        306.85975371049648     
   1.1111111111111112        1.9696969696969697        306.85978040942103     
   1.1111111111111112        2.0202020202020203        306.85980619149791     
   1.1111111111111112        2.0707070707070705        306.85983107958253     
   1.1111111111111112        2.1212121212121211        306.85985509624572     
   1.1111111111111112        2.1717171717171717        306.85987826376805     
   1.1111111111111112        2.2222222222222223        306.85990060413462     
   1.1111111111111112        2.2727272727272729        306.85992213902875     
   1.1111111111111112        2.3232323232323231        306.85994288982619     
   1.1111111111111112        2.3737373737373737        306.85996287758820     
   1.1111111111111112        2.4242424242424243        306.85998212305572     
   1.1111111111111112        2.4747474747474749        306.86000064664239     
   1.1111111111111112        2.5252525252525251        306.86001846842862     
   1.1111111111111112        2.5757575757575757        306.86003560815459     
   1.1111111111111112        2.6262626262626263        306.86005208521470     
   1.1111111111111112        2.6767676767676769        306.86006791865094     
   1.1111111111111112        2.7272727272727271        306.86008312714745     
   1.1111111111111112        2.7777777777777777        306.86009772902457     
   1.1111111111111112        2.8282828282828283        306.86011174223381     
   1.1111111111111112        2.8787878787878789        306.86012518435263     
   1.1111111111111112        2.9292929292929295        306.86013807257933     
   1.1111111111111112        2.9797979797979797        306.86015042372884     
   1.1111111111111112        3.0303030303030303        306.86016225422850     
   1.1111111111111112        3.0808080808080809        306.86017358011406     
   1.1111111111111112        3.1313131313131315        306.86018441702612     
   1.1111111111111112        3.1818181818181817        306.86019478020660     
   1.1111111111111112        3.2323232323232323        306.86020468449607     
   1.1111111111111112        3.2828282828282829        306.86021414433083     
   1.1111111111111112        3.3333333333333335        306.86022317374074     
   1.1111111111111112        3.3838383838383836        306.86023178634701     
   1.1111111111111112        3.4343434343434343        306.86023999536047     
   1.1111111111111112        3.4848484848484849        306.86024781357992     
   1.1111111111111112        3.5353535353535355        306.86025525339090     
   1.1111111111111112        3.5858585858585861        306.86026232676500     
   1.1111111111111112        3.6363636363636362        306.86026904525858     
   1.1111111111111112        3.6868686868686869        306.86027542001267     
   1.1111111111111112        3.7373737373737375        306.86028146175283     
   1.1111111111111112        3.7878787878787881        306.86028718078836     
   1.1111111111111112        3.8383838383838382        306.86029258701330     
   1.1111111111111112        3.8888888888888888        306.86029768990625     
   1.1111111111111112        3.9393939393939394        306.86030249853081     
   1.1111111111111112        3.9898989898989901        306.86030702153653     
   1.1111111111111112        4.0404040404040407        306.86031126715955     
   1.1111111111111112        4.0909090909090908        306.86031524322362     
   1.1111111111111112        4.1414141414141410        306.86031895714126     
   1.1111111111111112        4.1919191919191920        306.86032241591471     
   1.1111111111111112        4.2424242424242422        306.86032562613735     
   1.1111111111111112        4.2929292929292933        306.86032859399523     
   1.1111111111111112        4.3434343434343434        306.86033132526831     
   1.1111111111111112        4.3939393939393936        306.86033382533219     
   1.1111111111111112        4.4444444444444446        306.86033609915967     
   1.1111111111111112        4.4949494949494948        306.86033815132242     
   1.1111111111111112        4.5454545454545459        306.86033998599271     
   1.1111111111111112        4.5959595959595960        306.86034160694538     
   1.1111111111111112        4.6464646464646462        306.86034301755922     
   1.1111111111111112        4.6969696969696972        306.86034422081934     
   1.1111111111111112        4.7474747474747474        306.86034521931856     
   1.1111111111111112        4.7979797979797976        306.86034601525978     
   1.1111111111111112        4.8484848484848486        306.86034661045744     
   1.1111111111111112        4.8989898989898988        306.86034700633974     
   1.1111111111111112        4.9494949494949498        306.86034720395025     
   1.1111111111111112        5.0000000000000000        306.86034720395031     

   1.2121212121212122        0.0000000000000000        306.75480794677435     
   1.2121212121212122        5.0505050505050504E-002   306.75480794677435     
   1.2121212121212122       0.10101010101010101        306.75486477319436     
   1.2121212121212122       0.15151515151515152        306.75493872242794     
   1.2121212121212122       0.20202020202020202        306.75501684063346     
   1.2121212121212122       0.25252525252525254        306.75509492049741     
   1.2121212121212122       0.30303030303030304        306.75517161374313     
   1.2121212121212122       0.35353535353535354        306.75524650677028     
   1.2121212121212122       0.40404040404040403        306.75531949173194     
   1.2121212121212122       0.45454545454545453        306.75539056081431     
   1.2121212121212122       0.50505050505050508        306.75545973875694     
   1.2121212121212122       0.55555555555555558        306.75552706057505     
   1.2121212121212122       0.60606060606060608        306.75559256411543     
   1.2121212121212122       0.65656565656565657        306.75565628752383     
   1.2121212121212122       0.70707070707070707        306.75571826837103     
   1.2121212121212122       0.75757575757575757        306.75577854335995     
   1.2121212121212122       0.80808080808080807        306.75583714824916     
   1.2121212121212122       0.85858585858585856        306.75589411786302     
   1.2121212121212122       0.90909090909090906        306.75594948613974     
   1.2121212121212122       0.95959595959595956        306.75600328619316     
   1.2121212121212122        1.0101010101010102        306.75605555038140     
   1.2121212121212122        1.0606060606060606        306.75610631037381     
   1.2121212121212122        1.1111111111111112        306.75615559721444     
   1.2121212121212122        1.1616161616161615        306.75620344138002     
   1.2121212121212122        1.2121212121212122        306.75624987283254     
   1.2121212121212122        1.2626262626262625        306.75629492106458     
   1.2121212121212122        1.3131313131313131        306.75633861513921     
   1.2121212121212122        1.3636363636363635        306.75638098372315     
   1.2121212121212122        1.4141414141414141        306.75642205511565     
   1.2121212121212122        1.4646464646464648        306.75646185727123     
   1.2121212121212122        1.5151515151515151        306.75650041781904     
   1.2121212121212122        1.5656565656565657        306.75653776407705     
   1.2121212121212122        1.6161616161616161        306.75657392306420     
   1.2121212121212122        1.6666666666666667        306.75660892150819     
   1.2121212121212122        1.7171717171717171        306.75664278585134     
   1.2121212121212122        1.7676767676767677        306.75667554225367     
   1.2121212121212122        1.8181818181818181        306.75670721659469     
   1.2121212121212122        1.8686868686868687        306.75673783447229     
   1.2121212121212122        1.9191919191919191        306.75676742120186     
   1.2121212121212122        1.9696969696969697        306.75679600181229     
   1.2121212121212122        2.0202020202020203        306.75682360104253     
   1.2121212121212122        2.0707070707070705        306.75685024333615     
   1.2121212121212122        2.1212121212121211        306.75687595283620     
   1.2121212121212122        2.1717171717171717        306.75690075337894     
   1.2121212121212122        2.2222222222222223        306.75692466848704     
   1.2121212121212122        2.2727272727272729        306.75694772136319     
   1.2121212121212122        2.3232323232323231        306.75696993488259     
   1.2121212121212122        2.3737373737373737        306.75699133158577     
   1.2121212121212122        2.4242424242424243        306.75701193367189     
   1.2121212121212122        2.4747474747474749        306.75703176299112     
   1.2121212121212122        2.5252525252525251        306.75705084103743     
   1.2121212121212122        2.5757575757575757        306.75706918894190     
   1.2121212121212122        2.6262626262626263        306.75708682746568     
   1.2121212121212122        2.6767676767676769        306.75710377699335     
   1.2121212121212122        2.7272727272727271        306.75712005752683     
   1.2121212121212122        2.7777777777777777        306.75713568867889     
   1.2121212121212122        2.8282828282828283        306.75715068966736     
   1.2121212121212122        2.8787878787878789        306.75716507930986     
   1.2121212121212122        2.9292929292929295        306.75717887601854     
   1.2121212121212122        2.9797979797979797        306.75719209779470     
   1.2121212121212122        3.0303030303030303        306.75720476222483     
   1.2121212121212122        3.0808080808080809        306.75721688647610     
   1.2121212121212122        3.1313131313131315        306.75722848729265     
   1.2121212121212122        3.1818181818181817        306.75723958099161     
   1.2121212121212122        3.2323232323232323        306.75725018346043     
   1.2121212121212122        3.2828282828282829        306.75726031015370     
   1.2121212121212122        3.3333333333333335        306.75726997609058     
   1.2121212121212122        3.3838383838383836        306.75727919585273     
   1.2121212121212122        3.4343434343434343        306.75728798358227     
   1.2121212121212122        3.4848484848484849        306.75729635298012     
   1.2121212121212122        3.5353535353535355        306.75730431730489     
   1.2121212121212122        3.5858585858585861        306.75731188937158     
   1.2121212121212122        3.6363636363636362        306.75731908155069     
   1.2121212121212122        3.6868686868686869        306.75732590576814     
   1.2121212121212122        3.7373737373737375        306.75733237350471     
   1.2121212121212122        3.7878787878787881        306.75733849579598     
   1.2121212121212122        3.8383838383838382        306.75734428323221     
   1.2121212121212122        3.8888888888888888        306.75734974595952     
   1.2121212121212122        3.9393939393939394        306.75735489367946     
   1.2121212121212122        3.9898989898989901        306.75735973565020     
   1.2121212121212122        4.0404040404040407        306.75736428068757     
   1.2121212121212122        4.0909090909090908        306.75736853716580     
   1.2121212121212122        4.1414141414141410        306.75737251301871     
   1.2121212121212122        4.1919191919191920        306.75737621574132     
   1.2121212121212122        4.2424242424242422        306.75737965239068     
   1.2121212121212122        4.2929292929292933        306.75738282958793     
   1.2121212121212122        4.3434343434343434        306.75738575351954     
   1.2121212121212122        4.3939393939393936        306.75738842993906     
   1.2121212121212122        4.4444444444444446        306.75739086416905     
   1.2121212121212122        4.4949494949494948        306.75739306110245     
   1.2121212121212122        4.5454545454545459        306.75739502520497     
   1.2121212121212122        4.5959595959595960        306.75739676051654     
   1.2121212121212122        4.6464646464646462        306.75739827065348     
   1.2121212121212122        4.6969696969696972        306.75739955881056     
   1.2121212121212122        4.7474747474747474        306.75740062776242     
   1.2121212121212122        4.7979797979797976        306.75740147986636     
   1.2121212121212122        4.8484848484848486        306.75740211706380     
   1.2121212121212122        4.8989898989898988        306.75740254088259     
   1.2121212121212122        4.9494949494949498        306.75740275243874     
   1.2121212121212122        5.0000000000000000        306.75740275243874     

   1.3131313131313131        0.0000000000000000        306.65186772590334     
   1.3131313131313131        5.0505050505050504E-002   306.65186772590334     
   1.3131313131313131       0.10101010101010101        306.65192761846544     
   1.3131313131313131       0.15151515151515152        306.65200563795690     
   1.3131313131313131       0.20202020202020202        306.65208812318230     
   1.3131313131313131       0.25252525252525254        306.65217062296330     
   1.3131313131313131       0.30303030303030304        306.65225170351533     
   1.3131313131313131       0.35353535353535354        306.65233091986840     
   1.3131313131313131       0.40404040404040403        306.65240815147018     
   1.3131313131313131       0.45454545454545453        306.65248338444633     
   1.3131313131313131       0.50505050505050508        306.65255664006582     
   1.3131313131313131       0.55555555555555558        306.65262795108958     
   1.3131313131313131       0.60606060606060608        306.65269735384408     
   1.3131313131313131       0.65656565656565657        306.65276488549529     
   1.3131313131313131       0.70707070707070707        306.65283058307523     
   1.3131313131313131       0.75757575757575757        306.65289448311927     
   1.3131313131313131       0.80808080808080807        306.65295662153187     
   1.3131313131313131       0.85858585858585856        306.65301703354646     
   1.3131313131313131       0.90909090909090906        306.65307575372941     
   1.3131313131313131       0.95959595959595956        306.65313281600459     
   1.3131313131313131        1.0101010101010102        306.65318825368860     
   1.3131313131313131        1.0606060606060606        306.65324209953144     
   1.3131313131313131        1.1111111111111112        306.65329438575685     
   1.3131313131313131        1.1616161616161615        306.65334514410210     
   1.3131313131313131        1.2121212121212122        306.65339440585404     
   1.3131313131313131        1.2626262626262625        306.65344220188251     
   1.3131313131313131        1.3131313131313131        306.65348856266905     
   1.3131313131313131        1.3636363636363635        306.65353351833176     
   1.3131313131313131        1.4141414141414141        306.65357709864634     
   1.3131313131313131        1.4646464646464648        306.65361933306309     
   1.3131313131313131        1.5151515151515151        306.65366025072080     
   1.3131313131313131        1.5656565656565657        306.65369988045711     
   1.3131313131313131        1.6161616161616161        306.65373825081639     
   1.3131313131313131        1.6666666666666667        306.65377539005448     
   1.3131313131313131        1.7171717171717171        306.65381132614192     
   1.3131313131313131        1.7676767676767677        306.65384608676459     
   1.3131313131313131        1.8181818181818181        306.65387969932306     
   1.3131313131313131        1.8686868686868687        306.65391219093021     
   1.3131313131313131        1.9191919191919191        306.65394358840746     
   1.3131313131313131        1.9696969696969697        306.65397391828071     
   1.3131313131313131        2.0202020202020203        306.65400320677418     
   1.3131313131313131        2.0707070707070705        306.65403147980459     
   1.3131313131313131        2.1212121212121211        306.65405876297410     
   1.3131313131313131        2.1717171717171717        306.65408508156355     
   1.3131313131313131        2.2222222222222223        306.65411046052412     
   1.3131313131313131        2.2727272727272729        306.65413492447044     
   1.3131313131313131        2.3232323232323231        306.65415849767180     
   1.3131313131313131        2.3737373737373737        306.65418120404428     
   1.3131313131313131        2.4242424242424243        306.65420306714333     
   1.3131313131313131        2.4747474747474749        306.65422411015527     
   1.3131313131313131        2.5252525252525251        306.65424435588966     
   1.3131313131313131        2.5757575757575757        306.65426382677146     
   1.3131313131313131        2.6262626262626263        306.65428254483396     
   1.3131313131313131        2.6767676767676769        306.65430053171116     
   1.3131313131313131        2.7272727272727271        306.65431780863145     
   1.3131313131313131        2.7777777777777777        306.65433439641032     
   1.3131313131313131        2.8282828282828283        306.65435031544445     
   1.3131313131313131        2.8787878787878789        306.65436558570576     
   1.3131313131313131        2.9292929292929295        306.65438022673578     
   1.3131313131313131        2.9797979797979797        306.65439425764015     
   1.3131313131313131        3.0303030303030303        306.65440769708414     
   1.3131313131313131        3.0808080808080809        306.65442056328789     
   1.3131313131313131        3.1313131313131315        306.65443287402218     
   1.3131313131313131        3.1818181818181817        306.65444464660499     
   1.3131313131313131        3.2323232323232323        306.65445589789755     
   1.3131313131313131        3.2828282828282829        306.65446664430186     
   1.3131313131313131        3.3333333333333335        306.65447690175756     
   1.3131313131313131        3.3838383838383836        306.65448668573964     
   1.3131313131313131        3.4343434343434343        306.65449601125664     
   1.3131313131313131        3.4848484848484849        306.65450489284865     
   1.3131313131313131        3.5353535353535355        306.65451334458606     
   1.3131313131313131        3.5858585858585861        306.65452138006822     
   1.3131313131313131        3.6363636363636362        306.65452901242298     
   1.3131313131313131        3.6868686868686869        306.65453625430592     
   1.3131313131313131        3.7373737373737375        306.65454311790006     
   1.3131313131313131        3.7878787878787881        306.65454961491594     
   1.3131313131313131        3.8383838383838382        306.65455575659155     
   1.3131313131313131        3.8888888888888888        306.65456155369321     
   1.3131313131313131        3.9393939393939394        306.65456701651550     
   1.3131313131313131        3.9898989898989901        306.65457215488249     
   1.3131313131313131        4.0404040404040407        306.65457697814861     
   1.3131313131313131        4.0909090909090908        306.65458149519969     
   1.3131313131313131        4.1414141414141410        306.65458571445419     
   1.3131313131313131        4.1919191919191920        306.65458964386488     
   1.3131313131313131        4.2424242424242422        306.65459329091971     
   1.3131313131313131        4.2929292929292933        306.65459666264434     
   1.3131313131313131        4.3434343434343434        306.65459976560277     
   1.3131313131313131        4.3939393939393936        306.65460260589987     
   1.3131313131313131        4.4444444444444446        306.65460518918297     
   1.3131313131313131        4.4949494949494948        306.65460752064382     
   1.3131313131313131        4.5454545454545459        306.65460960502043     
   1.3131313131313131        4.5959595959595960        306.65461144659935     
   1.3131313131313131        4.6464646464646462        306.65461304921746     
   1.3131313131313131        4.6969696969696972        306.65461441626422     
   1.3131313131313131        4.7474747474747474        306.65461555068356     
   1.3131313131313131        4.7979797979797976        306.65461645497606     
   1.3131313131313131        4.8484848484848486        306.65461713120123     
   1.3131313131313131        4.8989898989898988        306.65461758097956     
   1.3131313131313131        4.9494949494949498        306.65461780549441     
   1.3131313131313131        5.0000000000000000        306.65461780549447     

   1.4141414141414141        0.0000000000000000        306.54910905219498     
   1.4141414141414141        5.0505050505050504E-002   306.54910905219498     
   1.4141414141414141       0.10101010101010101        306.54917174551531     
   1.4141414141414141       0.15151515151515152        306.54925348593525     
   1.4141414141414141       0.20202020202020202        306.54933996484590     
   1.4141414141414141       0.25252525252525254        306.54942650738110     
   1.4141414141414141       0.30303030303030304        306.54951160139422     
   1.4141414141414141       0.35353535353535354        306.54959477336484     
   1.4141414141414141       0.40404040404040403        306.54967589134668     
   1.4141414141414141       0.45454545454545453        306.54975493612017     
   1.4141414141414141       0.50505050505050508        306.54983192590464     
   1.4141414141414141       0.55555555555555558        306.54990689144495     
   1.4141414141414141       0.60606060606060608        306.54997986765414     
   1.4141414141414141       0.65656565656565657        306.55005089072876     
   1.4141414141414141       0.70707070707070707        306.55011999709996     
   1.4141414141414141       0.75757575757575757        306.55018722302168     
   1.4141414141414141       0.80808080808080807        306.55025260439521     
   1.4141414141414141       0.85858585858585856        306.55031617669090     
   1.4141414141414141       0.90909090909090906        306.55037797491786     
   1.4141414141414141       0.95959595959595956        306.55043803361673     
   1.4141414141414141        1.0101010101010102        306.55049638686808     
   1.4141414141414141        1.0606060606060606        306.55055306830860     
   1.4141414141414141        1.1111111111111112        306.55060811115112     
   1.4141414141414141        1.1616161616161615        306.55066154820645     
   1.4141414141414141        1.2121212121212122        306.55071341190506     
   1.4141414141414141        1.2626262626262625        306.55076373431785     
   1.4141414141414141        1.3131313131313131        306.55081254717385     
   1.4141414141414141        1.3636363636363635        306.55085988187653     
   1.4141414141414141        1.4141414141414141        306.55090576951716     
   1.4141414141414141        1.4646464646464648        306.55095024088530     
   1.4141414141414141        1.5151515151515151        306.55099332647751     
   1.4141414141414141        1.5656565656565657        306.55103505650283     
   1.4141414141414141        1.6161616161616161        306.55107546088647     
   1.4141414141414141        1.6666666666666667        306.55111456927165     
   1.4141414141414141        1.7171717171717171        306.55115241101913     
   1.4141414141414141        1.7676767676767677        306.55118901520569     
   1.4141414141414141        1.8181818181818181        306.55122441062088     
   1.4141414141414141        1.8686868686868687        306.55125862576239     
   1.4141414141414141        1.9191919191919191        306.55129168883121     
   1.4141414141414141        1.9696969696969697        306.55132362772468     
   1.4141414141414141        2.0202020202020203        306.55135447002982     
   1.4141414141414141        2.0707070707070705        306.55138424301560     
   1.4141414141414141        2.1212121212121211        306.55141297362496     
   1.4141414141414141        2.1717171717171717        306.55144068846619     
   1.4141414141414141        2.2222222222222223        306.55146741380463     
   1.4141414141414141        2.2727272727272729        306.55149317555356     
   1.4141414141414141        2.3232323232323231        306.55151799926534     
   1.4141414141414141        2.3737373737373737        306.55154191012264     
   1.4141414141414141        2.4242424242424243        306.55156493292958     
   1.4141414141414141        2.4747474747474749        306.55158709210315     
   1.4141414141414141        2.5252525252525251        306.55160841166446     
   1.4141414141414141        2.5757575757575757        306.55162891523076     
   1.4141414141414141        2.6262626262626263        306.55164862600708     
   1.4141414141414141        2.6767676767676769        306.55166756677886     
   1.4141414141414141        2.7272727272727271        306.55168575990416     
   1.4141414141414141        2.7777777777777777        306.55170322730692     
   1.4141414141414141        2.8282828282828283        306.55171999046991     
   1.4141414141414141        2.8787878787878789        306.55173607042849     
   1.4141414141414141        2.9292929292929295        306.55175148776488     
   1.4141414141414141        2.9797979797979797        306.55176626260197     
   1.4141414141414141        3.0303030303030303        306.55178041459885     
   1.4141414141414141        3.0808080808080809        306.55179396294562     
   1.4141414141414141        3.1313131313131315        306.55180692635895     
   1.4141414141414141        3.1818181818181817        306.55181932307818     
   1.4141414141414141        3.2323232323232323        306.55183117086176     
   1.4141414141414141        3.2828282828282829        306.55184248698390     
   1.4141414141414141        3.3333333333333335        306.55185328823200     
   1.4141414141414141        3.3838383838383836        306.55186359090351     
   1.4141414141414141        3.4343434343434343        306.55187341080455     
   1.4141414141414141        3.4848484848484849        306.55188276324748     
   1.4141414141414141        3.5353535353535355        306.55189166305001     
   1.4141414141414141        3.5858585858585861        306.55190012453363     
   1.4141414141414141        3.6363636363636362        306.55190816152287     
   1.4141414141414141        3.6868686868686869        306.55191578734474     
   1.4141414141414141        3.7373737373737375        306.55192301482856     
   1.4141414141414141        3.7878787878787881        306.55192985630583     
   1.4141414141414141        3.8383838383838382        306.55193632361033     
   1.4141414141414141        3.8888888888888888        306.55194242807880     
   1.4141414141414141        3.9393939393939394        306.55194818055139     
   1.4141414141414141        3.9898989898989901        306.55195359137252     
   1.4141414141414141        4.0404040404040407        306.55195867039208     
   1.4141414141414141        4.0909090909090908        306.55196342696632     
   1.4141414141414141        4.1414141414141410        306.55196786995941     
   1.4141414141414141        4.1919191919191920        306.55197200774484     
   1.4141414141414141        4.2424242424242422        306.55197584820706     
   1.4141414141414141        4.2929292929292933        306.55197939874324     
   1.4141414141414141        4.3434343434343434        306.55198266626468     
   1.4141414141414141        4.3939393939393936        306.55198565719922     
   1.4141414141414141        4.4444444444444446        306.55198837749282     
   1.4141414141414141        4.4949494949494948        306.55199083261175     
   1.4141414141414141        4.5454545454545459        306.55199302754465     
   1.4141414141414141        4.5959595959595960        306.55199496680456     
   1.4141414141414141        4.6464646464646462        306.55199665443121     
   1.4141414141414141        4.6969696969696972        306.55199809399295     
   1.4141414141414141        4.7474747474747474        306.55199928858929     
   1.4141414141414141        4.7979797979797976        306.55200024085286     
   1.4141414141414141        4.8484848484848486        306.55200095295169     
   1.4141414141414141        4.8989898989898988        306.55200142659146     
   1.4141414141414141        4.9494949494949498        306.55200166301762     
   1.4141414141414141        5.0000000000000000        306.55200166301768     

   1.5151515151515151        0.0000000000000000        306.44654107685415     
   1.5151515151515151        5.0505050505050504E-002   306.44654107685415     
   1.5151515151515151       0.10101010101010101        306.44660629497417     
   1.5151515151515151       0.15151515151515152        306.44669139345842     
   1.5151515151515151       0.20202020202020202        306.44678147869541     
   1.5151515151515151       0.25252525252525254        306.44687167299901     
   1.5151515151515151       0.30303030303030304        306.44696039310037     
   1.5151515151515151       0.35353535353535354        306.44704713966831     
   1.5151515151515151       0.40404040404040403        306.44713177057042     
   1.5151515151515151       0.45454545454545453        306.44721426187834     
   1.5151515151515151       0.50505050505050508        306.44729462913904     
   1.5151515151515151       0.55555555555555558        306.44737290130684     
   1.5151515151515151       0.60606060606060608        306.44744911199945     
   1.5151515151515151       0.65656565656565657        306.44752329647918     
   1.5151515151515151       0.70707070707070707        306.44759549054709     
   1.5151515151515151       0.75757575757575757        306.44766573009792     
   1.5151515151515151       0.80808080808080807        306.44773405091519     
   1.5151515151515151       0.85858585858585856        306.44780048856660     
   1.5151515151515151       0.90909090909090906        306.44786507834613     
   1.5151515151515151       0.95959595959595956        306.44792785524317     
   1.5151515151515151        1.0101010101010102        306.44798885392726     
   1.5151515151515151        1.0606060606060606        306.44804810874427     
   1.5151515151515151        1.1111111111111112        306.44810565371796     
   1.5151515151515151        1.1616161616161615        306.44816152255635     
   1.5151515151515151        1.2121212121212122        306.44821574865927     
   1.5151515151515151        1.2626262626262625        306.44826836512698     
   1.5151515151515151        1.3131313131313131        306.44831940476843     
   1.5151515151515151        1.3636363636363635        306.44836890010822     
   1.5151515151515151        1.4141414141414141        306.44841688339233     
   1.5151515151515151        1.4646464646464648        306.44846338659295     
   1.5151515151515151        1.5151515151515151        306.44850844141041     
   1.5151515151515151        1.5656565656565657        306.44855207927463     
   1.5151515151515151        1.6161616161616161        306.44859433134474     
   1.5151515151515151        1.6666666666666667        306.44863522850659     
   1.5151515151515151        1.7171717171717171        306.44867480136969     
   1.5151515151515151        1.7676767676767677        306.44871308026268     
   1.5151515151515151        1.8181818181818181        306.44875009522764     
   1.5151515151515151        1.8686868686868687        306.44878587601312     
   1.5151515151515151        1.9191919191919191        306.44882045206737     
   1.5151515151515151        1.9696969696969697        306.44885385252968     
   1.5151515151515151        2.0202020202020203        306.44888610622223     
   1.5151515151515151        2.0707070707070705        306.44891724164057     
   1.5151515151515151        2.1212121212121211        306.44894728694464     
   1.5151515151515151        2.1717171717171717        306.44897626994879     
   1.5151515151515151        2.2222222222222223        306.44900421811229     
   1.5151515151515151        2.2727272727272729        306.44903115852946     
   1.5151515151515151        2.3232323232323231        306.44905711791955     
   1.5151515151515151        2.3737373737373737        306.44908212261743     
   1.5151515151515151        2.4242424242424243        306.44910619856375     
   1.5151515151515151        2.4747474747474749        306.44912937129544     
   1.5151515151515151        2.5252525252525251        306.44915166593677     
   1.5151515151515151        2.5757575757575757        306.44917310719023     
   1.5151515151515151        2.6262626262626263        306.44919371932787     
   1.5151515151515151        2.6767676767676769        306.44921352618337     
   1.5151515151515151        2.7272727272727271        306.44923255114367     
   1.5151515151515151        2.7777777777777777        306.44925081714166     
   1.5151515151515151        2.8282828282828283        306.44926834664921     
   1.5151515151515151        2.8787878787878789        306.44928516167005     
   1.5151515151515151        2.9292929292929295        306.44930128373340     
   1.5151515151515151        2.9797979797979797        306.44931673388874     
   1.5151515151515151        3.0303030303030303        306.44933153269955     
   1.5151515151515151        3.0808080808080809        306.44934570023878     
   1.5151515151515151        3.1313131313131315        306.44935925608377     
   1.5151515151515151        3.1818181818181817        306.44937221931275     
   1.5151515151515151        3.2323232323232323        306.44938460850022     
   1.5151515151515151        3.2828282828282829        306.44939644171399     
   1.5151515151515151        3.3333333333333335        306.44940773651234     
   1.5151515151515151        3.3838383838383836        306.44941850994127     
   1.5151515151515151        3.4343434343434343        306.44942877853197     
   1.5151515151515151        3.4848484848484849        306.44943855829928     
   1.5151515151515151        3.5353535353535355        306.44944786474031     
   1.5151515151515151        3.5858585858585861        306.44945671283290     
   1.5151515151515151        3.6363636363636362        306.44946511703489     
   1.5151515151515151        3.6868686868686869        306.44947309128372     
   1.5151515151515151        3.7373737373737375        306.44948064899580     
   1.5151515151515151        3.7878787878787881        306.44948780306697     
   1.5151515151515151        3.8383838383838382        306.44949456587233     
   1.5151515151515151        3.8888888888888888        306.44950094926691     
   1.5151515151515151        3.9393939393939394        306.44950696458631     
   1.5151515151515151        3.9898989898989901        306.44951262264766     
   1.5151515151515151        4.0404040404040407        306.44951793375071     
   1.5151515151515151        4.0909090909090908        306.44952290767901     
   1.5151515151515151        4.1414141414141410        306.44952755370150     
   1.5151515151515151        4.1919191919191920        306.44953188057360     
   1.5151515151515151        4.2424242424242422        306.44953589653971     
   1.5151515151515151        4.2929292929292933        306.44953960933435     
   1.5151515151515151        4.3434343434343434        306.44954302618413     
   1.5151515151515151        4.3939393939393936        306.44954615380993     
   1.5151515151515151        4.4444444444444446        306.44954899842901     
   1.5151515151515151        4.4949494949494948        306.44955156575674     
   1.5151515151515151        4.5454545454545459        306.44955386100918     
   1.5151515151515151        4.5959595959595960        306.44955588890514     
   1.5151515151515151        4.6464646464646462        306.44955765366819     
   1.5151515151515151        4.6969696969696972        306.44955915902960     
   1.5151515151515151        4.7474747474747474        306.44956040822990     
   1.5151515151515151        4.7979797979797976        306.44956140402167     
   1.5151515151515151        4.8484848484848486        306.44956214867136     
   1.5151515151515151        4.8989898989898988        306.44956264396234     
   1.5151515151515151        4.9494949494949498        306.44956289119625     
   1.5151515151515151        5.0000000000000000        306.44956289119631     

   1.6161616161616161        0.0000000000000000        306.34417212918208     
   1.6161616161616161        5.0505050505050504E-002   306.34417212918208     
   1.6161616161616161       0.10101010101010101        306.34423958647898     
   1.6161616161616161       0.15151515151515152        306.34432766770681     
   1.6161616161616161       0.20202020202020202        306.34442095893809     
   1.6161616161616161       0.25252525252525254        306.34451440120972     
   1.6161616161616161       0.30303030303030304        306.34460634750002     
   1.6161616161616161       0.35353535353535354        306.34469627536441     
   1.6161616161616161       0.40404040404040403        306.34478403361300     
   1.6161616161616161       0.45454545454545453        306.34486959417563     
   1.6161616161616161       0.50505050505050508        306.34495297025859     
   1.6161616161616161       0.55555555555555558        306.34503418922873     
   1.6161616161616161       0.60606060606060608        306.34511328352340     
   1.6161616161616161       0.65656565656565657        306.34519028751595     
   1.6161616161616161       0.70707070707070707        306.34526523636782     
   1.6161616161616161       0.75757575757575757        306.34533816555984     
   1.6161616161616161       0.80808080808080807        306.34540911066892     
   1.6161616161616161       0.85858585858585856        306.34547810724433     
   1.6161616161616161       0.90909090909090906        306.34554519073049     
   1.6161616161616161       0.95959595959595956        306.34561039641721     
   1.6161616161616161        1.0101010101010102        306.34567375940566     
   1.6161616161616161        1.0606060606060606        306.34573531458807     
   1.6161616161616161        1.1111111111111112        306.34579509663308     
   1.6161616161616161        1.1616161616161615        306.34585313997860     
   1.6161616161616161        1.2121212121212122        306.34590947882691     
   1.6161616161616161        1.2626262626262625        306.34596414714218     
   1.6161616161616161        1.3131313131313131        306.34601717864876     
   1.6161616161616161        1.3636363636363635        306.34606860683067     
   1.6161616161616161        1.4141414141414141        306.34611846492942     
   1.6161616161616161        1.4646464646464648        306.34616678594227     
   1.6161616161616161        1.5151515151515151        306.34621360261934     
   1.6161616161616161        1.5656565656565657        306.34625894745972     
   1.6161616161616161        1.6161616161616161        306.34630285270686     
   1.6161616161616161        1.6666666666666667        306.34634535034252     
   1.6161616161616161        1.7171717171717171        306.34638647208050     
   1.6161616161616161        1.7676767676767677        306.34642624935901     
   1.6161616161616161        1.8181818181818181        306.34646471333247     
   1.6161616161616161        1.8686868686868687        306.34650189486263     
   1.6161616161616161        1.9191919191919191        306.34653782450908     
   1.6161616161616161        1.9696969696969697        306.34657253251936     
   1.6161616161616161        2.0202020202020203        306.34660604881884     
   1.6161616161616161        2.0707070707070705        306.34663840299987     
   1.6161616161616161        2.1212121212121211        306.34666962431123     
   1.6161616161616161        2.1717171717171717        306.34669974164746     
   1.6161616161616161        2.2222222222222223        306.34672878353746     
   1.6161616161616161        2.2727272727272729        306.34675677813408     
   1.6161616161616161        2.3232323232323231        306.34678375320306     
   1.6161616161616161        2.3737373737373737        306.34680973611279     
   1.6161616161616161        2.4242424242424243        306.34683475382349     
   1.6161616161616161        2.4747474747474749        306.34685883287739     
   1.6161616161616161        2.5252525252525251        306.34688199938859     
   1.6161616161616161        2.5757575757575757        306.34690427903382     
   1.6161616161616161        2.6262626262626263        306.34692569704316     
   1.6161616161616161        2.6767676767676769        306.34694627819096     
   1.6161616161616161        2.7272727272727271        306.34696604678788     
   1.6161616161616161        2.7777777777777777        306.34698502667271     
   1.6161616161616161        2.8282828282828283        306.34700324120485     
   1.6161616161616161        2.8787878787878789        306.34702071325700     
   1.6161616161616161        2.9292929292929295        306.34703746520893     
   1.6161616161616161        2.9797979797979797        306.34705351894087     
   1.6161616161616161        3.0303030303030303        306.34706889582816     
   1.6161616161616161        3.0808080808080809        306.34708361673552     
   1.6161616161616161        3.1313131313131315        306.34709770201283     
   1.6161616161616161        3.1818181818181817        306.34711117148993     
   1.6161616161616161        3.2323232323232323        306.34712404447345     
   1.6161616161616161        3.2828282828282829        306.34713633974275     
   1.6161616161616161        3.3333333333333335        306.34714807554724     
   1.6161616161616161        3.3838383838383836        306.34715926960331     
   1.6161616161616161        3.4343434343434343        306.34716993909234     
   1.6161616161616161        3.4848484848484849        306.34718010065848     
   1.6161616161616161        3.5353535353535355        306.34718977040740     
   1.6161616161616161        3.5858585858585861        306.34719896390482     
   1.6161616161616161        3.6363636363636362        306.34720769617570     
   1.6161616161616161        3.6868686868686869        306.34721598170398     
   1.6161616161616161        3.7373737373737375        306.34722383443182     
   1.6161616161616161        3.7878787878787881        306.34723126776004     
   1.6161616161616161        3.8383838383838382        306.34723829454816     
   1.6161616161616161        3.8888888888888888        306.34724492711507     
   1.6161616161616161        3.9393939393939394        306.34725117723968     
   1.6161616161616161        3.9898989898989901        306.34725705616188     
   1.6161616161616161        4.0404040404040407        306.34726257458397     
   1.6161616161616161        4.0909090909090908        306.34726774267148     
   1.6161616161616161        4.1414141414141410        306.34727257005517     
   1.6161616161616161        4.1919191919191920        306.34727706583254     
   1.6161616161616161        4.2424242424242422        306.34728123856934     
   1.6161616161616161        4.2929292929292933        306.34728509630185     
   1.6161616161616161        4.3434343434343434        306.34728864653857     
   1.6161616161616161        4.3939393939393936        306.34729189626233     
   1.6161616161616161        4.4444444444444446        306.34729485193287     
   1.6161616161616161        4.4949494949494948        306.34729751948828     
   1.6161616161616161        4.5454545454545459        306.34729990434789     
   1.6161616161616161        4.5959595959595960        306.34730201141446     
   1.6161616161616161        4.6464646464646462        306.34730384507611     
   1.6161616161616161        4.6969696969696972        306.34730540920958     
   1.6161616161616161        4.7474747474747474        306.34730670718147     
   1.6161616161616161        4.7979797979797976        306.34730774185164     
   1.6161616161616161        4.8484848484848486        306.34730851557487     
   1.6161616161616161        4.8989898989898988        306.34730903020386     
   1.6161616161616161        4.9494949494949498        306.34730928709087     
   1.6161616161616161        5.0000000000000000        306.34730928709087     

   1.7171717171717171        0.0000000000000000        306.24200968166099     
   1.7171717171717171        5.0505050505050504E-002   306.24200968166099     
   1.7171717171717171       0.10101010101010101        306.24207908386387     
   1.7171717171717171       0.15151515151515152        306.24216976130464     
   1.7171717171717171       0.20202020202020202        306.24226584647471     
   1.7171717171717171       0.25252525252525254        306.24236212131154     
   1.7171717171717171       0.30303030303030304        306.24245688255337     
   1.7171717171717171       0.35353535353535354        306.24254958732223     
   1.7171717171717171       0.40404040404040403        306.24264007644086     
   1.7171717171717171       0.45454545454545453        306.24272831820662     
   1.7171717171717171       0.50505050505050508        306.24281432377262     
   1.7171717171717171       0.55555555555555558        306.24289811909540     
   1.7171717171717171       0.60606060606060608        306.24297973553581     
   1.7171717171717171       0.65656565656565657        306.24305920662505     
   1.7171717171717171       0.70707070707070707        306.24313656688412     
   1.7171717171717171       0.75757575757575757        306.24321185134016     
   1.7171717171717171       0.80808080808080807        306.24328509529164     
   1.7171717171717171       0.85858585858585856        306.24335633417201     
   1.7171717171717171       0.90909090909090906        306.24342560345929     
   1.7171717171717171       0.95959595959595956        306.24349293861167     
   1.7171717171717171        1.0101010101010102        306.24355837501963     
   1.7171717171717171        1.0606060606060606        306.24362194797141     
   1.7171717171717171        1.1111111111111112        306.24368369262567     
   1.7171717171717171        1.1616161616161615        306.24374364399182     
   1.7171717171717171        1.2121212121212122        306.24380183691466     
   1.7171717171717171        1.2626262626262625        306.24385830606195     
   1.7171717171717171        1.3131313131313131        306.24391308591402     
   1.7171717171717171        1.3636363636363635        306.24396621075476     
   1.7171717171717171        1.4141414141414141        306.24401771466370     
   1.7171717171717171        1.4646464646464648        306.24406763150728     
   1.7171717171717171        1.5151515151515151        306.24411599493095     
   1.7171717171717171        1.5656565656565657        306.24416283835052     
   1.7171717171717171        1.6161616161616161        306.24420819494316     
   1.7171717171717171        1.6666666666666667        306.24425209763803     
   1.7171717171717171        1.7171717171717171        306.24429457910662     
   1.7171717171717171        1.7676767676767677        306.24433567175191     
   1.7171717171717171        1.8181818181818181        306.24437540769804     
   1.7171717171717171        1.8686868686868687        306.24441381877881     
   1.7171717171717171        1.9191919191919191        306.24445093652639     
   1.7171717171717171        1.9696969696969697        306.24448679215931     
   1.7171717171717171        2.0202020202020203        306.24452141657076     
   1.7171717171717171        2.0707070707070705        306.24455484031637     
   1.7171717171717171        2.1212121212121211        306.24458709360238     
   1.7171717171717171        2.1717171717171717        306.24461820627317     
   1.7171717171717171        2.2222222222222223        306.24464820779934     
   1.7171717171717171        2.2727272727272729        306.24467712726624     
   1.7171717171717171        2.3232323232323231        306.24470499336161     
   1.7171717171717171        2.3737373737373737        306.24473183436481     
   1.7171717171717171        2.4242424242424243        306.24475767813499     
   1.7171717171717171        2.4747474747474749        306.24478255210079     
   1.7171717171717171        2.5252525252525251        306.24480648324959     
   1.7171717171717171        2.5757575757575757        306.24482949811716     
   1.7171717171717171        2.6262626262626263        306.24485162277841     
   1.7171717171717171        2.6767676767676769        306.24487288283774     
   1.7171717171717171        2.7272727272727271        306.24489330342050     
   1.7171717171717171        2.7777777777777777        306.24491290916421     
   1.7171717171717171        2.8282828282828283        306.24493172421114     
   1.7171717171717171        2.8787878787878789        306.24494977220013     
   1.7171717171717171        2.9292929292929295        306.24496707626065     
   1.7171717171717171        2.9797979797979797        306.24498365900541     
   1.7171717171717171        3.0303030303030303        306.24499954252502     
   1.7171717171717171        3.0808080808080809        306.24501474838223     
   1.7171717171717171        3.1313131313131315        306.24502929760689     
   1.7171717171717171        3.1818181818181817        306.24504321069134     
   1.7171717171717171        3.2323232323232323        306.24505650758670     
   1.7171717171717171        3.2828282828282829        306.24506920769875     
   1.7171717171717171        3.3333333333333335        306.24508132988512     
   1.7171717171717171        3.3838383838383836        306.24509289245248     
   1.7171717171717171        3.4343434343434343        306.24510391315380     
   1.7171717171717171        3.4848484848484849        306.24511440918678     
   1.7171717171717171        3.5353535353535355        306.24512439719234     
   1.7171717171717171        3.5858585858585861        306.24513389325296     
   1.7171717171717171        3.6363636363636362        306.24514291289222     
   1.7171717171717171        3.6868686868686869        306.24515147107405     
   1.7171717171717171        3.7373737373737375        306.24515958220269     
   1.7171717171717171        3.7878787878787881        306.24516726012246     
   1.7171717171717171        3.8383838383838382        306.24517451811835     
   1.7171717171717171        3.8888888888888888        306.24518136891635     
   1.7171717171717171        3.9393939393939394        306.24518782468465     
   1.7171717171717171        3.9898989898989901        306.24519389703431     
   1.7171717171717171        4.0404040404040407        306.24519959702053     
   1.7171717171717171        4.0909090909090908        306.24520493514433     
   1.7171717171717171        4.1414141414141410        306.24520992135393     
   1.7171717171717171        4.1919191919191920        306.24521456504658     
   1.7171717171717171        4.2424242424242422        306.24521887507012     
   1.7171717171717171        4.2929292929292933        306.24522285972540     
   1.7171717171717171        4.3434343434343434        306.24522652676814     
   1.7171717171717171        4.3939393939393936        306.24522988341090     
   1.7171717171717171        4.4444444444444446        306.24523293632592     
   1.7171717171717171        4.4949494949494948        306.24523569164671     
   1.7171717171717171        4.5454545454545459        306.24523815497071     
   1.7171717171717171        4.5959595959595960        306.24524033136203     
   1.7171717171717171        4.6464646464646462        306.24524222535314     
   1.7171717171717171        4.6969696969696972        306.24524384094815     
   1.7171717171717171        4.7474747474747474        306.24524518162468     
   1.7171717171717171        4.7979797979797976        306.24524625033649     
   1.7171717171717171        4.8484848484848486        306.24524704951591     
   1.7171717171717171        4.8989898989898988        306.24524758107651     
   1.7171717171717171        4.9494949494949498        306.24524784641523     
   1.7171717171717171        5.0000000000000000        306.24524784641523     

   1.8181818181818181        0.0000000000000000        306.14006031874055     
   1.8181818181818181        5.0505050505050504E-002   306.14006031874055     
   1.8181818181818181       0.10101010101010101        306.14013136402394     
   1.8181818181818181       0.15151515151515152        306.14022424130781     
   1.8181818181818181       0.20202020202020202        306.14032269803721     
   1.8181818181818181       0.25252525252525254        306.14042137980107     
   1.8181818181818181       0.30303030303030304        306.14051853475445     
   1.8181818181818181       0.35353535353535354        306.14061360226566     
   1.8181818181818181       0.40404040404040403        306.14070641619628     
   1.8181818181818181       0.45454545454545453        306.14079694167270     
   1.8181818181818181       0.50505050505050508        306.14088518804431     
   1.8181818181818181       0.55555555555555558        306.14097118000763     
   1.8181818181818181       0.60606060606060608        306.14105494793586     
   1.8181818181818181       0.65656565656565657        306.14113652456035     
   1.8181818181818181       0.70707070707070707        306.14121594376383     
   1.8181818181818181       0.75757575757575757        306.14129324008769     
   1.8181818181818181       0.80808080808080807        306.14136844849145     
   1.8181818181818181       0.85858585858585856        306.14144160420835     
   1.8181818181818181       0.90909090909090906        306.14151274264634     
   1.8181818181818181       0.95959595959595956        306.14158189931345     
   1.8181818181818181        1.0101010101010102        306.14164910975899     
   1.8181818181818181        1.0606060606060606        306.14171440952799     
   1.8181818181818181        1.1111111111111112        306.14177783412333     
   1.8181818181818181        1.1616161616161615        306.14183941897625     
   1.8181818181818181        1.2121212121212122        306.14189919942100     
   1.8181818181818181        1.2626262626262625        306.14195721067409     
   1.8181818181818181        1.3131313131313131        306.14201348781597     
   1.8181818181818181        1.3636363636363635        306.14206806577522     
   1.8181818181818181        1.4141414141414141        306.14212097931357     
   1.8181818181818181        1.4646464646464648        306.14217226301207     
   1.8181818181818181        1.5151515151515151        306.14222195125791     
   1.8181818181818181        1.5656565656565657        306.14227007823109     
   1.8181818181818181        1.6161616161616161        306.14231667789153     
   1.8181818181818181        1.6666666666666667        306.14236178396635     
   1.8181818181818181        1.7171717171717171        306.14240542993639     
   1.8181818181818181        1.7676767676767677        306.14244764902327     
   1.8181818181818181        1.8181818181818181        306.14248847417576     
   1.8181818181818181        1.8686868686868687        306.14252793805673     
   1.8181818181818181        1.9191919191919191        306.14256607302917     
   1.8181818181818181        1.9696969696969697        306.14260291114283     
   1.8181818181818181        2.0202020202020203        306.14263848412071     
   1.8181818181818181        2.0707070707070705        306.14267282334515     
   1.8181818181818181        2.1212121212121211        306.14270595984493     
   1.8181818181818181        2.1717171717171717        306.14273792428156     
   1.8181818181818181        2.2222222222222223        306.14276874693610     
   1.8181818181818181        2.2727272727272729        306.14279845769664     
   1.8181818181818181        2.3232323232323231        306.14282708604554     
   1.8181818181818181        2.3737373737373737        306.14285466104712     
   1.8181818181818181        2.4242424242424243        306.14288121133558     
   1.8181818181818181        2.4747474747474749        306.14290676510393     
   1.8181818181818181        2.5252525252525251        306.14293135009234     
   1.8181818181818181        2.5757575757575757        306.14295499357775     
   1.8181818181818181        2.6262626262626263        306.14297772236370     
   1.8181818181818181        2.6767676767676769        306.14299956277023     
   1.8181818181818181        2.7272727272727271        306.14302054062500     
   1.8181818181818181        2.7777777777777777        306.14304068125432     
   1.8181818181818181        2.8282828282828283        306.14306000947511     
   1.8181818181818181        2.8787878787878789        306.14307854958685     
   1.8181818181818181        2.9292929292929295        306.14309632536464     
   1.8181818181818181        2.9797979797979797        306.14311336005238     
   1.8181818181818181        3.0303030303030303        306.14312967635652     
   1.8181818181818181        3.0808080808080809        306.14314529644059     
   1.8181818181818181        3.1313131313131315        306.14316024191993     
   1.8181818181818181        3.1818181818181817        306.14317453385689     
   1.8181818181818181        3.2323232323232323        306.14318819275690     
   1.8181818181818181        3.2828282828282829        306.14320123856430     
   1.8181818181818181        3.3333333333333335        306.14321369065959     
   1.8181818181818181        3.3838383838383836        306.14322556785652     
   1.8181818181818181        3.4343434343434343        306.14323688839914     
   1.8181818181818181        3.4848484848484849        306.14324766996060     
   1.8181818181818181        3.5353535353535355        306.14325792964115     
   1.8181818181818181        3.5858585858585861        306.14326768396688     
   1.8181818181818181        3.6363636363636362        306.14327694888891     
   1.8181818181818181        3.6868686868686869        306.14328573978310     
   1.8181818181818181        3.7373737373737375        306.14329407144959     
   1.8181818181818181        3.7878787878787881        306.14330195811289     
   1.8181818181818181        3.8383838383838382        306.14330941342251     
   1.8181818181818181        3.8888888888888888        306.14331645045343     
   1.8181818181818181        3.9393939393939394        306.14332308170702     
   1.8181818181818181        3.9898989898989901        306.14332931911201     
   1.8181818181818181        4.0404040404040407        306.14333517402599     
   1.8181818181818181        4.0909090909090908        306.14334065723693     
   1.8181818181818181        4.1414141414141410        306.14334577896454     
   1.8181818181818181        4.1919191919191920        306.14335054886249     
   1.8181818181818181        4.2424242424242422        306.14335497602013     
   1.8181818181818181        4.2929292929292933        306.14335906896446     
   1.8181818181818181        4.3434343434343434        306.14336283566257     
   1.8181818181818181        4.3939393939393936        306.14336628352362     
   1.8181818181818181        4.4444444444444446        306.14336941940127     
   1.8181818181818181        4.4949494949494948        306.14337224959615     
   1.8181818181818181        4.5454545454545459        306.14337477985828     
   1.8181818181818181        4.5959595959595960        306.14337701538943     
   1.8181818181818181        4.6464646464646462        306.14337896084561     
   1.8181818181818181        4.6969696969696972        306.14338062033994     
   1.8181818181818181        4.7474747474747474        306.14338199744492     
   1.8181818181818181        4.7979797979797976        306.14338309519468     
   1.8181818181818181        4.8484848484848486        306.14338391608817     
   1.8181818181818181        4.8989898989898988        306.14338446209109     
   1.8181818181818181        4.9494949494949498        306.14338473463886     
   1.8181818181818181        5.0000000000000000        306.14338473463891     

   1.9191919191919191        0.0000000000000000        306.03832970940215     
   1.9191919191919191        5.0505050505050504E-002   306.03832970940215     
   1.9191919191919191       0.10101010101010101        306.03840208953994     
   1.9191919191919191       0.15151515151515152        306.03849676192334     
   1.9191919191919191       0.20202020202020202        306.03859715902041     
   1.9191919191919191       0.25252525252525254        306.03869781332446     
   1.9191919191919191       0.30303030303030304        306.03879693219960     
   1.9191919191919191       0.35353535353535354        306.03889393994712     
   1.9191919191919191       0.40404040404040403        306.03898866446298     
   1.9191919191919191       0.45454545454545453        306.03908106812548     
   1.9191919191919191       0.50505050505050508        306.03917115869581     
   1.9191919191919191       0.55555555555555558        306.03925895973583     
   1.9191919191919191       0.60606060606060608        306.03934450070443     
   1.9191919191919191       0.65656565656565657        306.03942781356687     
   1.9191919191919191       0.70707070707070707        306.03950893156843     
   1.9191919191919191       0.75757575757575757        306.03958788873643     
   1.9191919191919191       0.80808080808080807        306.03966471963747     
   1.9191919191919191       0.85858585858585856        306.03973945922922     
   1.9191919191919191       0.90909090909090906        306.03981214275598     
   1.9191919191919191       0.95959595959595956        306.03988280566676     
   1.9191919191919191        1.0101010101010102        306.03995148354932     
   1.9191919191919191        1.0606060606060606        306.04001821207532     
   1.9191919191919191        1.1111111111111112        306.04008302695502     
   1.9191919191919191        1.1616161616161615        306.04014596389845     
   1.9191919191919191        1.2121212121212122        306.04020705858278     
   1.9191919191919191        1.2626262626262625        306.04026634662392     
   1.9191919191919191        1.3131313131313131        306.04032386355129     
   1.9191919191919191        1.3636363636363635        306.04037964478567     
   1.9191919191919191        1.4141414141414141        306.04043372561836     
   1.9191919191919191        1.4646464646464648        306.04048614119216     
   1.9191919191919191        1.5151515151515151        306.04053692648347     
   1.9191919191919191        1.5656565656565657        306.04058611628489     
   1.9191919191919191        1.6161616161616161        306.04063374518819     
   1.9191919191919191        1.6666666666666667        306.04067984756824     
   1.9191919191919191        1.7171717171717171        306.04072445756674     
   1.9191919191919191        1.7676767676767677        306.04076760907617     
   1.9191919191919191        1.8181818181818181        306.04080933572396     
   1.9191919191919191        1.8686868686868687        306.04084967085714     
   1.9191919191919191        1.9191919191919191        306.04088864752617     
   1.9191919191919191        1.9696969696969697        306.04092629847014     
   1.9191919191919191        2.0202020202020203        306.04096265610144     
   1.9191919191919191        2.0707070707070705        306.04099775249045     
   1.9191919191919191        2.1212121212121211        306.04103161935137     
   1.9191919191919191        2.1717171717171717        306.04106428802720     
   1.9191919191919191        2.2222222222222223        306.04109578947566     
   1.9191919191919191        2.2727272727272729        306.04112615425566     
   1.9191919191919191        2.3232323232323231        306.04115541251360     
   1.9191919191919191        2.3737373737373737        306.04118359397040     
   1.9191919191919191        2.4242424242424243        306.04121072790855     
   1.9191919191919191        2.4747474747474749        306.04123684316050     
   1.9191919191919191        2.5252525252525251        306.04126196809642     
   1.9191919191919191        2.5757575757575757        306.04128613061334     
   1.9191919191919191        2.6262626262626263        306.04130935812418     
   1.9191919191919191        2.6767676767676769        306.04133167754804     
   1.9191919191919191        2.7272727272727271        306.04135311529984     
   1.9191919191919191        2.7777777777777777        306.04137369728193     
   1.9191919191919191        2.8282828282828283        306.04139344887517     
   1.9191919191919191        2.8787878787878789        306.04141239493094     
   1.9191919191919191        2.9292929292929295        306.04143055976391     
   1.9191919191919191        2.9797979797979797        306.04144796714485     
   1.9191919191919191        3.0303030303030303        306.04146464029435     
   1.9191919191919191        3.0808080808080809        306.04148060187731     
   1.9191919191919191        3.1313131313131315        306.04149587399712     
   1.9191919191919191        3.1818181818181817        306.04151047819136     
   1.9191919191919191        3.2323232323232323        306.04152443542722     
   1.9191919191919191        3.2828282828282829        306.04153776609763     
   1.9191919191919191        3.3333333333333335        306.04155049001849     
   1.9191919191919191        3.3838383838383836        306.04156262642505     
   1.9191919191919191        3.4343434343434343        306.04157419397012     
   1.9191919191919191        3.4848484848484849        306.04158521072168     
   1.9191919191919191        3.5353535353535355        306.04159569416174     
   1.9191919191919191        3.5858585858585861        306.04160566118463     
   1.9191919191919191        3.6363636363636362        306.04161512809640     
   1.9191919191919191        3.6868686868686869        306.04162411061446     
   1.9191919191919191        3.7373737373737375        306.04163262386737     
   1.9191919191919191        3.7878787878787881        306.04164068239487     
   1.9191919191919191        3.8383838383838382        306.04164830014844     
   1.9191919191919191        3.8888888888888888        306.04165549049173     
   1.9191919191919191        3.9393939393939394        306.04166226620214     
   1.9191919191919191        3.9898989898989901        306.04166863947137     
   1.9191919191919191        4.0404040404040407        306.04167462190708     
   1.9191919191919191        4.0909090909090908        306.04168022453439     
   1.9191919191919191        4.1414141414141410        306.04168545779771     
   1.9191919191919191        4.1919191919191920        306.04169033156256     
   1.9191919191919191        4.2424242424242422        306.04169485511773     
   1.9191919191919191        4.2929292929292933        306.04169903717712     
   1.9191919191919191        4.3434343434343434        306.04170288588244     
   1.9191919191919191        4.3939393939393936        306.04170640880506     
   1.9191919191919191        4.4444444444444446        306.04170961294875     
   1.9191919191919191        4.4949494949494948        306.04171250475196     
   1.9191919191919191        4.5454545454545459        306.04171509009069     
   1.9191919191919191        4.5959595959595960        306.04171737428049     
   1.9191919191919191        4.6464646464646462        306.04171936207950     
   1.9191919191919191        4.6969696969696972        306.04172105769084     
   1.9191919191919191        4.7474747474747474        306.04172246476526     
   1.9191919191919191        4.7979797979797976        306.04172358640375     
   1.9191919191919191        4.8484848484848486        306.04172442516011     
   1.9191919191919191        4.8989898989898988        306.04172498304365     
   1.9191919191919191        4.9494949494949498        306.04172526152155     
   1.9191919191919191        5.0000000000000000        306.04172526152155     

   2.0202020202020203        0.0000000000000000        305.93682258357859     
   2.0202020202020203        5.0505050505050504E-002   305.93682258357859     
   2.0202020202020203       0.10101010101010101        305.93689598514356     
   2.0202020202020203       0.15151515151515152        305.93699204104615     
   2.0202020202020203       0.20202020202020202        305.93709394010574     
   2.0202020202020203       0.25252525252525254        305.93719612539394     
   2.0202020202020203       0.30303030303030304        305.93729677139441     
   2.0202020202020203       0.35353535353535354        305.93739529004097     
   2.0202020202020203       0.40404040404040403        305.93749150423588     
   2.0202020202020203       0.45454545454545453        305.93758537400169     
   2.0202020202020203       0.50505050505050508        305.93767690569803     
   2.0202020202020203       0.55555555555555558        305.93776612185485     
   2.0202020202020203       0.60606060606060608        305.93785305107434     
   2.0202020202020203       0.65656565656565657        305.93793772458014     
   2.0202020202020203       0.70707070707070707        305.93802017497671     
   2.0202020202020203       0.75757575757575757        305.93810043574973     
   2.0202020202020203       0.80808080808080807        305.93817854102230     
   2.0202020202020203       0.85858585858585856        305.93825452540699     
   2.0202020202020203       0.90909090909090906        305.93832842389759     
   2.0202020202020203       0.95959595959595956        305.93840027178373     
   2.0202020202020203        1.0101010101010102        305.93847010457858     
   2.0202020202020203        1.0606060606060606        305.93853795795860     
   2.0202020202020203        1.1111111111111112        305.93860386771098     
   2.0202020202020203        1.1616161616161615        305.93866786968886     
   2.0202020202020203        1.2121212121212122        305.93872999977140     
   2.0202020202020203        1.2626262626262625        305.93879029382958     
   2.0202020202020203        1.3131313131313131        305.93884878769478     
   2.0202020202020203        1.3636363636363635        305.93890551713127     
   2.0202020202020203        1.4141414141414141        305.93896051781019     
   2.0202020202020203        1.4646464646464648        305.93901382528543     
   2.0202020202020203        1.5151515151515151        305.93906547497193     
   2.0202020202020203        1.5656565656565657        305.93911550212414     
   2.0202020202020203        1.6161616161616161        305.93916394181559     
   2.0202020202020203        1.6666666666666667        305.93921082891922     
   2.0202020202020203        1.7171717171717171        305.93925619808857     
   2.0202020202020203        1.7676767676767677        305.93930008373906     
   2.0202020202020203        1.8181818181818181        305.93934252002987     
   2.0202020202020203        1.8686868686868687        305.93938354084628     
   2.0202020202020203        1.9191919191919191        305.93942317978178     
   2.0202020202020203        1.9696969696969697        305.93946147012167     
   2.0202020202020203        2.0202020202020203        305.93949844482557     
   2.0202020202020203        2.0707070707070705        305.93953413651172     
   2.0202020202020203        2.1212121212121211        305.93956857744064     
   2.0202020202020203        2.1717171717171717        305.93960179949954     
   2.0202020202020203        2.2222222222222223        305.93963383418702     
   2.0202020202020203        2.2727272727272729        305.93966471259864     
   2.0202020202020203        2.3232323232323231        305.93969446541252     
   2.0202020202020203        2.3737373737373737        305.93972312287519     
   2.0202020202020203        2.4242424242424243        305.93975071478883     
   2.0202020202020203        2.4747474747474749        305.93977727049810     
   2.0202020202020203        2.5252525252525251        305.93980281887826     
   2.0202020202020203        2.5757575757575757        305.93982738832295     
   2.0202020202020203        2.6262626262626263        305.93985100673382     
   2.0202020202020203        2.6767676767676769        305.93987370150904     
   2.0202020202020203        2.7272727272727271        305.93989549953426     
   2.0202020202020203        2.7777777777777777        305.93991642717259     
   2.0202020202020203        2.8282828282828283        305.93993651025596     
   2.0202020202020203        2.8787878787878789        305.93995577407708     
   2.0202020202020203        2.9292929292929295        305.93997424338158     
   2.0202020202020203        2.9797979797979797        305.93999194236113     
   2.0202020202020203        3.0303030303030303        305.94000889464644     
   2.0202020202020203        3.0808080808080809        305.94002512330206     
   2.0202020202020203        3.1313131313131315        305.94004065082055     
   2.0202020202020203        3.1818181818181817        305.94005549911765     
   2.0202020202020203        3.2323232323232323        305.94006968952795     
   2.0202020202020203        3.2828282828282829        305.94008324280111     
   2.0202020202020203        3.3333333333333335        305.94009617909853     
   2.0202020202020203        3.3838383838383836        305.94010851799050     
   2.0202020202020203        3.4343434343434343        305.94012027845366     
   2.0202020202020203        3.4848484848484849        305.94013147886926     
   2.0202020202020203        3.5353535353535355        305.94014213702121     
   2.0202020202020203        3.5858585858585861        305.94015227009544     
   2.0202020202020203        3.6363636363636362        305.94016189467874     
   2.0202020202020203        3.6868686868686869        305.94017102675826     
   2.0202020202020203        3.7373737373737375        305.94017968172187     
   2.0202020202020203        3.7878787878787881        305.94018787435795     
   2.0202020202020203        3.8383838383838382        305.94019561885602     
   2.0202020202020203        3.8888888888888888        305.94020292880748     
   2.0202020202020203        3.9393939393939394        305.94020981720695     
   2.0202020202020203        3.9898989898989901        305.94021629645295     
   2.0202020202020203        4.0404040404040407        305.94022237834992     
   2.0202020202020203        4.0909090909090908        305.94022807410954     
   2.0202020202020203        4.1414141414141410        305.94023339435262     
   2.0202020202020203        4.1919191919191920        305.94023834911116     
   2.0202020202020203        4.2424242424242422        305.94024294783054     
   2.0202020202020203        4.2929292929292933        305.94024719937141     
   2.0202020202020203        4.3434343434343434        305.94025111201239     
   2.0202020202020203        4.3939393939393936        305.94025469345218     
   2.0202020202020203        4.4444444444444446        305.94025795081222     
   2.0202020202020203        4.4949494949494948        305.94026089063919     
   2.0202020202020203        4.5454545454545459        305.94026351890773     
   2.0202020202020203        4.5959595959595960        305.94026584102289     
   2.0202020202020203        4.6464646464646462        305.94026786182275     
   2.0202020202020203        4.6969696969696972        305.94026958558123     
   2.0202020202020203        4.7474747474747474        305.94027101601068     
   2.0202020202020203        4.7979797979797976        305.94027215626454     
   2.0202020202020203        4.8484848484848486        305.94027300893993     
   2.0202020202020203        4.8989898989898988        305.94027357608041     
   2.0202020202020203        4.9494949494949498        305.94027385917860     
   2.0202020202020203        5.0000000000000000        305.94027385917866     

   2.1212121212121211        0.0000000000000000        305.83554271249773     
   2.1212121212121211        5.0505050505050504E-002   305.83554271249773     
   2.1212121212121211       0.10101010101010101        305.83561681809624     
   2.1212121212121211       0.15151515151515152        305.83571384069216     
   2.1212121212121211       0.20202020202020202        305.83581679775921     
   2.1212121212121211       0.25252525252525254        305.83592006695613     
   2.1212121212121211       0.30303030303030304        305.83602179789483     
   2.1212121212121211       0.35353535353535354        305.83612139285231     
   2.1212121212121211       0.40404040404040403        305.83621867069212     
   2.1212121212121211       0.45454545454545453        305.83631358944831     
   2.1212121212121211       0.50505050505050508        305.83640615424201     
   2.1212121212121211       0.55555555555555558        305.83649638665423     
   2.1212121212121211       0.60606060606060608        305.83658431447270     
   2.1212121212121211       0.65656565656565657        305.83666996819466     
   2.1212121212121211       0.70707070707070707        305.83675337977542     
   2.1212121212121211       0.75757575757575757        305.83683458212897     
   2.1212121212121211       0.80808080808080807        305.83691360888645     
   2.1212121212121211       0.85858585858585856        305.83699049424888     
   2.1212121212121211       0.90909090909090906        305.83706527287825     
   2.1212121212121211       0.95959595959595956        305.83713797980960     
   2.1212121212121211        1.0101010101010102        305.83720865037566     
   2.1212121212121211        1.0606060606060606        305.83727732014148     
   2.1212121212121211        1.1111111111111112        305.83734402484777     
   2.1212121212121211        1.1616161616161615        305.83740880036004     
   2.1212121212121211        1.2121212121212122        305.83747168262443     
   2.1212121212121211        1.2626262626262625        305.83753270762736     
   2.1212121212121211        1.3131313131313131        305.83759191135965     
   2.1212121212121211        1.3636363636363635        305.83764932978386     
   2.1212121212121211        1.4141414141414141        305.83770499880404     
   2.1212121212121211        1.4646464646464648        305.83775895423747     
   2.1212121212121211        1.5151515151515151        305.83781123178892     
   2.1212121212121211        1.5656565656565657        305.83786186702571     
   2.1212121212121211        1.6161616161616161        305.83791089535379     
   2.1212121212121211        1.6666666666666667        305.83795835199538     
   2.1212121212121211        1.7171717171717171        305.83800427196758     
   2.1212121212121211        1.7676767676767677        305.83804869006093     
   2.1212121212121211        1.8181818181818181        305.83809164081930     
   2.1212121212121211        1.8686868686868687        305.83813315852001     
   2.1212121212121211        1.9191919191919191        305.83817327715457     
   2.1212121212121211        1.9696969696969697        305.83821203041020     
   2.1212121212121211        2.0202020202020203        305.83824945165139     
   2.1212121212121211        2.0707070707070705        305.83828557390257     
   2.1212121212121211        2.1212121212121211        305.83832042983045     
   2.1212121212121211        2.1717171717171717        305.83835405172772     
   2.1212121212121211        2.2222222222222223        305.83838647149690     
   2.1212121212121211        2.2727272727272729        305.83841772063448     
   2.1212121212121211        2.3232323232323231        305.83844783021624     
   2.1212121212121211        2.3737373737373737        305.83847683088254     
   2.1212121212121211        2.4242424242424243        305.83850475282435     
   2.1212121212121211        2.4747474747474749        305.83853162577037     
   2.1212121212121211        2.5252525252525251        305.83855747897366     
   2.1212121212121211        2.5757575757575757        305.83858234119998     
   2.1212121212121211        2.6262626262626263        305.83860624071627     
   2.1212121212121211        2.6767676767676769        305.83862920527963     
   2.1212121212121211        2.7272727272727271        305.83865126212703     
   2.1212121212121211        2.7777777777777777        305.83867243796578     
   2.1212121212121211        2.8282828282828283        305.83869275896456     
   2.1212121212121211        2.8787878787878789        305.83871225074478     
   2.1212121212121211        2.9292929292929295        305.83873093837315     
   2.1212121212121211        2.9797979797979797        305.83874884635389     
   2.1212121212121211        3.0303030303030303        305.83876599862293     
   2.1212121212121211        3.0808080808080809        305.83878241854109     
   2.1212121212121211        3.1313131313131315        305.83879812888915     
   2.1212121212121211        3.1818181818181817        305.83881315186272     
   2.1212121212121211        3.2323232323232323        305.83882750906787     
   2.1212121212121211        3.2828282828282829        305.83884122151761     
   2.1212121212121211        3.3333333333333335        305.83885430962789     
   2.1212121212121211        3.3838383838383836        305.83886679321546     
   2.1212121212121211        3.4343434343434343        305.83887869149504     
   2.1212121212121211        3.4848484848484849        305.83889002307751     
   2.1212121212121211        3.5353535353535355        305.83890080596842     
   2.1212121212121211        3.5858585858585861        305.83891105756675     
   2.1212121212121211        3.6363636363636362        305.83892079466449     
   2.1212121212121211        3.6868686868686869        305.83893003344582     
   2.1212121212121211        3.7373737373737375        305.83893878948771     
   2.1212121212121211        3.7878787878787881        305.83894707775926     
   2.1212121212121211        3.8383838383838382        305.83895491262331     
   2.1212121212121211        3.8888888888888888        305.83896230783671     
   2.1212121212121211        3.9393939393939394        305.83896927655144     
   2.1212121212121211        3.9898989898989901        305.83897583131613     
   2.1212121212121211        4.0404040404040407        305.83898198407758     
   2.1212121212121211        4.0909090909090908        305.83898774618240     
   2.1212121212121211        4.1414141414141410        305.83899312837889     
   2.1212121212121211        4.1919191919191920        305.83899814081946     
   2.1212121212121211        4.2424242424242422        305.83900279306215     
   2.1212121212121211        4.2929292929292933        305.83900709407362     
   2.1212121212121211        4.3434343434343434        305.83901105223123     
   2.1212121212121211        4.3939393939393936        305.83901467532530     
   2.1212121212121211        4.4444444444444446        305.83901797056222     
   2.1212121212121211        4.4949494949494948        305.83902094456653     
   2.1212121212121211        4.5454545454545459        305.83902360338396     
   2.1212121212121211        4.5959595959595960        305.83902595248406     
   2.1212121212121211        4.6464646464646462        305.83902799676252     
   2.1212121212121211        4.6969696969696972        305.83902974054445     
   2.1212121212121211        4.7474747474747474        305.83903118758661     
   2.1212121212121211        4.7979797979797976        305.83903234108050     
   2.1212121212121211        4.8484848484848486        305.83903320365471     
   2.1212121212121211        4.8989898989898988        305.83903377737784     
   2.1212121212121211        4.9494949494949498        305.83903406376129     
   2.1212121212121211        5.0000000000000000        305.83903406376135     

   2.2222222222222223        0.0000000000000000        305.73449289300959     
   2.2222222222222223        5.0505050505050504E-002   305.73449289300959     
   2.2222222222222223       0.10101010101010101        305.73456738254151     
   2.2222222222222223       0.15151515151515152        305.73466495139121     
   2.2222222222222223       0.20202020202020202        305.73476851867400     
   2.2222222222222223       0.25252525252525254        305.73487242088828     
   2.2222222222222223       0.30303030303030304        305.73497479085637     
   2.2222222222222223       0.35353535353535354        305.73507502391863     
   2.2222222222222223       0.40404040404040403        305.73517293584132     
   2.2222222222222223       0.45454545454545453        305.73526848301691     
   2.2222222222222223       0.50505050505050508        305.73536166947122     
   2.2222222222222223       0.55555555555555558        305.73545251590201     
   2.2222222222222223       0.60606060606060608        305.73554104931191     
   2.2222222222222223       0.65656565656565657        305.73562729947696     
   2.2222222222222223       0.70707070707070707        305.73571129768919     
   2.2222222222222223       0.75757575757575757        305.73579307625880     
   2.2222222222222223       0.80808080808080807        305.73587266827610     
   2.2222222222222223       0.85858585858585856        305.73595010746629     
   2.2222222222222223       0.90909090909090906        305.73602542808152     
   2.2222222222222223       0.95959595959595956        305.73609866481183     
   2.2222222222222223        1.0101010101010102        305.73616985270803     
   2.2222222222222223        1.0606060606060606        305.73623902711364     
   2.2222222222222223        1.1111111111111112        305.73630622360423     
   2.2222222222222223        1.1616161616161615        305.73637147793301     
   2.2222222222222223        1.2121212121212122        305.73643482598220     
   2.2222222222222223        1.2626262626262625        305.73649630371892     
   2.2222222222222223        1.3131313131313131        305.73655594715490     
   2.2222222222222223        1.3636363636363635        305.73661379230970     
   2.2222222222222223        1.4141414141414141        305.73666987517686     
   2.2222222222222223        1.4646464646464648        305.73672423169182     
   2.2222222222222223        1.5151515151515151        305.73677689770301     
   2.2222222222222223        1.5656565656565657        305.73682790894333     
   2.2222222222222223        1.6161616161616161        305.73687730100397     
   2.2222222222222223        1.6666666666666667        305.73692510930897     
   2.2222222222222223        1.7171717171717171        305.73697136909135     
   2.2222222222222223        1.7676767676767677        305.73701611536973     
   2.2222222222222223        1.8181818181818181        305.73705938292608     
   2.2222222222222223        1.8686868686868687        305.73710120628397     
   2.2222222222222223        1.9191919191919191        305.73714161968775     
   2.2222222222222223        1.9696969696969697        305.73718065708255     
   2.2222222222222223        2.0202020202020203        305.73721835209460     
   2.2222222222222223        2.0707070707070705        305.73725473801244     
   2.2222222222222223        2.1212121212121211        305.73728984776852     
   2.2222222222222223        2.1717171717171717        305.73732371392168     
   2.2222222222222223        2.2222222222222223        305.73735636864018     
   2.2222222222222223        2.2727272727272729        305.73738784368533     
   2.2222222222222223        2.3232323232323231        305.73741817039581     
   2.2222222222222223        2.3737373737373737        305.73744737967235     
   2.2222222222222223        2.4242424242424243        305.73747550196356     
   2.2222222222222223        2.4747474747474749        305.73750256725197     
   2.2222222222222223        2.5252525252525251        305.73752860504095     
   2.2222222222222223        2.5757575757575757        305.73755364434226     
   2.2222222222222223        2.6262626262626263        305.73757771366411     
   2.2222222222222223        2.6767676767676769        305.73760084100041     
   2.2222222222222223        2.7272727272727271        305.73762305381956     
   2.2222222222222223        2.7777777777777777        305.73764437905510     
   2.2222222222222223        2.8282828282828283        305.73766484309670     
   2.2222222222222223        2.8787878787878789        305.73768447178099     
   2.2222222222222223        2.9292929292929295        305.73770329038433     
   2.2222222222222223        2.9797979797979797        305.73772132361495     
   2.2222222222222223        3.0303030303030303        305.73773859560669     
   2.2222222222222223        3.0808080808080809        305.73775512991250     
   2.2222222222222223        3.1313131313131315        305.73777094949958     
   2.2222222222222223        3.1818181818181817        305.73778607674382     
   2.2222222222222223        3.2323232323232323        305.73780053342580     
   2.2222222222222223        3.2828282828282829        305.73781434072708     
   2.2222222222222223        3.3333333333333335        305.73782751922647     
   2.2222222222222223        3.3838383838383836        305.73784008889749     
   2.2222222222222223        3.4343434343434343        305.73785206910594     
   2.2222222222222223        3.4848484848484849        305.73786347860823     
   2.2222222222222223        3.5353535353535355        305.73787433554958     
   2.2222222222222223        3.5858585858585861        305.73788465746321     
   2.2222222222222223        3.6363636363636362        305.73789446126955     
   2.2222222222222223        3.6868686868686869        305.73790376327622     
   2.2222222222222223        3.7373737373737375        305.73791257917782     
   2.2222222222222223        3.7878787878787881        305.73792092405625     
   2.2222222222222223        3.8383838383838382        305.73792881238148     
   2.2222222222222223        3.8888888888888888        305.73793625801267     
   2.2222222222222223        3.9393939393939394        305.73794327419910     
   2.2222222222222223        3.9898989898989901        305.73794987358161     
   2.2222222222222223        4.0404040404040407        305.73795606819448     
   2.2222222222222223        4.0909090909090908        305.73796186946691     
   2.2222222222222223        4.1414141414141410        305.73796728822521     
   2.2222222222222223        4.1919191919191920        305.73797233469520     
   2.2222222222222223        4.2424242424242422        305.73797701850373     
   2.2222222222222223        4.2929292929292933        305.73798134868184     
   2.2222222222222223        4.3434343434343434        305.73798533366681     
   2.2222222222222223        4.3939393939393936        305.73798898130485     
   2.2222222222222223        4.4444444444444446        305.73799229885373     
   2.2222222222222223        4.4949494949494948        305.73799529298526     
   2.2222222222222223        4.5454545454545459        305.73799796978847     
   2.2222222222222223        4.5959595959595960        305.73800033477181     
   2.2222222222222223        4.6464646464646462        305.73800239286629     
   2.2222222222222223        4.6969696969696972        305.73800414842810     
   2.2222222222222223        4.7474747474747474        305.73800560524120     
   2.2222222222222223        4.7979797979797976        305.73800676652041     
   2.2222222222222223        4.8484848484848486        305.73800763491397     
   2.2222222222222223        4.8989898989898988        305.73800821250597     
   2.2222222222222223        4.9494949494949498        305.73800850081983     
   2.2222222222222223        5.0000000000000000        305.73800850081983     

   2.3232323232323231        0.0000000000000000        305.63367493594455     
   2.3232323232323231        5.0505050505050504E-002   305.63367493594455     
   2.3232323232323231       0.10101010101010101        305.63374948788100     
   2.3232323232323231       0.15151515151515152        305.63384718059098     
   2.3232323232323231       0.20202020202020202        305.63395090820859     
   2.3232323232323231       0.25252525252525254        305.63405499047474     
   2.3232323232323231       0.30303030303030304        305.63415755155120     
   2.3232323232323231       0.35353535353535354        305.63425798256617     
   2.3232323232323231       0.40404040404040403        305.63435609711820     
   2.3232323232323231       0.45454545454545453        305.63445185028922     
   2.3232323232323231       0.50505050505050508        305.63454524513577     
   2.3232323232323231       0.55555555555555558        305.63463630152376     
   2.3232323232323231       0.60606060606060608        305.63472504568824     
   2.3232323232323231       0.65656565656565657        305.63481150668093     
   2.3232323232323231       0.70707070707070707        305.63489571511042     
   2.3232323232323231       0.75757575757575757        305.63497770264786     
   2.3232323232323231       0.80808080808080807        305.63505750179303     
   2.3232323232323231       0.85858585858585856        305.63513514573197     
   2.3232323232323231       0.90909090909090906        305.63521066823120     
   2.3232323232323231       0.95959595959595956        305.63528410354894     
   2.3232323232323231        1.0101010101010102        305.63535548635684     
   2.3232323232323231        1.0606060606060606        305.63542485167079     
   2.3232323232323231        1.1111111111111112        305.63549223478765     
   2.3232323232323231        1.1616161616161615        305.63555767122784     
   2.3232323232323231        1.2121212121212122        305.63562119668410     
   2.3232323232323231        1.2626262626262625        305.63568284697351     
   2.3232323232323231        1.3131313131313131        305.63574265799423     
   2.3232323232323231        1.3636363636363635        305.63580066568539     
   2.3232323232323231        1.4141414141414141        305.63585690598984     
   2.3232323232323231        1.4646464646464648        305.63591141481925     
   2.3232323232323231        1.5151515151515151        305.63596422802198     
   2.3232323232323231        1.5656565656565657        305.63601538135208     
   2.3232323232323231        1.6161616161616161        305.63606491044038     
   2.3232323232323231        1.6666666666666667        305.63611285076729     
   2.3232323232323231        1.7171717171717171        305.63615923763570     
   2.3232323232323231        1.7676767676767677        305.63620410614652     
   2.3232323232323231        1.8181818181818181        305.63624749117406     
   2.3232323232323231        1.8686868686868687        305.63628942734329     
   2.3232323232323231        1.9191919191919191        305.63632994900689     
   2.3232323232323231        1.9696969696969697        305.63636909022421     
   2.3232323232323231        2.0202020202020203        305.63640688474044     
   2.3232323232323231        2.0707070707070705        305.63644336596644     
   2.3232323232323231        2.1212121212121211        305.63647856695979     
   2.3232323232323231        2.1717171717171717        305.63651252040614     
   2.3232323232323231        2.2222222222222223        305.63654525860153     
   2.3232323232323231        2.2727272727272729        305.63657681343523     
   2.3232323232323231        2.3232323232323231        305.63660721637370     
   2.3232323232323231        2.3737373737373737        305.63663649844455     
   2.3232323232323231        2.4242424242424243        305.63666469022183     
   2.3232323232323231        2.4747474747474749        305.63669182181195     
   2.3232323232323231        2.5252525252525251        305.63671792284015     
   2.3232323232323231        2.5757575757575757        305.63674302243749     
   2.3232323232323231        2.6262626262626263        305.63676714922900     
   2.3232323232323231        2.6767676767676769        305.63679033132246     
   2.3232323232323231        2.7272727272727271        305.63681259629715     
   2.3232323232323231        2.7777777777777777        305.63683397119439     
   2.3232323232323231        2.8282828282828283        305.63685448250834     
   2.3232323232323231        2.8787878787878789        305.63687415617653     
   2.3232323232323231        2.9292929292929295        305.63689301757302     
   2.3232323232323231        2.9797979797979797        305.63691109150022     
   2.3232323232323231        3.0303030303030303        305.63692840218255     
   2.3232323232323231        3.0808080808080809        305.63694497326020     
   2.3232323232323231        3.1313131313131315        305.63696082778392     
   2.3232323232323231        3.1818181818181817        305.63697598820988     
   2.3232323232323231        3.2323232323232323        305.63699047639528     
   2.3232323232323231        3.2828282828282829        305.63700431359501     
   2.3232323232323231        3.3333333333333335        305.63701752045796     
   2.3232323232323231        3.3838383838383836        305.63703011702427     
   2.3232323232323231        3.4343434343434343        305.63704212272341     
   2.3232323232323231        3.4848484848484849        305.63705355637222     
   2.3232323232323231        3.5353535353535355        305.63706443617320     
   2.3232323232323231        3.5858585858585861        305.63707477971411     
   2.3232323232323231        3.6363636363636362        305.63708460396691     
   2.3232323232323231        3.6868686868686869        305.63709392528818     
   2.3232323232323231        3.7373737373737375        305.63710275941838     
   2.3232323232323231        3.7878787878787881        305.63711112148309     
   2.3232323232323231        3.8383838383838382        305.63711902599334     
   2.3232323232323231        3.8888888888888888        305.63712648684697     
   2.3232323232323231        3.9393939393939394        305.63713351732946     
   2.3232323232323231        3.9898989898989901        305.63714013011594     
   2.3232323232323231        4.0404040404040407        305.63714633727255     
   2.3232323232323231        4.0909090909090908        305.63715215025866     
   2.3232323232323231        4.1414141414141410        305.63715757992850     
   2.3232323232323231        4.1919191919191920        305.63716263653384     
   2.3232323232323231        4.2424242424242422        305.63716732972614     
   2.3232323232323231        4.2929292929292933        305.63717166855884     
   2.3232323232323231        4.3434343434343434        305.63717566149040     
   2.3232323232323231        4.3939393939393936        305.63717931638621     
   2.3232323232323231        4.4444444444444446        305.63718264052204     
   2.3232323232323231        4.4949494949494948        305.63718564058604     
   2.3232323232323231        4.5454545454545459        305.63718832268222     
   2.3232323232323231        4.5959595959595960        305.63719069233269     
   2.3232323232323231        4.6464646464646462        305.63719275448079     
   2.3232323232323231        4.6969696969696972        305.63719451349363     
   2.3232323232323231        4.7474747474747474        305.63719597316515     
   2.3232323232323231        4.7979797979797976        305.63719713671850     
   2.3232323232323231        4.8484848484848486        305.63719800680957     
   2.3232323232323231        4.8989898989898988        305.63719858552855     
   2.3232323232323231        4.9494949494949498        305.63719887440385     
   2.3232323232323231        5.0000000000000000        305.63719887440391     

   2.4242424242424243        0.0000000000000000        305.53308965853529     
   2.4242424242424243        5.0505050505050504E-002   305.53308965853529     
   2.4242424242424243       0.10101010101010101        305.53316395120709     
   2.4242424242424243       0.15151515151515152        305.53326134510729     
   2.4242424242424243       0.20202020202020202        305.53336478285985     
   2.4242424242424243       0.25252525252525254        305.53346859190589     
   2.4242424242424243       0.30303030303030304        305.53357089589343     
   2.4242424242424243       0.35353535353535354        305.53367108446156     
   2.4242424242424243       0.40404040404040403        305.53376896996002     
   2.4242424242424243       0.45454545454545453        305.53386450647696     
   2.4242424242424243       0.50505050505050508        305.53395769621261     
   2.4242424242424243       0.55555555555555558        305.53404855824004     
   2.4242424242424243       0.60606060606060608        305.53413711803398     
   2.4242424242424243       0.65656565656565657        305.53422340391091     
   2.4242424242424243       0.70707070707070707        305.53430744577025     
   2.4242424242424243       0.75757575757575757        305.53438927460604     
   2.4242424242424243       0.80808080808080807        305.53446892227612     
   2.4242424242424243       0.85858585858585856        305.53454642136484     
   2.4242424242424243       0.90909090909090906        305.53462180507881     
   2.4242424242424243       0.95959595959595956        305.53469510715985     
   2.4242424242424243        1.0101010101010102        305.53476636180710     
   2.4242424242424243        1.0606060606060606        305.53483560360644     
   2.4242424242424243        1.1111111111111112        305.53490286746643     
   2.4242424242424243        1.1616161616161615        305.53496818855899     
   2.4242424242424243        1.2121212121212122        305.53503160226541     
   2.4242424242424243        1.2626262626262625        305.53509314412656     
   2.4242424242424243        1.3131313131313131        305.53515284979676     
   2.4242424242424243        1.3636363636363635        305.53521075500078     
   2.4242424242424243        1.4141414141414141        305.53526689549432     
   2.4242424242424243        1.4646464646464648        305.53532130702649     
   2.4242424242424243        1.5151515151515151        305.53537402530515     
   2.4242424242424243        1.5656565656565657        305.53542508596365     
   2.4242424242424243        1.6161616161616161        305.53547452452972     
   2.4242424242424243        1.6666666666666667        305.53552237639622     
   2.4242424242424243        1.7171717171717171        305.53556867679220     
   2.4242424242424243        1.7676767676767677        305.53561346075674     
   2.4242424242424243        1.8181818181818181        305.53565676311274     
   2.4242424242424243        1.8686868686868687        305.53569861844261     
   2.4242424242424243        1.9191919191919191        305.53573906106408     
   2.4242424242424243        1.9696969696969697        305.53577812500811     
   2.4242424242424243        2.0202020202020203        305.53581584399683     
   2.4242424242424243        2.0707070707070705        305.53585225142268     
   2.4242424242424243        2.1212121212121211        305.53588738032823     
   2.4242424242424243        2.1717171717171717        305.53592126338702     
   2.4242424242424243        2.2222222222222223        305.53595393288521     
   2.4242424242424243        2.2727272727272729        305.53598542070387     
   2.4242424242424243        2.3232323232323231        305.53601575830197     
   2.4242424242424243        2.3737373737373737        305.53604497670085     
   2.4242424242424243        2.4242424242424243        305.53607310646828     
   2.4242424242424243        2.4747474747474749        305.53610017770427     
   2.4242424242424243        2.5252525252525251        305.53612622002737     
   2.4242424242424243        2.5757575757575757        305.53615126256148     
   2.4242424242424243        2.6262626262626263        305.53617533392378     
   2.4242424242424243        2.6767676767676769        305.53619846221278     
   2.4242424242424243        2.7272727272727271        305.53622067499822     
   2.4242424242424243        2.7777777777777777        305.53624199931039     
   2.4242424242424243        2.8282828282828283        305.53626246163100     
   2.4242424242424243        2.8787878787878789        305.53628208788444     
   2.4242424242424243        2.9292929292929295        305.53630090343023     
   2.4242424242424243        2.9797979797979797        305.53631893305476     
   2.4242424242424243        3.0303030303030303        305.53633620096537     
   2.4242424242424243        3.0808080808080809        305.53635273078436     
   2.4242424242424243        3.1313131313131315        305.53636854554298     
   2.4242424242424243        3.1818181818181817        305.53638366767711     
   2.4242424242424243        3.2323232323232323        305.53639811902281     
   2.4242424242424243        3.2828282828282829        305.53641192081267     
   2.4242424242424243        3.3333333333333335        305.53642509367251     
   2.4242424242424243        3.3838383838383836        305.53643765761893     
   2.4242424242424243        3.4343434343434343        305.53644963205699     
   2.4242424242424243        3.4848484848484849        305.53646103577870     
   2.4242424242424243        3.5353535353535355        305.53647188696129     
   2.4242424242424243        3.5858585858585861        305.53648220316700     
   2.4242424242424243        3.6363636363636362        305.53649200134208     
   2.4242424242424243        3.6868686868686869        305.53650129781710     
   2.4242424242424243        3.7373737373737375        305.53651010830674     
   2.4242424242424243        3.7878787878787881        305.53651844791091     
   2.4242424242424243        3.8383838383838382        305.53652633111511     
   2.4242424242424243        3.8888888888888888        305.53653377179199     
   2.4242424242424243        3.9393939393939394        305.53654078320233     
   2.4242424242424243        3.9898989898989901        305.53654737799690     
   2.4242424242424243        4.0404040404040407        305.53655356821838     
   2.4242424242424243        4.0909090909090908        305.53655936530282     
   2.4242424242424243        4.1414141414141410        305.53656478008264     
   2.4242424242424243        4.1919191919191920        305.53656982278829     
   2.4242424242424243        4.2424242424242422        305.53657450305087     
   2.4242424242424243        4.2929292929292933        305.53657882990444     
   2.4242424242424243        4.3434343434343434        305.53658281178906     
   2.4242424242424243        4.3939393939393936        305.53658645655332     
   2.4242424242424243        4.4444444444444446        305.53658977145682     
   2.4242424242424243        4.4949494949494948        305.53659276317342     
   2.4242424242424243        4.5454545454545459        305.53659543779355     
   2.4242424242424243        4.5959595959595960        305.53659780082751     
   2.4242424242424243        4.6464646464646462        305.53659985720788     
   2.4242424242424243        4.6969696969696972        305.53660161129272     
   2.4242424242424243        4.7474747474747474        305.53660306686817     
   2.4242424242424243        4.7979797979797976        305.53660422715137     
   2.4242424242424243        4.8484848484848486        305.53660509479312     
   2.4242424242424243        4.8989898989898988        305.53660567188058     
   2.4242424242424243        4.9494949494949498        305.53660595994023     
   2.4242424242424243        5.0000000000000000        305.53660595994023     

   2.5252525252525251        0.0000000000000000        305.43273688092285     
   2.5252525252525251        5.0505050505050504E-002   305.43273688092285     
   2.5252525252525251       0.10101010101010101        305.43281059381223     
   2.5252525252525251       0.15151515151515152        305.43290726764178     
   2.5252525252525251       0.20202020202020202        305.43300996679261     
   2.5252525252525251       0.25252525252525254        305.43311305082142     
   2.5252525252525251       0.30303030303030304        305.43321465099837     
   2.5252525252525251       0.35353535353535354        305.43331415818699     
   2.5252525252525251       0.40404040404040403        305.43341138439609     
   2.5252525252525251       0.45454545454545453        305.43350628302568     
   2.5252525252525251       0.50505050505050508        305.43359885552087     
   2.5252525252525251       0.55555555555555558        305.43368912019054     
   2.5252525252525251       0.60606060606060608        305.43377710174815     
   2.5252525252525251       0.65656565656565657        305.43386282775680     
   2.5252525252525251       0.70707070707070707        305.43394632737727     
   2.5252525252525251       0.75757575757575757        305.43402763088415     
   2.5252525252525251       0.80808080808080807        305.43410676944148     
   2.5252525252525251       0.85858585858585856        305.43418377496869     
   2.5252525252525251       0.90909090909090906        305.43425868003970     
   2.5252525252525251       0.95959595959595956        305.43433151779789     
   2.5252525252525251        1.0101010101010102        305.43440232187874     
   2.5252525252525251        1.0606060606060606        305.43447112633964     
   2.5252525252525251        1.1111111111111112        305.43453796559510     
   2.5252525252525251        1.1616161616161615        305.43460287435636     
   2.5252525252525251        1.2121212121212122        305.43466588757610     
   2.5252525252525251        1.2626262626262625        305.43472704039658     
   2.5252525252525251        1.3131313131313131        305.43478636810164     
   2.5252525252525251        1.3636363636363635        305.43484390607216     
   2.5252525252525251        1.4141414141414141        305.43489968974370     
   2.5252525252525251        1.4646464646464648        305.43495375456769     
   2.5252525252525251        1.5151515151515151        305.43500613597416     
   2.5252525252525251        1.5656565656565657        305.43505686933702     
   2.5252525252525251        1.6161616161616161        305.43510598994101     
   2.5252525252525251        1.6666666666666667        305.43515353295032     
   2.5252525252525251        1.7171717171717171        305.43519953337892     
   2.5252525252525251        1.7676767676767677        305.43524402606209     
   2.5252525252525251        1.8181818181818181        305.43528704562954     
   2.5252525252525251        1.8686868686868687        305.43532862647902     
   2.5252525252525251        1.9191919191919191        305.43536880275207     
   2.5252525252525251        1.9696969696969697        305.43540760831007     
   2.5252525252525251        2.0202020202020203        305.43544507671163     
   2.5252525252525251        2.0707070707070705        305.43548124119087     
   2.5252525252525251        2.1212121212121211        305.43551613463671     
   2.5252525252525251        2.1717171717171717        305.43554978957275     
   2.5252525252525251        2.2222222222222223        305.43558223813869     
   2.5252525252525251        2.2727272727272729        305.43561351207160     
   2.5252525252525251        2.3232323232323231        305.43564364268940     
   2.5252525252525251        2.3737373737373737        305.43567266087416     
   2.5252525252525251        2.4242424242424243        305.43570059705627     
   2.5252525252525251        2.4747474747474749        305.43572748119971     
   2.5252525252525251        2.5252525252525251        305.43575334278853     
   2.5252525252525251        2.5757575757575757        305.43577821081340     
   2.5252525252525251        2.6262626262626263        305.43580211375900     
   2.5252525252525251        2.6767676767676769        305.43582507959286     
   2.5252525252525251        2.7272727272727271        305.43584713575427     
   2.5252525252525251        2.7777777777777777        305.43586830914415     
   2.5252525252525251        2.8282828282828283        305.43588862611568     
   2.5252525252525251        2.8787878787878789        305.43590811246582     
   2.5252525252525251        2.9292929292929295        305.43592679342720     
   2.5252525252525251        2.9797979797979797        305.43594469366087     
   2.5252525252525251        3.0303030303030303        305.43596183724964     
   2.5252525252525251        3.0808080808080809        305.43597824769250     
   2.5252525252525251        3.1313131313131315        305.43599394789879     
   2.5252525252525251        3.1818181818181817        305.43600896018364     
   2.5252525252525251        3.2323232323232323        305.43602330626379     
   2.5252525252525251        3.2828282828282829        305.43603700725447     
   2.5252525252525251        3.3333333333333335        305.43605008366552     
   2.5252525252525251        3.3838383838383836        305.43606255539947     
   2.5252525252525251        3.4343434343434343        305.43607444174927     
   2.5252525252525251        3.4848484848484849        305.43608576139695     
   2.5252525252525251        3.5353535353535355        305.43609653241191     
   2.5252525252525251        3.5858585858585861        305.43610677225081     
   2.5252525252525251        3.6363636363636362        305.43611649775698     
   2.5252525252525251        3.6868686868686869        305.43612572516048     
   2.5252525252525251        3.7373737373737375        305.43613447007823     
   2.5252525252525251        3.7878787878787881        305.43614274751519     
   2.5252525252525251        3.8383838383838382        305.43615057186480     
   2.5252525252525251        3.8888888888888888        305.43615795691068     
   2.5252525252525251        3.9393939393939394        305.43616491582782     
   2.5252525252525251        3.9898989898989901        305.43617146118430     
   2.5252525252525251        4.0404040404040407        305.43617760494357     
   2.5252525252525251        4.0909090909090908        305.43618335846605     
   2.5252525252525251        4.1414141414141410        305.43618873251165     
   2.5252525252525251        4.1919191919191920        305.43619373724209     
   2.5252525252525251        4.2424242424242422        305.43619838222349     
   2.5252525252525251        4.2929292929292933        305.43620267642871     
   2.5252525252525251        4.3434343434343434        305.43620662824031     
   2.5252525252525251        4.3939393939393936        305.43621024545331     
   2.5252525252525251        4.4444444444444446        305.43621353527772     
   2.5252525252525251        4.4949494949494948        305.43621650434176     
   2.5252525252525251        4.5454545454545459        305.43621915869409     
   2.5252525252525251        4.5959595959595960        305.43622150380753     
   2.5252525252525251        4.6464646464646462        305.43622354458120     
   2.5252525252525251        4.6969696969696972        305.43622528534388     
   2.5252525252525251        4.7474747474747474        305.43622672985634     
   2.5252525252525251        4.7979797979797976        305.43622788131472     
   2.5252525252525251        4.8484848484848486        305.43622874235291     
   2.5252525252525251        4.8989898989898988        305.43622931504524     
   2.5252525252525251        4.9494949494949498        305.43622960090948     
   2.5252525252525251        5.0000000000000000        305.43622960090954     

   2.6262626262626263        0.0000000000000000        305.33261542675092     
   2.6262626262626263        5.0505050505050504E-002   305.33261542675092     
   2.6262626262626263       0.10101010101010101        305.33268824178077     
   2.6262626262626263       0.15151515151515152        305.33278377737253     
   2.6262626262626263       0.20202020202020202        305.33288529243163     
   2.6262626262626263       0.25252525252525254        305.33298720290651     
   2.6262626262626263       0.30303030303030304        305.33308765578323     
   2.6262626262626263       0.35353535353535354        305.33318604584616     
   2.6262626262626263       0.40404040404040403        305.33328218565953     
   2.6262626262626263       0.45454545454545453        305.33337602823013     
   2.6262626262626263       0.50505050505050508        305.33346757434015     
   2.6262626262626263       0.55555555555555558        305.33355684155458     
   2.6262626262626263       0.60606060606060608        305.33364385381714     
   2.6262626262626263       0.65656565656565657        305.33372863791431     
   2.6262626262626263       0.70707070707070707        305.33381122223363     
   2.6262626262626263       0.75757575757575757        305.33389163628641     
   2.6262626262626263       0.80808080808080807        305.33396991048886     
   2.6262626262626263       0.85858585858585856        305.33404607603262     
   2.6262626262626263       0.90909090909090906        305.33412016478724     
   2.6262626262626263       0.95959595959595956        305.33419220921724     
   2.6262626262626263        1.0101010101010102        305.33426224230618     
   2.6262626262626263        1.0606060606060606        305.33433029748750     
   2.6262626262626263        1.1111111111111112        305.33439640857932     
   2.6262626262626263        1.1616161616161615        305.33446060972420     
   2.6262626262626263        1.2121212121212122        305.33452293533253     
   2.6262626262626263        1.2626262626262625        305.33458342002973     
   2.6262626262626263        1.3131313131313131        305.33464209860705     
   2.6262626262626263        1.3636363636363635        305.33469900597521     
   2.6262626262626263        1.4141414141414141        305.33475417712106     
   2.6262626262626263        1.4646464646464648        305.33480764706661     
   2.6262626262626263        1.5151515151515151        305.33485945083055     
   2.6262626262626263        1.5656565656565657        305.33490962339187     
   2.6262626262626263        1.6161616161616161        305.33495819965555     
   2.6262626262626263        1.6666666666666667        305.33500521441948     
   2.6262626262626263        1.7171717171717171        305.33505070234372     
   2.6262626262626263        1.7676767676767677        305.33509469792085     
   2.6262626262626263        1.8181818181818181        305.33513723544763     
   2.6262626262626263        1.8686868686868687        305.33517834899811     
   2.6262626262626263        1.9191919191919191        305.33521807239811     
   2.6262626262626263        1.9696969696969697        305.33525643920052     
   2.6262626262626263        2.0202020202020203        305.33529348266200     
   2.6262626262626263        2.0707070707070705        305.33532923572051     
   2.6262626262626263        2.1212121212121211        305.33536373097405     
   2.6262626262626263        2.1717171717171717        305.33539700066035     
   2.6262626262626263        2.2222222222222223        305.33542907663713     
   2.6262626262626263        2.2727272727272729        305.33545999036403     
   2.6262626262626263        2.3232323232323231        305.33548977288484     
   2.6262626262626263        2.3737373737373737        305.33551845481082     
   2.6262626262626263        2.4242424242424243        305.33554606630497     
   2.6262626262626263        2.4747474747474749        305.33557263706729     
   2.6262626262626263        2.5252525252525251        305.33559819632035     
   2.6262626262626263        2.5757575757575757        305.33562277279628     
   2.6262626262626263        2.6262626262626263        305.33564639472445     
   2.6262626262626263        2.6767676767676769        305.33566908981948     
   2.6262626262626263        2.7272727272727271        305.33569088527071     
   2.6262626262626263        2.7777777777777777        305.33571180773220     
   2.6262626262626263        2.8282828282828283        305.33573188331309     
   2.6262626262626263        2.8787878787878789        305.33575113756939     
   2.6262626262626263        2.9292929292929295        305.33576959549589     
   2.6262626262626263        2.9797979797979797        305.33578728151883     
   2.6262626262626263        3.0303030303030303        305.33580421949006     
   2.6262626262626263        3.0808080808080809        305.33582043268052     
   2.6262626262626263        3.1313131313131315        305.33583594377552     
   2.6262626262626263        3.1818181818181817        305.33585077486953     
   2.6262626262626263        3.2323232323232323        305.33586494746311     
   2.6262626262626263        3.2828282828282829        305.33587848245872     
   2.6262626262626263        3.3333333333333335        305.33589140015812     
   2.6262626262626263        3.3838383838383836        305.33590372025981     
   2.6262626262626263        3.4343434343434343        305.33591546185744     
   2.6262626262626263        3.4848484848484849        305.33592664343797     
   2.6262626262626263        3.5353535353535355        305.33593728288110     
   2.6262626262626263        3.5858585858585861        305.33594739745848     
   2.6262626262626263        3.6363636363636362        305.33595700383330     
   2.6262626262626263        3.6868686868686869        305.33596611806098     
   2.6262626262626263        3.7373737373737375        305.33597475558918     
   2.6262626262626263        3.7878787878787881        305.33598293125880     
   2.6262626262626263        3.8383838383838382        305.33599065930520     
   2.6262626262626263        3.8888888888888888        305.33599795335942     
   2.6262626262626263        3.9393939393939394        305.33600482644977     
   2.6262626262626263        3.9898989898989901        305.33601129100379     
   2.6262626262626263        4.0404040404040407        305.33601735885014     
   2.6262626262626263        4.0909090909090908        305.33602304122064     
   2.6262626262626263        4.1414141414141410        305.33602834875330     
   2.6262626262626263        4.1919191919191920        305.33603329149378     
   2.6262626262626263        4.2424242424242422        305.33603787889854     
   2.6262626262626263        4.2929292929292933        305.33604211983749     
   2.6262626262626263        4.3434343434343434        305.33604602259697     
   2.6262626262626263        4.3939393939393936        305.33604959488184     
   2.6262626262626263        4.4444444444444446        305.33605284381895     
   2.6262626262626263        4.4949494949494948        305.33605577595989     
   2.6262626262626263        4.5454545454545459        305.33605839728375     
   2.6262626262626263        4.5959595959595960        305.33606071320008     
   2.6262626262626263        4.6464646464646462        305.33606272855178     
   2.6262626262626263        4.6969696969696972        305.33606444761818     
   2.6262626262626263        4.7474747474747474        305.33606587411731     
   2.6262626262626263        4.7979797979797976        305.33606701120954     
   2.6262626262626263        4.8484848484848486        305.33606786149960     
   2.6262626262626263        4.8989898989898988        305.33606842703978     
   2.6262626262626263        4.9494949494949498        305.33606870933227     
   2.6262626262626263        5.0000000000000000        305.33606870933232     

   2.7272727272727271        0.0000000000000000        305.23272312783581     
   2.7272727272727271        5.0505050505050504E-002   305.23272312783581     
   2.7272727272727271       0.10101010101010101        305.23279473065043     
   2.7272727272727271       0.15151515151515152        305.23288871460704     
   2.7272727272727271       0.20202020202020202        305.23298860510715     
   2.7272727272727271       0.25252525252525254        305.23308889853121     
   2.7272727272727271       0.30303030303030304        305.23318776560205     
   2.7272727272727271       0.35353535353535354        305.23328460769505     
   2.7272727272727271       0.40404040404040403        305.23337923881377     
   2.7272727272727271       0.45454545454545453        305.23347161185723     
   2.7272727272727271       0.50505050505050508        305.23356172702870     
   2.7272727272727271       0.55555555555555558        305.23364960116299     
   2.7272727272727271       0.60606060606060608        305.23373525741971     
   2.7272727272727271       0.65656565656565657        305.23381872178112     
   2.7272727272727271       0.70707070707070707        305.23390002182350     
   2.7272727272727271       0.75757575757575757        305.23397918624829     
   2.7272727272727271       0.80808080808080807        305.23405624466938     
   2.7272727272727271       0.85858585858585856        305.23413122748775     
   2.7272727272727271       0.90909090909090906        305.23420416579762     
   2.7272727272727271       0.95959595959595956        305.23427509130619     
   2.7272727272727271        1.0101010101010102        305.23434403625936     
   2.7272727272727271        1.0606060606060606        305.23441103337387     
   2.7272727272727271        1.1111111111111112        305.23447611577313     
   2.7272727272727271        1.1616161616161615        305.23453931692620     
   2.7272727272727271        1.2121212121212122        305.23460067059176     
   2.7272727272727271        1.2626262626262625        305.23466021076405     
   2.7272727272727271        1.3131313131313131        305.23471797162358     
   2.7272727272727271        1.3636363636363635        305.23477398748906     
   2.7272727272727271        1.4141414141414141        305.23482829277367     
   2.7272727272727271        1.4646464646464648        305.23488092194242     
   2.7272727272727271        1.5151515151515151        305.23493190947300     
   2.7272727272727271        1.5656565656565657        305.23498128981788     
   2.7272727272727271        1.6161616161616161        305.23502909736885     
   2.7272727272727271        1.6666666666666667        305.23507536642330     
   2.7272727272727271        1.7171717171717171        305.23512013115209     
   2.7272727272727271        1.7676767676767677        305.23516342556894     
   2.7272727272727271        1.8181818181818181        305.23520528350161     
   2.7272727272727271        1.8686868686868687        305.23524573856361     
   2.7272727272727271        1.9191919191919191        305.23528482412854     
   2.7272727272727271        1.9696969696969697        305.23532257330464     
   2.7272727272727271        2.0202020202020203        305.23535901891029     
   2.7272727272727271        2.0707070707070705        305.23539419345201     
   2.7272727272727271        2.1212121212121211        305.23542812910222     
   2.7272727272727271        2.1717171717171717        305.23546085767833     
   2.7272727272727271        2.2222222222222223        305.23549241062352     
   2.7272727272727271        2.2727272727272729        305.23552281898759     
   2.7272727272727271        2.3232323232323231        305.23555211340937     
   2.7272727272727271        2.3737373737373737        305.23558032409994     
   2.7272727272727271        2.4242424242424243        305.23560748082690     
   2.7272727272727271        2.4747474747474749        305.23563361289911     
   2.7272727272727271        2.5252525252525251        305.23565874915261     
   2.7272727272727271        2.5757575757575757        305.23568291793754     
   2.7272727272727271        2.6262626262626263        305.23570614710587     
   2.7272727272727271        2.6767676767676769        305.23572846399952     
   2.7272727272727271        2.7272727272727271        305.23574989543977     
   2.7272727272727271        2.7777777777777777        305.23577046771737     
   2.7272727272727271        2.8282828282828283        305.23579020658337     
   2.7272727272727271        2.8787878787878789        305.23580913724044     
   2.7272727272727271        2.9292929292929295        305.23582728433547     
   2.7272727272727271        2.9797979797979797        305.23584467195224     
   2.7272727272727271        3.0303030303030303        305.23586132360549     
   2.7272727272727271        3.0808080808080809        305.23587726223502     
   2.7272727272727271        3.1313131313131315        305.23589251020076     
   2.7272727272727271        3.1818181818181817        305.23590708927816     
   2.7272727272727271        3.2323232323232323        305.23592102065481     
   2.7272727272727271        3.2828282828282829        305.23593432492657     
   2.7272727272727271        3.3333333333333335        305.23594702209556     
   2.7272727272727271        3.3838383838383836        305.23595913156726     
   2.7272727272727271        3.4343434343434343        305.23597067214939     
   2.7272727272727271        3.4848484848484849        305.23598166205028     
   2.7272727272727271        3.5353535353535355        305.23599211887824     
   2.7272727272727271        3.5858585858585861        305.23600205964090     
   2.7272727272727271        3.6363636363636362        305.23601150074558     
   2.7272727272727271        3.6868686868686869        305.23602045799913     
   2.7272727272727271        3.7373737373737375        305.23602894660900     
   2.7272727272727271        3.7878787878787881        305.23603698118410     
   2.7272727272727271        3.8383838383838382        305.23604457573578     
   2.7272727272727271        3.8888888888888888        305.23605174367964     
   2.7272727272727271        3.9393939393939394        305.23605849783701     
   2.7272727272727271        3.9898989898989901        305.23606485043723     
   2.7272727272727271        4.0404040404040407        305.23607081311940     
   2.7272727272727271        4.0909090909090908        305.23607639693472     
   2.7272727272727271        4.1414141414141410        305.23608161234932     
   2.7272727272727271        4.1919191919191920        305.23608646924617     
   2.7272727272727271        4.2424242424242422        305.23609097692832     
   2.7272727272727271        4.2929292929292933        305.23609514412118     
   2.7272727272727271        4.3434343434343434        305.23609897897592     
   2.7272727272727271        4.3939393939393936        305.23610248907141     
   2.7272727272727271        4.4444444444444446        305.23610568141805     
   2.7272727272727271        4.4949494949494948        305.23610856246017     
   2.7272727272727271        4.5454545454545459        305.23611113807920     
   2.7272727272727271        4.5959595959595960        305.23611341359629     
   2.7272727272727271        4.6464646464646462        305.23611539377549     
   2.7272727272727271        4.6969696969696972        305.23611708282664     
   2.7272727272727271        4.7474747474747474        305.23611848440794     
   2.7272727272727271        4.7979797979797976        305.23611960162913     
   2.7272727272727271        4.8484848484848486        305.23612043705384     
   2.7272727272727271        4.8989898989898988        305.23612099270298     
   2.7272727272727271        4.9494949494949498        305.23612127005646     
   2.7272727272727271        5.0000000000000000        305.23612127005646     

   2.8282828282828283        0.0000000000000000        305.13305683288775     
   2.8282828282828283        5.0505050505050504E-002   305.13305683288775     
   2.8282828282828283       0.10101010101010101        305.13312691411926     
   2.8282828282828283       0.15151515151515152        305.13321893947153     
   2.8282828282828283       0.20202020202020202        305.13331677172783     
   2.8282828282828283       0.25252525252525254        305.13341501140798     
   2.8282828282828283       0.30303030303030304        305.13351186088909     
   2.8282828282828283       0.35353535353535354        305.13360673077301     
   2.8282828282828283       0.40404040404040403        305.13369943737075     
   2.8282828282828283       0.45454545454545453        305.13378993375125     
   2.8282828282828283       0.50505050505050508        305.13387821961618     
   2.8282828282828283       0.55555555555555558        305.13396431107782     
   2.8282828282828283       0.60606060606060608        305.13404823049336     
   2.8282828282828283       0.65656565656565657        305.13413000300892     
   2.8282828282828283       0.70707070707070707        305.13420965534914     
   2.8282828282828283       0.75757575757575757        305.13428721535763     
   2.8282828282828283       0.80808080808080807        305.13436271179052     
   2.8282828282828283       0.85858585858585856        305.13443617419557     
   2.8282828282828283       0.90909090909090906        305.13450763282191     
   2.8282828282828283       0.95959595959595956        305.13457711854250     
   2.8282828282828283        1.0101010101010102        305.13464466278259     
   2.8282828282828283        1.0606060606060606        305.13471029745284     
   2.8282828282828283        1.1111111111111112        305.13477405488601     
   2.8282828282828283        1.1616161616161615        305.13483596777718     
   2.8282828282828283        1.2121212121212122        305.13489606912759     
   2.8282828282828283        1.2626262626262625        305.13495439219037     
   2.8282828282828283        1.3131313131313131        305.13501097042092     
   2.8282828282828283        1.3636363636363635        305.13506583742861     
   2.8282828282828283        1.4141414141414141        305.13511902693222     
   2.8282828282828283        1.4646464646464648        305.13517057271628     
   2.8282828282828283        1.5151515151515151        305.13522050859189     
   2.8282828282828283        1.5656565656565657        305.13526886835717     
   2.8282828282828283        1.6161616161616161        305.13531568576178     
   2.8282828282828283        1.6666666666666667        305.13536099447180     
   2.8282828282828283        1.7171717171717171        305.13540482803739     
   2.8282828282828283        1.7676767676767677        305.13544721986113     
   2.8282828282828283        1.8181818181818181        305.13548820316862     
   2.8282828282828283        1.8686868686868687        305.13552781098002     
   2.8282828282828283        1.9191919191919191        305.13556607608308     
   2.8282828282828283        1.9696969696969697        305.13560303100803     
   2.8282828282828283        2.0202020202020203        305.13563870800226     
   2.8282828282828283        2.0707070707070705        305.13567313900813     
   2.8282828282828283        2.1212121212121211        305.13570635564020     
   2.8282828282828283        2.1717171717171717        305.13573838916477     
   2.8282828282828283        2.2222222222222223        305.13576927047956     
   2.8282828282828283        2.2727272727272729        305.13579903009526     
   2.8282828282828283        2.3232323232323231        305.13582769811723     
   2.8282828282828283        2.3737373737373737        305.13585530422932     
   2.8282828282828283        2.4242424242424243        305.13588187767749     
   2.8282828282828283        2.4747474747474749        305.13590744725491     
   2.8282828282828283        2.5252525252525251        305.13593204128819     
   2.8282828282828283        2.5757575757575757        305.13595568762406     
   2.8282828282828283        2.6262626262626263        305.13597841361718     
   2.8282828282828283        2.6767676767676769        305.13600024611850     
   2.8282828282828283        2.7272727272727271        305.13602121146511     
   2.8282828282828283        2.7777777777777777        305.13604133547000     
   2.8282828282828283        2.8282828282828283        305.13606064341332     
   2.8282828282828283        2.8787878787878789        305.13607916003434     
   2.8282828282828283        2.9292929292929295        305.13609690952330     
   2.8282828282828283        2.9797979797979797        305.13611391551541     
   2.8282828282828283        3.0303030303030303        305.13613020108414     
   2.8282828282828283        3.0808080808080809        305.13614578873614     
   2.8282828282828283        3.1313131313131315        305.13616070040638     
   2.8282828282828283        3.1818181818181817        305.13617495745370     
   2.8282828282828283        3.2323232323232323        305.13618858065774     
   2.8282828282828283        3.2828282828282829        305.13620159021531     
   2.8282828282828283        3.3333333333333335        305.13621400573840     
   2.8282828282828283        3.3838383838383836        305.13622584625188     
   2.8282828282828283        3.4343434343434343        305.13623713019211     
   2.8282828282828283        3.4848484848484849        305.13624787540596     
   2.8282828282828283        3.5353535353535355        305.13625809915010     
   2.8282828282828283        3.5858585858585861        305.13626781809046     
   2.8282828282828283        3.6363636363636362        305.13627704830310     
   2.8282828282828283        3.6868686868686869        305.13628580527393     
   2.8282828282828283        3.7373737373737375        305.13629410390013     
   2.8282828282828283        3.7878787878787881        305.13630195849112     
   2.8282828282828283        3.8383838383838382        305.13630938276958     
   2.8282828282828283        3.8888888888888888        305.13631638987351     
   2.8282828282828283        3.9393939393939394        305.13632299235803     
   2.8282828282828283        3.9898989898989901        305.13632920219703     
   2.8282828282828283        4.0404040404040407        305.13633503078603     
   2.8282828282828283        4.0909090909090908        305.13634048894414     
   2.8282828282828283        4.1414141414141410        305.13634558691683     
   2.8282828282828283        4.1919191919191920        305.13635033437822     
   2.8282828282828283        4.2424242424242422        305.13635474043411     
   2.8282828282828283        4.2929292929292933        305.13635881362472     
   2.8282828282828283        4.3434343434343434        305.13636256192774     
   2.8282828282828283        4.3939393939393936        305.13636599276072     
   2.8282828282828283        4.4444444444444446        305.13636911298454     
   2.8282828282828283        4.4949494949494948        305.13637192890627     
   2.8282828282828283        4.5454545454545459        305.13637444628176     
   2.8282828282828283        4.5959595959595960        305.13637667031901     
   2.8282828282828283        4.6464646464646462        305.13637860568087     
   2.8282828282828283        4.6969696969696972        305.13638025648805     
   2.8282828282828283        4.7474747474747474        305.13638162632162     
   2.8282828282828283        4.7979797979797976        305.13638271822646     
   2.8282828282828283        4.8484848484848486        305.13638353471333     
   2.8282828282828283        4.8989898989898988        305.13638407776205     
   2.8282828282828283        4.9494949494949498        305.13638434882381     
   2.8282828282828283        5.0000000000000000        305.13638434882387     

   2.9292929292929295        0.0000000000000000        305.03361242023857     
   2.9292929292929295        5.0505050505050504E-002   305.03361242023857     
   2.9292929292929295       0.10101010101010101        305.03368067675308     
   2.9292929292929295       0.15151515151515152        305.03377034459442     
   2.9292929292929295       0.20202020202020202        305.03386569343957     
   2.9292929292929295       0.25252525252525254        305.03396145122764     
   2.9292929292929295       0.30303030303030304        305.03405585977282     
   2.9292929292929295       0.35353535353535354        305.03414834149407     
   2.9292929292929295       0.40404040404040403        305.03423871586239     
   2.9292929292929295       0.45454545454545453        305.03432693638484     
   2.9292929292929295       0.50505050505050508        305.03441300233357     
   2.9292929292929295       0.55555555555555558        305.03449692910226     
   2.9292929292929295       0.60606060606060608        305.03457873822305     
   2.9292929292929295       0.65656565656565657        305.03465845397153     
   2.9292929292929295       0.70707070707070707        305.03473610217839     
   2.9292929292929295       0.75757575757575757        305.03481170978046     
   2.9292929292929295       0.80808080808080807        305.03488530462050     
   2.9292929292929295       0.85858585858585856        305.03495691533089     
   2.9292929292929295       0.90909090909090906        305.03502657124716     
   2.9292929292929295       0.95959595959595956        305.03509430233356     
   2.9292929292929295        1.0101010101010102        305.03516013911366     
   2.9292929292929295        1.0606060606060606        305.03522411260548     
   2.9292929292929295        1.1111111111111112        305.03528625425935     
   2.9292929292929295        1.1616161616161615        305.03534659589945     
   2.9292929292929295        1.2121212121212122        305.03540516966763     
   2.9292929292929295        1.2626262626262625        305.03546200797007     
   2.9292929292929295        1.3131313131313131        305.03551714342740     
   2.9292929292929295        1.3636363636363635        305.03557060882650     
   2.9292929292929295        1.4141414141414141        305.03562243707501     
   2.9292929292929295        1.4646464646464648        305.03567266115863     
   2.9292929292929295        1.5151515151515151        305.03572131410010     
   2.9292929292929295        1.5656565656565657        305.03576842892022     
   2.9292929292929295        1.6161616161616161        305.03581403860147     
   2.9292929292929295        1.6666666666666667        305.03585817605227     
   2.9292929292929295        1.7171717171717171        305.03590087407440     
   2.9292929292929295        1.7676767676767677        305.03594216533111     
   2.9292929292929295        1.8181818181818181        305.03598208231682     
   2.9292929292929295        1.8686868686868687        305.03602065732855     
   2.9292929292929295        1.9191919191919191        305.03605792243906     
   2.9292929292929295        1.9696969696969697        305.03609390947048     
   2.9292929292929295        2.0202020202020203        305.03612864997001     
   2.9292929292929295        2.0707070707070705        305.03616217518640     
   2.9292929292929295        2.1212121212121211        305.03619451604794     
   2.9292929292929295        2.1717171717171717        305.03622570314133     
   2.9292929292929295        2.2222222222222223        305.03625576669174     
   2.9292929292929295        2.2727272727272729        305.03628473654402     
   2.9292929292929295        2.3232323232323231        305.03631264214482     
   2.9292929292929295        2.3737373737373737        305.03633951252607     
   2.9292929292929295        2.4242424242424243        305.03636537628910     
   2.9292929292929295        2.4747474747474749        305.03639026158964     
   2.9292929292929295        2.5252525252525251        305.03641419612427     
   2.9292929292929295        2.5757575757575757        305.03643720711722     
   2.9292929292929295        2.6262626262626263        305.03645932130866     
   2.9292929292929295        2.6767676767676769        305.03648056494291     
   2.9292929292929295        2.7272727272727271        305.03650096375867     
   2.9292929292929295        2.7777777777777777        305.03652054297919     
   2.9292929292929295        2.8282828282828283        305.03653932730361     
   2.9292929292929295        2.8787878787878789        305.03655734089909     
   2.9292929292929295        2.9292929292929295        305.03657460739322     
   2.9292929292929295        2.9797979797979797        305.03659114986795     
   2.9292929292929295        3.0303030303030303        305.03660699085356     
   2.9292929292929295        3.0808080808080809        305.03662215232350     
   2.9292929292929295        3.1313131313131315        305.03663665568979     
   2.9292929292929295        3.1818181818181817        305.03665052179946     
   2.9292929292929295        3.2323232323232323        305.03666377093066     
   2.9292929292929295        3.2828282828282829        305.03667642279021     
   2.9292929292929295        3.3333333333333335        305.03668849651149     
   2.9292929292929295        3.3838383838383836        305.03670001065251     
   2.9292929292929295        3.4343434343434343        305.03671098319450     
   2.9292929292929295        3.4848484848484849        305.03672143154142     
   2.9292929292929295        3.5353535353535355        305.03673137251940     
   2.9292929292929295        3.5858585858585861        305.03674082237654     
   2.9292929292929295        3.6363636363636362        305.03674979678368     
   2.9292929292929295        3.6868686868686869        305.03675831083461     
   2.9292929292929295        3.7373737373737375        305.03676637904732     
   2.9292929292929295        3.7878787878787881        305.03677401536549     
   2.9292929292929295        3.8383838383838382        305.03678123315967     
   2.9292929292929295        3.8888888888888888        305.03678804522912     
   2.9292929292929295        3.9393939393939394        305.03679446380414     
   2.9292929292929295        3.9898989898989901        305.03680050054771     
   2.9292929292929295        4.0404040404040407        305.03680616655834     
   2.9292929292929295        4.0909090909090908        305.03681147237234     
   2.9292929292929295        4.1414141414141410        305.03681642796641     
   2.9292929292929295        4.1919191919191920        305.03682104276066     
   2.9292929292929295        4.2424242424242422        305.03682532562090     
   2.9292929292929295        4.2929292929292933        305.03682928486188     
   2.9292929292929295        4.3434343434343434        305.03683292825031     
   2.9292929292929295        4.3939393939393936        305.03683626300744     
   2.9292929292929295        4.4444444444444446        305.03683929581234     
   2.9292929292929295        4.4949494949494948        305.03684203280488     
   2.9292929292929295        4.5454545454545459        305.03684447958852     
   2.9292929292929295        4.5959595959595960        305.03684664123341     
   2.9292929292929295        4.6464646464646462        305.03684852227929     
   2.9292929292929295        4.6969696969696972        305.03685012673833     
   2.9292929292929295        4.7474747474747474        305.03685145809783     
   2.9292929292929295        4.7979797979797976        305.03685251932347     
   2.9292929292929295        4.8484848484848486        305.03685331286147     
   2.9292929292929295        4.8989898989898988        305.03685384064164     
   2.9292929292929295        4.9494949494949498        305.03685410407962     
   2.9292929292929295        5.0000000000000000        305.03685410407962     

   3.0303030303030303        0.0000000000000000        304.93438481451943     
   3.0303030303030303        5.0505050505050504E-002   304.93438481451943     
   3.0303030303030303       0.10101010101010101        304.93445095063839     
   3.0303030303030303       0.15151515151515152        304.93453787172717     
   3.0303030303030303       0.20202020202020202        304.93463032221376     
   3.0303030303030303       0.25252525252525254        304.93472318021520     
   3.0303030303030303       0.30303030303030304        304.93481473460082     
   3.0303030303030303       0.35353535353535354        304.93490442214363     
   3.0303030303030303       0.40404040404040403        304.93499206630736     
   3.0303030303030303       0.45454545454545453        304.93507762129821     
   3.0303030303030303       0.50505050505050508        304.93516108602563     
   3.0303030303030303       0.55555555555555558        304.93524247516484     
   3.0303030303030303       0.60606060606060608        304.93532180939849     
   3.0303030303030303       0.65656565656565657        304.93539911209513     
   3.0303030303030303       0.70707070707070707        304.93547440814797     
   3.0303030303030303       0.75757575757575757        304.93554772353752     
   3.0303030303030303       0.80808080808080807        304.93561908513772     
   3.0303030303030303       0.85858585858585856        304.93568852060446     
   3.0303030303030303       0.90909090909090906        304.93575605829278     
   3.0303030303030303       0.95959595959595956        304.93582172718573     
   3.0303030303030303        1.0101010101010102        304.93588555682703     
   3.0303030303030303        1.0606060606060606        304.93594757725862     
   3.0303030303030303        1.1111111111111112        304.93600781896021     
   3.0303030303030303        1.1616161616161615        304.93606631279164     
   3.0303030303030303        1.2121212121212122        304.93612308993795     
   3.0303030303030303        1.2626262626262625        304.93617818185692     
   3.0303030303030303        1.3131313131313131        304.93623162022891     
   3.0303030303030303        1.3636363636363635        304.93628343690943     
   3.0303030303030303        1.4141414141414141        304.93633366388400     
   3.0303030303030303        1.4646464646464648        304.93638233322463     
   3.0303030303030303        1.5151515151515151        304.93642947704933     
   3.0303030303030303        1.5656565656565657        304.93647512748294     
   3.0303030303030303        1.6161616161616161        304.93651931662009     
   3.0303030303030303        1.6666666666666667        304.93656207648991     
   3.0303030303030303        1.7171717171717171        304.93660343902292     
   3.0303030303030303        1.7676767676767677        304.93664343601864     
   3.0303030303030303        1.8181818181818181        304.93668209911584     
   3.0303030303030303        1.8686868686868687        304.93671945976337     
   3.0303030303030303        1.9191919191919191        304.93675554919315     
   3.0303030303030303        1.9696969696969697        304.93679039839384     
   3.0303030303030303        2.0202020202020203        304.93682403808674     
   3.0303030303030303        2.0707070707070705        304.93685649870167     
   3.0303030303030303        2.1212121212121211        304.93688781035564     
   3.0303030303030303        2.1717171717171717        304.93691800283142     
   3.0303030303030303        2.2222222222222223        304.93694710555764     
   3.0303030303030303        2.2727272727272729        304.93697514759049     
   3.0303030303030303        2.3232323232323231        304.93700215759577     
   3.0303030303030303        2.3737373737373737        304.93702816383257     
   3.0303030303030303        2.4242424242424243        304.93705319413749     
   3.0303030303030303        2.4747474747474749        304.93707727591021     
   3.0303030303030303        2.5252525252525251        304.93710043609991     
   3.0303030303030303        2.5757575757575757        304.93712270119261     
   3.0303030303030303        2.6262626262626263        304.93714409719917     
   3.0303030303030303        2.6767676767676769        304.93716464964473     
   3.0303030303030303        2.7272727272727271        304.93718438355836     
   3.0303030303030303        2.7777777777777777        304.93720332346408     
   3.0303030303030303        2.8282828282828283        304.93722149337242     
   3.0303030303030303        2.8787878787878789        304.93723891677269     
   3.0303030303030303        2.9292929292929295        304.93725561662609     
   3.0303030303030303        2.9797979797979797        304.93727161535952     
   3.0303030303030303        3.0303030303030303        304.93728693486014     
   3.0303030303030303        3.0808080808080809        304.93730159647060     
   3.0303030303030303        3.1313131313131315        304.93731562098458     
   3.0303030303030303        3.1818181818181817        304.93732902864349     
   3.0303030303030303        3.2323232323232323        304.93734183913313     
   3.0303030303030303        3.2828282828282829        304.93735407158147     
   3.0303030303030303        3.3333333333333335        304.93736574455659     
   3.0303030303030303        3.3838383838383836        304.93737687606540     
   3.0303030303030303        3.4343434343434343        304.93738748355224     
   3.0303030303030303        3.4848484848484849        304.93739758389864     
   3.0303030303030303        3.5353535353535355        304.93740719342304     
   3.0303030303030303        3.5858585858585861        304.93741632788107     
   3.0303030303030303        3.6363636363636362        304.93742500246600     
   3.0303030303030303        3.6868686868686869        304.93743323180985     
   3.0303030303030303        3.7373737373737375        304.93744102998431     
   3.0303030303030303        3.7878787878787881        304.93744841050250     
   3.0303030303030303        3.8383838383838382        304.93745538632049     
   3.0303030303030303        3.8888888888888888        304.93746196983932     
   3.0303030303030303        3.9393939393939394        304.93746817290713     
   3.0303030303030303        3.9898989898989901        304.93747400682133     
   3.0303030303030303        4.0404040404040407        304.93747948233147     
   3.0303030303030303        4.0909090909090908        304.93748460964150     
   3.0303030303030303        4.1414141414141410        304.93748939841265     
   3.0303030303030303        4.1919191919191920        304.93749385776613     
   3.0303030303030303        4.2424242424242422        304.93749799628614     
   3.0303030303030303        4.2929292929292933        304.93750182202257     
   3.0303030303030303        4.3434343434343434        304.93750534249460     
   3.0303030303030303        4.3939393939393936        304.93750856469279     
   3.0303030303030303        4.4444444444444446        304.93751149508296     
   3.0303030303030303        4.4949494949494948        304.93751413960860     
   3.0303030303030303        4.5454545454545459        304.93751650369427     
   3.0303030303030303        4.5959595959595960        304.93751859224818     
   3.0303030303030303        4.6464646464646462        304.93752040966552     
   3.0303030303030303        4.6969696969696972        304.93752195983097     
   3.0303030303030303        4.7474747474747474        304.93752324612177     
   3.0303030303030303        4.7979797979797976        304.93752427141021     
   3.0303030303030303        4.8484848484848486        304.93752503806678     
   3.0303030303030303        4.8989898989898988        304.93752554796220     
   3.0303030303030303        4.9494949494949498        304.93752580247030     
   3.0303030303030303        5.0000000000000000        304.93752580247036     

   3.1313131313131315        0.0000000000000000        304.83536800721453     
   3.1313131313131315        5.0505050505050504E-002   304.83536800721453     
   3.1313131313131315       0.10101010101010101        304.83543173590550     
   3.1313131313131315       0.15151515151515152        304.83551553222867     
   3.1313131313131315       0.20202020202020202        304.83560468129173     
   3.1313131313131315       0.25252525252525254        304.83569423353561     
   3.1313131313131315       0.30303030303030304        304.83578253230684     
   3.1313131313131315       0.35353535353535354        304.83586903120749     
   3.1313131313131315       0.40404040404040403        304.83595355850514     
   3.1313131313131315       0.45454545454545453        304.83603606935719     
   3.1313131313131315       0.50505050505050508        304.83611656237377     
   3.1313131313131315       0.55555555555555558        304.83619505150926     
   3.1313131313131315       0.60606060606060608        304.83627155657001     
   3.1313131313131315       0.65656565656565657        304.83634609998052     
   3.1313131313131315       0.70707070707070707        304.83641870565236     
   3.1313131313131315       0.75757575757575757        304.83648939856010     
   3.1313131313131315       0.80808080808080807        304.83655820455431     
   3.1313131313131315       0.85858585858585856        304.83662515025463     
   3.1313131313131315       0.90909090909090906        304.83669026297059     
   3.1313131313131315       0.95959595959595956        304.83675357063362     
   3.1313131313131315        1.0101010101010102        304.83681510173272     
   3.1313131313131315        1.0606060606060606        304.83687488525345     
   3.1313131313131315        1.1111111111111112        304.83693295062017     
   3.1313131313131315        1.1616161616161615        304.83698932763929     
   3.1313131313131315        1.2121212121212122        304.83704404644601     
   3.1313131313131315        1.2626262626262625        304.83709713745208     
   3.1313131313131315        1.3131313131313131        304.83714863129740     
   3.1313131313131315        1.3636363636363635        304.83719855880213     
   3.1313131313131315        1.4141414141414141        304.83724695092263     
   3.1313131313131315        1.4646464646464648        304.83729383870821     
   3.1313131313131315        1.5151515151515151        304.83733925326021     
   3.1313131313131315        1.5656565656565657        304.83738322569377     
   3.1313131313131315        1.6161616161616161        304.83742578710036     
   3.1313131313131315        1.6666666666666667        304.83746696851273     
   3.1313131313131315        1.7171717171717171        304.83750680087184     
   3.1313131313131315        1.7676767676767677        304.83754531499449     
   3.1313131313131315        1.8181818181818181        304.83758254154372     
   3.1313131313131315        1.8686868686868687        304.83761851099962     
   3.1313131313131315        1.9191919191919191        304.83765325363225     
   3.1313131313131315        1.9696969696969697        304.83768679947582     
   3.1313131313131315        2.0202020202020203        304.83771917830427     
   3.1313131313131315        2.0707070707070705        304.83775041960774     
   3.1313131313131315        2.1212121212121211        304.83778055257096     
   3.1313131313131315        2.1717171717171717        304.83780960605259     
   3.1313131313131315        2.2222222222222223        304.83783760856517     
   3.1313131313131315        2.2727272727272729        304.83786458825705     
   3.1313131313131315        2.3232323232323231        304.83789057289493     
   3.1313131313131315        2.3737373737373737        304.83791558984780     
   3.1313131313131315        2.4242424242424243        304.83793966607158     
   3.1313131313131315        2.4747474747474749        304.83796282809465     
   3.1313131313131315        2.5252525252525251        304.83798510200512     
   3.1313131313131315        2.5757575757575757        304.83800651343807     
   3.1313131313131315        2.6262626262626263        304.83802708756446     
   3.1313131313131315        2.6767676767676769        304.83804684908040     
   3.1313131313131315        2.7272727272727271        304.83806582219756     
   3.1313131313131315        2.7777777777777777        304.83808403063460     
   3.1313131313131315        2.8282828282828283        304.83810149760870     
   3.1313131313131315        2.8787878787878789        304.83811824582887     
   3.1313131313131315        2.9292929292929295        304.83813429748869     
   3.1313131313131315        2.9797979797979797        304.83814967426127     
   3.1313131313131315        3.0303030303030303        304.83816439729384     
   3.1313131313131315        3.0808080808080809        304.83817848720298     
   3.1313131313131315        3.1313131313131315        304.83819196407120     
   3.1313131313131315        3.1818181818181817        304.83820484744359     
   3.1313131313131315        3.2323232323232323        304.83821715632507     
   3.1313131313131315        3.2828282828282829        304.83822890917816     
   3.1313131313131315        3.3333333333333335        304.83824012392159     
   3.1313131313131315        3.3838383838383836        304.83825081792912     
   3.1313131313131315        3.4343434343434343        304.83826100802833     
   3.1313131313131315        3.4848484848484849        304.83827071050121     
   3.1313131313131315        3.5353535353535355        304.83827994108356     
   3.1313131313131315        3.5858585858585861        304.83828871496559     
   3.1313131313131315        3.6363636363636362        304.83829704679312     
   3.1313131313131315        3.6868686868686869        304.83830495066820     
   3.1313131313131315        3.7373737373737375        304.83831244015096     
   3.1313131313131315        3.7878787878787881        304.83831952826097     
   3.1313131313131315        3.8383838383838382        304.83832622747912     
   3.1313131313131315        3.8888888888888888        304.83833254975008     
   3.1313131313131315        3.9393939393939394        304.83833850648438     
   3.1313131313131315        3.9898989898989901        304.83834410856070     
   3.1313131313131315        4.0404040404040407        304.83834936632877     
   3.1313131313131315        4.0909090909090908        304.83835428961203     
   3.1313131313131315        4.1414141414141410        304.83835888771046     
   3.1313131313131315        4.1919191919191920        304.83836316940312     
   3.1313131313131315        4.2424242424242422        304.83836714295188     
   3.1313131313131315        4.2929292929292933        304.83837081610363     
   3.1313131313131315        4.3434343434343434        304.83837419609398     
   3.1313131313131315        4.3939393939393936        304.83837728964988     
   3.1313131313131315        4.4444444444444446        304.83838010299274     
   3.1313131313131315        4.4949494949494948        304.83838264184163     
   3.1313131313131315        4.5454545454545459        304.83838491141609     
   3.1313131313131315        4.5959595959595960        304.83838691643922     
   3.1313131313131315        4.6464646464646462        304.83838866114070     
   3.1313131313131315        4.6969696969696972        304.83839014925934     
   3.1313131313131315        4.7474747474747474        304.83839138404602     
   3.1313131313131315        4.7979797979797976        304.83839236826657     
   3.1313131313131315        4.8484848484848486        304.83839310420416     
   3.1313131313131315        4.8989898989898988        304.83839359366198     
   3.1313131313131315        4.9494949494949498        304.83839383796573     
   3.1313131313131315        5.0000000000000000        304.83839383796573     

   3.2323232323232323        0.0000000000000000        304.73655508100109     
   3.2323232323232323        5.0505050505050504E-002   304.73655508100109     
   3.2323232323232323       0.10101010101010101        304.73661612503332     
   3.2323232323232323       0.15151515151515152        304.73669643132507     
   3.2323232323232323       0.20202020202020202        304.73678188939726     
   3.2323232323232323       0.25252525252525254        304.73686774345845     
   3.2323232323232323       0.30303030303030304        304.73695239853117     
   3.2323232323232323       0.35353535353535354        304.73703532744798     
   3.2323232323232323       0.40404040404040403        304.73711636406802     
   3.2323232323232323       0.45454545454545453        304.73719546474354     
   3.2323232323232323       0.50505050505050508        304.73727262784490     
   3.2323232323232323       0.55555555555555558        304.73734786660179     
   3.2323232323232323       0.60606060606060608        304.73742119991675     
   3.2323232323232323       0.65656565656565657        304.73749264923208     
   3.2323232323232323       0.70707070707070707        304.73756223743408     
   3.2323232323232323       0.75757575757575757        304.73762998844268     
   3.2323232323232323       0.80808080808080807        304.73769592703144     
   3.2323232323232323       0.85858585858585856        304.73776007872527     
   3.2323232323232323       0.90909090909090906        304.73782246972593     
   3.2323232323232323       0.95959595959595956        304.73788312684547     
   3.2323232323232323        1.0101010101010102        304.73794207744601     
   3.2323232323232323        1.0606060606060606        304.73799934938052     
   3.2323232323232323        1.1111111111111112        304.73805497093696     
   3.2323232323232323        1.1616161616161615        304.73810897078351     
   3.2323232323232323        1.2121212121212122        304.73816137791641     
   3.2323232323232323        1.2626262626262625        304.73821222160933     
   3.2323232323232323        1.3131313131313131        304.73826153136559     
   3.2323232323232323        1.3636363636363635        304.73830933687134     
   3.2323232323232323        1.4141414141414141        304.73835566795208     
   3.2323232323232323        1.4646464646464648        304.73840055452985     
   3.2323232323232323        1.5151515151515151        304.73844402658335     
   3.2323232323232323        1.5656565656565657        304.73848611410909     
   3.2323232323232323        1.6161616161616161        304.73852684708527     
   3.2323232323232323        1.6666666666666667        304.73856625543664     
   3.2323232323232323        1.7171717171717171        304.73860436900145     
   3.2323232323232323        1.7676767676767677        304.73864121749983     
   3.2323232323232323        1.8181818181818181        304.73867683050401     
   3.2323232323232323        1.8686868686868687        304.73871123740969     
   3.2323232323232323        1.9191919191919191        304.73874446740933     
   3.2323232323232323        1.9696969696969697        304.73877654946619     
   3.2323232323232323        2.0202020202020203        304.73880751229069     
   3.2323232323232323        2.0707070707070705        304.73883738431692     
   3.2323232323232323        2.1212121212121211        304.73886619368142     
   3.2323232323232323        2.1717171717171717        304.73889396820272     
   3.2323232323232323        2.2222222222222223        304.73892073536217     
   3.2323232323232323        2.2727272727272729        304.73894652228569     
   3.2323232323232323        2.3232323232323231        304.73897135572719     
   3.2323232323232323        2.3737373737373737        304.73899526205247     
   3.2323232323232323        2.4242424242424243        304.73901826722459     
   3.2323232323232323        2.4747474747474749        304.73904039678985     
   3.2323232323232323        2.5252525252525251        304.73906167586551     
   3.2323232323232323        2.5757575757575757        304.73908212912721     
   3.2323232323232323        2.6262626262626263        304.73910178079876     
   3.2323232323232323        2.6767676767676769        304.73912065464157     
   3.2323232323232323        2.7272727272727271        304.73913877394568     
   3.2323232323232323        2.7777777777777777        304.73915616152169     
   3.2323232323232323        2.8282828282828283        304.73917283969269     
   3.2323232323232323        2.8787878787878789        304.73918883028756     
   3.2323232323232323        2.9292929292929295        304.73920415463527     
   3.2323232323232323        2.9797979797979797        304.73921883355945     
   3.2323232323232323        3.0303030303030303        304.73923288737319     
   3.2323232323232323        3.0808080808080809        304.73924633587563     
   3.2323232323232323        3.1313131313131315        304.73925919834801     
   3.2323232323232323        3.1818181818181817        304.73927149355143     
   3.2323232323232323        3.2323232323232323        304.73928323972387     
   3.2323232323232323        3.2828282828282829        304.73929445457924     
   3.2323232323232323        3.3333333333333335        304.73930515530498     
   3.2323232323232323        3.3838383838383836        304.73931535856241     
   3.2323232323232323        3.4343434343434343        304.73932508048563     
   3.2323232323232323        3.4848484848484849        304.73933433668185     
   3.2323232323232323        3.5353535353535355        304.73934314223158     
   3.2323232323232323        3.5858585858585861        304.73935151168973     
   3.2323232323232323        3.6363636363636362        304.73935945908607     
   3.2323232323232323        3.6868686868686869        304.73936699792739     
   3.2323232323232323        3.7373737373737375        304.73937414119860     
   3.2323232323232323        3.7878787878787881        304.73938090136465     
   3.2323232323232323        3.8383838383838382        304.73938729037297     
   3.2323232323232323        3.8888888888888888        304.73939331965539     
   3.2323232323232323        3.9393939393939394        304.73939900013079     
   3.2323232323232323        3.9898989898989901        304.73940434220771     
   3.2323232323232323        4.0404040404040407        304.73940935578702     
   3.2323232323232323        4.0909090909090908        304.73941405026483     
   3.2323232323232323        4.1414141414141410        304.73941843453548     
   3.2323232323232323        4.1919191919191920        304.73942251699447     
   3.2323232323232323        4.2424242424242422        304.73942630554126     
   3.2323232323232323        4.2929292929292933        304.73942980758306     
   3.2323232323232323        4.3434343434343434        304.73943303003716     
   3.2323232323232323        4.3939393939393936        304.73943597933453     
   3.2323232323232323        4.4444444444444446        304.73943866142247     
   3.2323232323232323        4.4949494949494948        304.73944108176795     
   3.2323232323232323        4.5454545454545459        304.73944324536075     
   3.2323232323232323        4.5959595959595960        304.73944515671610     
   3.2323232323232323        4.6464646464646462        304.73944681987780     
   3.2323232323232323        4.6969696969696972        304.73944823842101     
   3.2323232323232323        4.7474747474747474        304.73944941545483     
   3.2323232323232323        4.7979797979797976        304.73945035362527     
   3.2323232323232323        4.8484848484848486        304.73945105511751     
   3.2323232323232323        4.8989898989898988        304.73945152165885     
   3.2323232323232323        4.9494949494949498        304.73945175452064     
   3.2323232323232323        5.0000000000000000        304.73945175452064     

   3.3333333333333335        0.0000000000000000        304.63793823777411     
   3.3333333333333335        5.0505050505050504E-002   304.63793823777411     
   3.3333333333333335       0.10101010101010101        304.63799633083363     
   3.3333333333333335       0.15151515151515152        304.63807279604202     
   3.3333333333333335       0.20202020202020202        304.63815418861441     
   3.3333333333333335       0.25252525252525254        304.63823596718322     
   3.3333333333333335       0.30303030303030304        304.63831660539176     
   3.3333333333333335       0.35353535353535354        304.63839559762380     
   3.3333333333333335       0.40404040404040403        304.63847278409122     
   3.3333333333333335       0.45454545454545453        304.63854812257597     
   3.3333333333333335       0.50505050505050508        304.63862161126508     
   3.3333333333333335       0.55555555555555558        304.63869326265825     
   3.3333333333333335       0.60606060606060608        304.63876309472664     
   3.3333333333333335       0.65656565656565657        304.63883112789296     
   3.3333333333333335       0.70707070707070707        304.63889738397484     
   3.3333333333333335       0.75757575757575757        304.63896188578980     
   3.3333333333333335       0.80808080808080807        304.63902465698254     
   3.3333333333333335       0.85858585858585856        304.63908572192776     
   3.3333333333333335       0.90909090909090906        304.63914510565832     
   3.3333333333333335       0.95959595959595956        304.63920283380304     
   3.3333333333333335        1.0101010101010102        304.63925893252838     
   3.3333333333333335        1.0606060606060606        304.63931342848190     
   3.3333333333333335        1.1111111111111112        304.63936634873846     
   3.3333333333333335        1.1616161616161615        304.63941772074747     
   3.3333333333333335        1.2121212121212122        304.63946757228211     
   3.3333333333333335        1.2626262626262625        304.63951593139029     
   3.3333333333333335        1.3131313131313131        304.63956282634808     
   3.3333333333333335        1.3636363636363635        304.63960828561403     
   3.3333333333333335        1.4141414141414141        304.63965233778634     
   3.3333333333333335        1.4646464646464648        304.63969501156117     
   3.3333333333333335        1.5151515151515151        304.63973633569304     
   3.3333333333333335        1.5656565656565657        304.63977633895746     
   3.3333333333333335        1.6161616161616161        304.63981505011435     
   3.3333333333333335        1.6666666666666667        304.63985249787419     
   3.3333333333333335        1.7171717171717171        304.63988871086508     
   3.3333333333333335        1.7676767676767677        304.63992371760185     
   3.3333333333333335        1.8181818181818181        304.63995754645651     
   3.3333333333333335        1.8686868686868687        304.63999022563030     
   3.3333333333333335        1.9191919191919191        304.64002178312722     
   3.3333333333333335        1.9696969696969697        304.64005224672889     
   3.3333333333333335        2.0202020202020203        304.64008164397092     
   3.3333333333333335        2.0707070707070705        304.64011000212014     
   3.3333333333333335        2.1212121212121211        304.64013734815393     
   3.3333333333333335        2.1717171717171717        304.64016370874026     
   3.3333333333333335        2.2222222222222223        304.64018911021861     
   3.3333333333333335        2.2727272727272729        304.64021357858297     
   3.3333333333333335        2.3232323232323231        304.64023713946528     
   3.3333333333333335        2.3737373737373737        304.64025981811989     
   3.3333333333333335        2.4242424242424243        304.64028163940958     
   3.3333333333333335        2.4747474747474749        304.64030262779238     
   3.3333333333333335        2.5252525252525251        304.64032280730891     
   3.3333333333333335        2.5757575757575757        304.64034220157157     
   3.3333333333333335        2.6262626262626263        304.64036083375396     
   3.3333333333333335        2.6767676767676769        304.64037872658145     
   3.3333333333333335        2.7272727272727271        304.64039590232215     
   3.3333333333333335        2.7777777777777777        304.64041238277991     
   3.3333333333333335        2.8282828282828283        304.64042818928652     
   3.3333333333333335        2.8787878787878789        304.64044334269590     
   3.3333333333333335        2.9292929292929295        304.64045786337829     
   3.3333333333333335        2.9797979797979797        304.64047177121557     
   3.3333333333333335        3.0303030303030303        304.64048508559688     
   3.3333333333333335        3.0808080808080809        304.64049782541531     
   3.3333333333333335        3.1313131313131315        304.64051000906466     
   3.3333333333333335        3.1818181818181817        304.64052165443724     
   3.3333333333333335        3.2323232323232323        304.64053277892197     
   3.3333333333333335        3.2828282828282829        304.64054339940293     
   3.3333333333333335        3.3333333333333335        304.64055353225854     
   3.3333333333333335        3.3838383838383836        304.64056319336117     
   3.3333333333333335        3.4343434343434343        304.64057239807687     
   3.3333333333333335        3.4848484848484849        304.64058116126614     
   3.3333333333333335        3.5353535353535355        304.64058949728445     
   3.3333333333333335        3.5858585858585861        304.64059741998329     
   3.3333333333333335        3.6363636363636362        304.64060494271132     
   3.3333333333333335        3.6868686868686869        304.64061207831645     
   3.3333333333333335        3.7373737373737375        304.64061883914741     
   3.3333333333333335        3.7878787878787881        304.64062523705593     
   3.3333333333333335        3.8383838383838382        304.64063128339922     
   3.3333333333333335        3.8888888888888888        304.64063698904204     
   3.3333333333333335        3.9393939393939394        304.64064236435991     
   3.3333333333333335        3.9898989898989901        304.64064741924136     
   3.3333333333333335        4.0404040404040407        304.64065216309132     
   3.3333333333333335        4.0909090909090908        304.64065660483340     
   3.3333333333333335        4.1414141414141410        304.64066075291379     
   3.3333333333333335        4.1919191919191920        304.64066461530359     
   3.3333333333333335        4.2424242424242422        304.64066819950256     
   3.3333333333333335        4.2929292929292933        304.64067151254193     
   3.3333333333333335        4.3434343434343434        304.64067456098746     
   3.3333333333333335        4.3939393939393936        304.64067735094289     
   3.3333333333333335        4.4444444444444446        304.64067988805289     
   3.3333333333333335        4.4949494949494948        304.64068217750588     
   3.3333333333333335        4.5454545454545459        304.64068422403761     
   3.3333333333333335        4.5959595959595960        304.64068603193357     
   3.3333333333333335        4.6464646464646462        304.64068760503221     
   3.3333333333333335        4.6969696969696972        304.64068894672783     
   3.3333333333333335        4.7474747474747474        304.64069005997266     
   3.3333333333333335        4.7979797979797976        304.64069094728035     
   3.3333333333333335        4.8484848484848486        304.64069161072786     
   3.3333333333333335        4.8989898989898988        304.64069205195818     
   3.3333333333333335        4.9494949494949498        304.64069227218249     
   3.3333333333333335        5.0000000000000000        304.64069227218255     

   3.4343434343434343        0.0000000000000000        304.53950883023577     
   3.4343434343434343        5.0505050505050504E-002   304.53950883023577     
   3.4343434343434343       0.10101010101010101        304.53956371799620     
   3.4343434343434343       0.15151515151515152        304.53963600669198     
   3.4343434343434343       0.20202020202020202        304.53971297581438     
   3.4343434343434343       0.25252525252525254        304.53979031820427     
   3.4343434343434343       0.30303030303030304        304.53986658279058     
   3.4343434343434343       0.35353535353535354        304.53994128773837     
   3.4343434343434343       0.40404040404040403        304.54001428034451     
   3.4343434343434343       0.45454545454545453        304.54008552004638     
   3.4343434343434343       0.50505050505050508        304.54015500490135     
   3.4343434343434343       0.55555555555555558        304.54022274667341     
   3.4343434343434343       0.60606060606060608        304.54028876237493     
   3.4343434343434343       0.65656565656565657        304.54035307137224     
   3.4343434343434343       0.70707070707070707        304.54041569437237     
   3.4343434343434343       0.75757575757575757        304.54047665304461     
   3.4343434343434343       0.80808080808080807        304.54053596985506     
   3.4343434343434343       0.85858585858585856        304.54059366797441     
   3.4343434343434343       0.90909090909090906        304.54064977120959     
   3.4343434343434343       0.95959595959595956        304.54070430394478     
   3.4343434343434343        1.0101010101010102        304.54075729108598     
   3.4343434343434343        1.0606060606060606        304.54080875800662     
   3.4343434343434343        1.1111111111111112        304.54085873049610     
   3.4343434343434343        1.1616161616161615        304.54090723470898     
   3.4343434343434343        1.2121212121212122        304.54095429711623     
   3.4343434343434343        1.2626262626262625        304.54099994445772     
   3.4343434343434343        1.3131313131313131        304.54104420369663     
   3.4343434343434343        1.3636363636363635        304.54108710197573     
   3.4343434343434343        1.4141414141414141        304.54112866657522     
   3.4343434343434343        1.4646464646464648        304.54116892487195     
   3.4343434343434343        1.5151515151515151        304.54120790430159     
   3.4343434343434343        1.5656565656565657        304.54124563232085     
   3.4343434343434343        1.6161616161616161        304.54128213637284     
   3.4343434343434343        1.6666666666666667        304.54131744385313     
   3.4343434343434343        1.7171717171717171        304.54135158207811     
   3.4343434343434343        1.7676767676767677        304.54138457825462     
   3.4343434343434343        1.8181818181818181        304.54141645945072     
   3.4343434343434343        1.8686868686868687        304.54144725256873     
   3.4343434343434343        1.9191919191919191        304.54147698431956     
   3.4343434343434343        1.9696969696969697        304.54150568119752     
   3.4343434343434343        2.0202020202020203        304.54153336945791     
   3.4343434343434343        2.0707070707070705        304.54156007509499     
   3.4343434343434343        2.1212121212121211        304.54158582382132     
   3.4343434343434343        2.1717171717171717        304.54161064104886     
   3.4343434343434343        2.2222222222222223        304.54163455187057     
   3.4343434343434343        2.2727272727272729        304.54165758104398     
   3.4343434343434343        2.3232323232323231        304.54167975297491     
   3.4343434343434343        2.3737373737373737        304.54170109170326     
   3.4343434343434343        2.4242424242424243        304.54172162088918     
   3.4343434343434343        2.4747474747474749        304.54174136380061     
   3.4343434343434343        2.5252525252525251        304.54176034330152     
   3.4343434343434343        2.5757575757575757        304.54177858184141     
   3.4343434343434343        2.6262626262626263        304.54179610144547     
   3.4343434343434343        2.6767676767676769        304.54181292370589     
   3.4343434343434343        2.7272727272727271        304.54182906977366     
   3.4343434343434343        2.7777777777777777        304.54184456035136     
   3.4343434343434343        2.8282828282828283        304.54185941568687     
   3.4343434343434343        2.8787878787878789        304.54187365556766     
   3.4343434343434343        2.9292929292929295        304.54188729931576     
   3.4343434343434343        2.9797979797979797        304.54190036578342     
   3.4343434343434343        3.0303030303030303        304.54191287334959     
   3.4343434343434343        3.0808080808080809        304.54192483991676     
   3.4343434343434343        3.1313131313131315        304.54193628290847     
   3.4343434343434343        3.1818181818181817        304.54194721926763     
   3.4343434343434343        3.2323232323232323        304.54195766545473     
   3.4343434343434343        3.2828282828282829        304.54196763744750     
   3.4343434343434343        3.3333333333333335        304.54197715073985     
   3.4343434343434343        3.3838383838383836        304.54198622034215     
   3.4343434343434343        3.4343434343434343        304.54199486078159     
   3.4343434343434343        3.4848484848484849        304.54200308610291     
   3.4343434343434343        3.5353535353535355        304.54201090986936     
   3.4343434343434343        3.5858585858585861        304.54201834516425     
   3.4343434343434343        3.6363636363636362        304.54202540459232     
   3.4343434343434343        3.6868686868686869        304.54203210028209     
   3.4343434343434343        3.7373737373737375        304.54203844388763     
   3.4343434343434343        3.7878787878787881        304.54204444659121     
   3.4343434343434343        3.8383838383838382        304.54205011910545     
   3.4343434343434343        3.8888888888888888        304.54205547167641     
   3.4343434343434343        3.9393939393939394        304.54206051408630     
   3.4343434343434343        3.9898989898989901        304.54206525565633     
   3.4343434343434343        4.0404040404040407        304.54206970524967     
   3.4343434343434343        4.0909090909090908        304.54207387127491     
   3.4343434343434343        4.1414141414141410        304.54207776168886     
   3.4343434343434343        4.1919191919191920        304.54208138399980     
   3.4343434343434343        4.2424242424242422        304.54208474527098     
   3.4343434343434343        4.2929292929292933        304.54208785212359     
   3.4343434343434343        4.3434343434343434        304.54209071073990     
   3.4343434343434343        4.3939393939393936        304.54209332686668     
   3.4343434343434343        4.4444444444444446        304.54209570581816     
   3.4343434343434343        4.4949494949494948        304.54209785247912     
   3.4343434343434343        4.5454545454545459        304.54209977130796     
   3.4343434343434343        4.5959595959595960        304.54210146633966     
   3.4343434343434343        4.6464646464646462        304.54210294118860     
   3.4343434343434343        4.6969696969696972        304.54210419905149     
   3.4343434343434343        4.7474747474747474        304.54210524270957     
   3.4343434343434343        4.7979797979797976        304.54210607453183     
   3.4343434343434343        4.8484848484848486        304.54210669647716     
   3.4343434343434343        4.8989898989898988        304.54210711009642     
   3.4343434343434343        4.9494949494949498        304.54210731653507     
   3.4343434343434343        5.0000000000000000        304.54210731653507     

   3.5353535353535355        0.0000000000000000        304.44125739691759     
   3.5353535353535355        5.0505050505050504E-002   304.44125739691759     
   3.5353535353535355       0.10101010101010101        304.44130883806162     
   3.5353535353535355       0.15151515151515152        304.44137663178373     
   3.5353535353535355       0.20202020202020202        304.44144883749755     
   3.5353535353535355       0.25252525252525254        304.44152140108696     
   3.5353535353535355       0.30303030303030304        304.44159295312375     
   3.5353535353535355       0.35353535353535354        304.44166303768577     
   3.5353535353535355       0.40404040404040403        304.44173150985557     
   3.5353535353535355       0.45454545454545453        304.44179833094216     
   3.5353535353535355       0.50505050505050508        304.44186349892436     
   3.5353535353535355       0.55555555555555558        304.44192702482474     
   3.5353535353535355       0.60606060606060608        304.44198892467006     
   3.5353535353535355       0.65656565656565657        304.44204921673503     
   3.5353535353535355       0.70707070707070707        304.44210792057629     
   3.5353535353535355       0.75757575757575757        304.44216505667072     
   3.5353535353535355       0.80808080808080807        304.44222064625865     
   3.5353535353535355       0.85858585858585856        304.44227471125606     
   3.5353535353535355       0.90909090909090906        304.44232727419018     
   3.5353535353535355       0.95959595959595956        304.44237835814300     
   3.5353535353535355        1.0101010101010102        304.44242798669865     
   3.5353535353535355        1.0606060606060606        304.44247618389227     
   3.5353535353535355        1.1111111111111112        304.44252297416006     
   3.5353535353535355        1.1616161616161615        304.44256838229074     
   3.5353535353535355        1.2121212121212122        304.44261243337900     
   3.5353535353535355        1.2626262626262625        304.44265515277925     
   3.5353535353535355        1.3131313131313131        304.44269656606241     
   3.5353535353535355        1.3636363636363635        304.44273669897251     
   3.5353535353535355        1.4141414141414141        304.44277557738678     
   3.5353535353535355        1.4646464646464648        304.44281322727585     
   3.5353535353535355        1.5151515151515151        304.44284967466677     
   3.5353535353535355        1.5656565656565657        304.44288494560664     
   3.5353535353535355        1.6161616161616161        304.44291906612892     
   3.5353535353535355        1.6666666666666667        304.44295206222017     
   3.5353535353535355        1.7171717171717171        304.44298395978939     
   3.5353535353535355        1.7676767676767677        304.44301478463876     
   3.5353535353535355        1.8181818181818181        304.44304456243498     
   3.5353535353535355        1.8686868686868687        304.44307331868310     
   3.5353535353535355        1.9191919191919191        304.44310107870183     
   3.5353535353535355        1.9696969696969697        304.44312786759934     
   3.5353535353535355        2.0202020202020203        304.44315371025101     
   3.5353535353535355        2.0707070707070705        304.44317863127856     
   3.5353535353535355        2.1212121212121211        304.44320265503012     
   3.5353535353535355        2.1717171717171717        304.44322580556235     
   3.5353535353535355        2.2222222222222223        304.44324810662232     
   3.5353535353535355        2.2727272727272729        304.44326958163225     
   3.5353535353535355        2.3232323232323231        304.44329025367358     
   3.5353535353535355        2.3737373737373737        304.44331014547390     
   3.5353535353535355        2.4242424242424243        304.44332927939382     
   3.5353535353535355        2.4747474747474749        304.44334767741520     
   3.5353535353535355        2.5252525252525251        304.44336536112991     
   3.5353535353535355        2.5757575757575757        304.44338235173024     
   3.5353535353535355        2.6262626262626263        304.44339867000008     
   3.5353535353535355        2.6767676767676769        304.44341433630626     
   3.5353535353535355        2.7272727272727271        304.44342937059162     
   3.5353535353535355        2.7777777777777777        304.44344379236838     
   3.5353535353535355        2.8282828282828283        304.44345762071242     
   3.5353535353535355        2.8787878787878789        304.44347087425808     
   3.5353535353535355        2.9292929292929295        304.44348357119389     
   3.5353535353535355        2.9797979797979797        304.44349572925915     
   3.5353535353535355        3.0303030303030303        304.44350736574040     
   3.5353535353535355        3.0808080808080809        304.44351849746926     
   3.5353535353535355        3.1313131313131315        304.44352914082060     
   3.5353535353535355        3.1818181818181817        304.44353931171082     
   3.5353535353535355        3.2323232323232323        304.44354902559712     
   3.5353535353535355        3.2828282828282829        304.44355829747747     
   3.5353535353535355        3.3333333333333335        304.44356714188973     
   3.5353535353535355        3.3838383838383836        304.44357557291306     
   3.5353535353535355        3.4343434343434343        304.44358360416788     
   3.5353535353535355        3.4848484848484849        304.44359124881765     
   3.5353535353535355        3.5353535353535355        304.44359851956972     
   3.5353535353535355        3.5858585858585861        304.44360542867742     
   3.5353535353535355        3.6363636363636362        304.44361198794201     
   3.5353535353535355        3.6868686868686869        304.44361820871478     
   3.5353535353535355        3.7373737373737375        304.44362410189962     
   3.5353535353535355        3.7878787878787881        304.44362967795547     
   3.5353535353535355        3.8383838383838382        304.44363494689929     
   3.5353535353535355        3.8888888888888888        304.44363991830875     
   3.5353535353535355        3.9393939393939394        304.44364460132545     
   3.5353535353535355        3.9898989898989901        304.44364900465786     
   3.5353535353535355        4.0404040404040407        304.44365313658460     
   3.5353535353535355        4.0909090909090908        304.44365700495780     
   3.5353535353535355        4.1414141414141410        304.44366061720615     
   3.5353535353535355        4.1919191919191920        304.44366398033821     
   3.5353535353535355        4.2424242424242422        304.44366710094607     
   3.5353535353535355        4.2929292929292933        304.44366998520837     
   3.5353535353535355        4.3434343434343434        304.44367263889325     
   3.5353535353535355        4.3939393939393936        304.44367506736222     
   3.5353535353535355        4.4444444444444446        304.44367727557278     
   3.5353535353535355        4.4949494949494948        304.44367926808195     
   3.5353535353535355        4.5454545454545459        304.44368104904873     
   3.5353535353535355        4.5959595959595960        304.44368262223776     
   3.5353535353535355        4.6464646464646462        304.44368399102137     
   3.5353535353535355        4.6969696969696972        304.44368515838300     
   3.5353535353535355        4.7474747474747474        304.44368612691926     
   3.5353535353535355        4.7979797979797976        304.44368689884305     
   3.5353535353535355        4.8484848484848486        304.44368747598531     
   3.5353535353535355        4.8989898989898988        304.44368785979759     
   3.5353535353535355        4.9494949494949498        304.44368805135423     
   3.5353535353535355        5.0000000000000000        304.44368805135423     

   3.6363636363636362        0.0000000000000000        304.34317370049098     
   3.6363636363636362        5.0505050505050504E-002   304.34317370049098     
   3.6363636363636362       0.10101010101010101        304.34322146767869     
   3.6363636363636362       0.15151515151515152        304.34328446621015     
   3.6363636363636362       0.20202020202020202        304.34335158790867     
   3.6363636363636362       0.25252525252525254        304.34341904950941     
   3.6363636363636362       0.30303030303030304        304.34348556925164     
   3.6363636363636362       0.35353535353535354        304.34355071915070     
   3.6363636363636362       0.40404040404040403        304.34361436274150     
   3.6363636363636362       0.45454545454545453        304.34367646341053     
   3.6363636363636362       0.50505050505050508        304.34373701910704     
   3.6363636363636362       0.55555555555555558        304.34379604010684     
   3.6363636363636362       0.60606060606060608        304.34385354142586     
   3.6363636363636362       0.65656565656565657        304.34390954021393     
   3.6363636363636362       0.70707070707070707        304.34396405483898     
   3.6363636363636362       0.75757575757575757        304.34401710454449     
   3.6363636363636362       0.80808080808080807        304.34406870930076     
   3.6363636363636362       0.85858585858585856        304.34411888972176     
   3.6363636363636362       0.90909090909090906        304.34416766700417     
   3.6363636363636362       0.95959595959595956        304.34421506287435     
   3.6363636363636362        1.0101010101010102        304.34426109953830     
   3.6363636363636362        1.0606060606060606        304.34430579963259     
   3.6363636363636362        1.1111111111111112        304.34434918617740     
   3.6363636363636362        1.1616161616161615        304.34439128252978     
   3.6363636363636362        1.2121212121212122        304.34443211233929     
   3.6363636363636362        1.2626262626262625        304.34447169950357     
   3.6363636363636362        1.3131313131313131        304.34451006812674     
   3.6363636363636362        1.3636363636363635        304.34454724247774     
   3.6363636363636362        1.4141414141414141        304.34458324695180     
   3.6363636363636362        1.4646464646464648        304.34461810603239     
   3.6363636363636362        1.5151515151515151        304.34465184425477     
   3.6363636363636362        1.5656565656565657        304.34468448617184     
   3.6363636363636362        1.6161616161616161        304.34471605632075     
   3.6363636363636362        1.6666666666666667        304.34474657919128     
   3.6363636363636362        1.7171717171717171        304.34477607919604     
   3.6363636363636362        1.7676767676767677        304.34480458064218     
   3.6363636363636362        1.8181818181818181        304.34483210770401     
   3.6363636363636362        1.8686868686868687        304.34485868439776     
   3.6363636363636362        1.9191919191919191        304.34488433455721     
   3.6363636363636362        1.9696969696969697        304.34490908181129     
   3.6363636363636362        2.0202020202020203        304.34493294956229     
   3.6363636363636362        2.0707070707070705        304.34495596096610     
   3.6363636363636362        2.1212121212121211        304.34497813891306     
   3.6363636363636362        2.1717171717171717        304.34499950601088     
   3.6363636363636362        2.2222222222222223        304.34502008456781     
   3.6363636363636362        2.2727272727272729        304.34503989657759     
   3.6363636363636362        2.3232323232323231        304.34505896370518     
   3.6363636363636362        2.3737373737373737        304.34507730727410     
   3.6363636363636362        2.4242424242424243        304.34509494825409     
   3.6363636363636362        2.4747474747474749        304.34511190725010     
   3.6363636363636362        2.5252525252525251        304.34512820449248     
   3.6363636363636362        2.5757575757575757        304.34514385982777     
   3.6363636363636362        2.6262626262626263        304.34515889271046     
   3.6363636363636362        2.6767676767676769        304.34517332219548     
   3.6363636363636362        2.7272727272727271        304.34518716693219     
   3.6363636363636362        2.7777777777777777        304.34520044515790     
   3.6363636363636362        2.8282828282828283        304.34521317469341     
   3.6363636363636362        2.8787878787878789        304.34522537293816     
   3.6363636363636362        2.9292929292929295        304.34523705686712     
   3.6363636363636362        2.9797979797979797        304.34524824302747     
   3.6363636363636362        3.0303030303030303        304.34525894753625     
   3.6363636363636362        3.0808080808080809        304.34526918607838     
   3.6363636363636362        3.1313131313131315        304.34527897390564     
   3.6363636363636362        3.1818181818181817        304.34528832583550     
   3.6363636363636362        3.2323232323232323        304.34529725625089     
   3.6363636363636362        3.2828282828282829        304.34530577910078     
   3.6363636363636362        3.3333333333333335        304.34531390789977     
   3.6363636363636362        3.3838383838383836        304.34532165572983     
   3.6363636363636362        3.4343434343434343        304.34532903524104     
   3.6363636363636362        3.4848484848484849        304.34533605865323     
   3.6363636363636362        3.5353535353535355        304.34534273775779     
   3.6363636363636362        3.5858585858585861        304.34534908391981     
   3.6363636363636362        3.6363636363636362        304.34535510808058     
   3.6363636363636362        3.6868686868686869        304.34536082075971     
   3.6363636363636362        3.7373737373737375        304.34536623205815     
   3.6363636363636362        3.7878787878787881        304.34537135166119     
   3.6363636363636362        3.8383838383838382        304.34537618884104     
   3.6363636363636362        3.8888888888888888        304.34538075246047     
   3.6363636363636362        3.9393939393939394        304.34538505097555     
   3.6363636363636362        3.9898989898989901        304.34538909243940     
   3.6363636363636362        4.0404040404040407        304.34539288450509     
   3.6363636363636362        4.0909090909090908        304.34539643442969     
   3.6363636363636362        4.1414141414141410        304.34539974907676     
   3.6363636363636362        4.1919191919191920        304.34540283492066     
   3.6363636363636362        4.2424242424242422        304.34540569804909     
   3.6363636363636362        4.2929292929292933        304.34540834416731     
   3.6363636363636362        4.3434343434343434        304.34541077860081     
   3.6363636363636362        4.3939393939393936        304.34541300629888     
   3.6363636363636362        4.4444444444444446        304.34541503183755     
   3.6363636363636362        4.4949494949494948        304.34541685942287     
   3.6363636363636362        4.5454545454545459        304.34541849289417     
   3.6363636363636362        4.5959595959595960        304.34541993572628     
   3.6363636363636362        4.6464646464646462        304.34542119103310     
   3.6363636363636362        4.6969696969696972        304.34542226156975     
   3.6363636363636362        4.7474747474747474        304.34542314973538     
   3.6363636363636362        4.7979797979797976        304.34542385757550     
   3.6363636363636362        4.8484848484848486        304.34542438678449     
   3.6363636363636362        4.8989898989898988        304.34542473870744     
   3.6363636363636362        4.9494949494949498        304.34542491434252     
   3.6363636363636362        5.0000000000000000        304.34542491434252     

   3.7373737373737375        0.0000000000000000        304.24524676920515     
   3.7373737373737375        5.0505050505050504E-002   304.24524676920515     
   3.7373737373737375       0.10101010101010101        304.24529064998541     
   3.7373737373737375       0.15151515151515152        304.24534857255549     
   3.7373737373737375       0.20202020202020202        304.24541031026558     
   3.7373737373737375       0.25252525252525254        304.24547236741239     
   3.7373737373737375       0.30303030303030304        304.24553355557157     
   3.7373737373737375       0.35353535353535354        304.24559347660511     
   3.7373737373737375       0.40404040404040403        304.24565200313117     
   3.7373737373737375       0.45454545454545453        304.24570910080894     
   3.7373737373737375       0.50505050505050508        304.24576476760495     
   3.7373737373737375       0.55555555555555558        304.24581901304333     
   3.7373737373737375       0.60606060606060608        304.24587185110602     
   3.7373737373737375       0.65656565656565657        304.24592329778648     
   3.7373737373737375       0.70707070707070707        304.24597337022908     
   3.7373737373737375       0.75757575757575757        304.24602208640562     
   3.7373737373737375       0.80808080808080807        304.24606946497511     
   3.7373737373737375       0.85858585858585856        304.24611552520582     
   3.7373737373737375       0.90909090909090906        304.24616028691770     
   3.7373737373737375       0.95959595959595956        304.24620377043209     
   3.7373737373737375        1.0101010101010102        304.24624599652435     
   3.7373737373737375        1.0606060606060606        304.24628698637775     
   3.7373737373737375        1.1111111111111112        304.24632676153851     
   3.7373737373737375        1.1616161616161615        304.24636534387167     
   3.7373737373737375        1.2121212121212122        304.24640275551837     
   3.7373737373737375        1.2626262626262625        304.24643901885378     
   3.7373737373737375        1.3131313131313131        304.24647415644682     
   3.7373737373737375        1.3636363636363635        304.24650819102118     
   3.7373737373737375        1.4141414141414141        304.24654114541738     
   3.7373737373737375        1.4646464646464648        304.24657304255680     
   3.7373737373737375        1.5151515151515151        304.24660390540686     
   3.7373737373737375        1.5656565656565657        304.24663375694763     
   3.7373737373737375        1.6161616161616161        304.24666262014023     
   3.7373737373737375        1.6666666666666667        304.24669051789664     
   3.7373737373737375        1.7171717171717171        304.24671747305064     
   3.7373737373737375        1.7676767676767677        304.24674350833095     
   3.7373737373737375        1.8181818181818181        304.24676864633494     
   3.7373737373737375        1.8686868686868687        304.24679290950479     
   3.7373737373737375        1.9191919191919191        304.24681632010373     
   3.7373737373737375        1.9696969696969697        304.24683890019520     
   3.7373737373737375        2.0202020202020203        304.24686067162179     
   3.7373737373737375        2.0707070707070705        304.24688165598661     
   3.7373737373737375        2.1212121212121211        304.24690187463534     
   3.7373737373737375        2.1717171717171717        304.24692134863989     
   3.7373737373737375        2.2222222222222223        304.24694009878260     
   3.7373737373737375        2.2727272727272729        304.24695814554264     
   3.7373737373737375        2.3232323232323231        304.24697550908223     
   3.7373737373737375        2.3737373737373737        304.24699220923497     
   3.7373737373737375        2.4242424242424243        304.24700826549457     
   3.7373737373737375        2.4747474747474749        304.24702369700509     
   3.7373737373737375        2.5252525252525251        304.24703852255118     
   3.7373737373737375        2.5757575757575757        304.24705276055073     
   3.7373737373737375        2.6262626262626263        304.24706642904692     
   3.7373737373737375        2.6767676767676769        304.24707954570187     
   3.7373737373737375        2.7272727272727271        304.24709212779118     
   3.7373737373737375        2.7777777777777777        304.24710419219861     
   3.7373737373737375        2.8282828282828283        304.24711575541193     
   3.7373737373737375        2.8787878787878789        304.24712683351953     
   3.7373737373737375        2.9292929292929295        304.24713744220747     
   3.7373737373737375        2.9797979797979797        304.24714759675703     
   3.7373737373737375        3.0303030303030303        304.24715731204321     
   3.7373737373737375        3.0808080808080809        304.24716660253330     
   3.7373737373737375        3.1313131313131315        304.24717548228631     
   3.7373737373737375        3.1818181818181817        304.24718396495291     
   3.7373737373737375        3.2323232323232323        304.24719206377546     
   3.7373737373737375        3.2828282828282829        304.24719979158886     
   3.7373737373737375        3.3333333333333335        304.24720716082140     
   3.7373737373737375        3.3838383838383836        304.24721418349623     
   3.7373737373737375        3.4343434343434343        304.24722087123303     
   3.7373737373737375        3.4848484848484849        304.24722723525008     
   3.7373737373737375        3.5353535353535355        304.24723328636634     
   3.7373737373737375        3.5858585858585861        304.24723903500393     
   3.7373737373737375        3.6363636363636362        304.24724449119105     
   3.7373737373737375        3.6868686868686869        304.24724966456466     
   3.7373737373737375        3.7373737373737375        304.24725456437375     
   3.7373737373737375        3.7878787878787881        304.24725919948179     
   3.7373737373737375        3.8383838383838382        304.24726357837125     
   3.7373737373737375        3.8888888888888888        304.24726770914560     
   3.7373737373737375        3.9393939393939394        304.24727159953380     
   3.7373737373737375        3.9898989898989901        304.24727525689315     
   3.7373737373737375        4.0404040404040407        304.24727868821316     
   3.7373737373737375        4.0909090909090908        304.24728190011905     
   3.7373737373737375        4.1414141414141410        304.24728489887514     
   3.7373737373737375        4.1919191919191920        304.24728769038836     
   3.7373737373737375        4.2424242424242422        304.24729028021181     
   3.7373737373737375        4.2929292929292933        304.24729267354837     
   3.7373737373737375        4.3434343434343434        304.24729487525337     
   3.7373737373737375        4.3939393939393936        304.24729688983894     
   3.7373737373737375        4.4444444444444446        304.24729872147645     
   3.7373737373737375        4.4949494949494948        304.24730037399974     
   3.7373737373737375        4.5454545454545459        304.24730185090823     
   3.7373737373737375        4.5959595959595960        304.24730315536993     
   3.7373737373737375        4.6464646464646462        304.24730429022412     
   3.7373737373737375        4.6969696969696972        304.24730525798361     
   3.7373737373737375        4.7474747474747474        304.24730606083801     
   3.7373737373737375        4.7979797979797976        304.24730670065537     
   3.7373737373737375        4.8484848484848486        304.24730717898473     
   3.7373737373737375        4.8989898989898988        304.24730749705827     
   3.7373737373737375        4.9494949494949498        304.24730765579318     
   3.7373737373737375        5.0000000000000000        304.24730765579324     

   3.8383838383838382        0.0000000000000000        304.14746494128389     
   3.8383838383838382        5.0505050505050504E-002   304.14746494128389     
   3.8383838383838382       0.10101010101010101        304.14750473894492     
   3.8383838383838382       0.15151515151515152        304.14755732535156     
   3.8383838383838382       0.20202020202020202        304.14761340093133     
   3.8383838383838382       0.25252525252525254        304.14766977308824     
   3.8383838383838382       0.30303030303030304        304.14772535202377     
   3.8383838383838382       0.35353535353535354        304.14777977123396     
   3.8383838383838382       0.40404040404040403        304.14783291301194     
   3.8383838383838382       0.45454545454545453        304.14788474547424     
   3.8383838383838382       0.50505050505050508        304.14793526664926     
   3.8383838383838382       0.55555555555555558        304.14798448530576     
   3.8383838383838382       0.60606060606060608        304.14803241437028     
   3.8383838383838382       0.65656565656565657        304.14807906865201     
   3.8383838383838382       0.70707070707070707        304.14812446403920     
   3.8383838383838382       0.75757575757575757        304.14816861719703     
   3.8383838383838382       0.80808080808080807        304.14821154543614     
   3.8383838383838382       0.85858585858585856        304.14825326663930     
   3.8383838383838382       0.90909090909090906        304.14829379920735     
   3.8383838383838382       0.95959595959595956        304.14833316201162     
   3.8383838383838382        1.0101010101010102        304.14837137434989     
   3.8383838383838382        1.0606060606060606        304.14840845590203     
   3.8383838383838382        1.1111111111111112        304.14844442668812     
   3.8383838383838382        1.1616161616161615        304.14847930702587     
   3.8383838383838382        1.2121212121212122        304.14851311749084     
   3.8383838383838382        1.2626262626262625        304.14854587887589     
   3.8383838383838382        1.3131313131313131        304.14857761215313     
   3.8383838383838382        1.3636363636363635        304.14860833843642     
   3.8383838383838382        1.4141414141414141        304.14863807894568     
   3.8383838383838382        1.4646464646464648        304.14866685497208     
   3.8383838383838382        1.5151515151515151        304.14869468784542     
   3.8383838383838382        1.5656565656565657        304.14872159890155     
   3.8383838383838382        1.6161616161616161        304.14874760945270     
   3.8383838383838382        1.6666666666666667        304.14877274075860     
   3.8383838383838382        1.7171717171717171        304.14879701399883     
   3.8383838383838382        1.7676767676767677        304.14882045024723     
   3.8383838383838382        1.8181818181818181        304.14884307044696     
   3.8383838383838382        1.8686868686868687        304.14886489538770     
   3.8383838383838382        1.9191919191919191        304.14888594568356     
   3.8383838383838382        1.9696969696969697        304.14890624175297     
   3.8383838383838382        2.0202020202020203        304.14892580379905     
   3.8383838383838382        2.0707070707070705        304.14894465179236     
   3.8383838383838382        2.1212121212121211        304.14896280545366     
   3.8383838383838382        2.1717171717171717        304.14898028423897     
   3.8383838383838382        2.2222222222222223        304.14899710732493     
   3.8383838383838382        2.2727272727272729        304.14901329359589     
   3.8383838383838382        2.3232323232323231        304.14902886163190     
   3.8383838383838382        2.3737373737373737        304.14904382969746     
   3.8383838383838382        2.4242424242424243        304.14905821573160     
   3.8383838383838382        2.4747474747474749        304.14907203733895     
   3.8383838383838382        2.5252525252525251        304.14908531178150     
   3.8383838383838382        2.5757575757575757        304.14909805597142     
   3.8383838383838382        2.6262626262626263        304.14911028646475     
   3.8383838383838382        2.6767676767676769        304.14912201945572     
   3.8383838383838382        2.7272727272727271        304.14913327077193     
   3.8383838383838382        2.7777777777777777        304.14914405587041     
   3.8383838383838382        2.8282828282828283        304.14915438983405     
   3.8383838383838382        2.8787878787878789        304.14916428736916     
   3.8383838383838382        2.9292929292929295        304.14917376280306     
   3.8383838383838382        2.9797979797979797        304.14918283008268     
   3.8383838383838382        3.0303030303030303        304.14919150277370     
   3.8383838383838382        3.0808080808080809        304.14919979405988     
   3.8383838383838382        3.1313131313131315        304.14920771674298     
   3.8383838383838382        3.1818181818181817        304.14921528324368     
   3.8383838383838382        3.2323232323232323        304.14922250560193     
   3.8383838383838382        3.2828282828282829        304.14922939547859     
   3.8383838383838382        3.3333333333333335        304.14923596415650     
   3.8383838383838382        3.3838383838383836        304.14924222254308     
   3.8383838383838382        3.4343434343434343        304.14924818117208     
   3.8383838383838382        3.4848484848484849        304.14925385020575     
   3.8383838383838382        3.5353535353535355        304.14925923943844     
   3.8383838383838382        3.5858585858585861        304.14926435829835     
   3.8383838383838382        3.6363636363636362        304.14926921585163     
   3.8383838383838382        3.6868686868686869        304.14927382080492     
   3.8383838383838382        3.7373737373737375        304.14927818150898     
   3.8383838383838382        3.7878787878787881        304.14928230596212     
   3.8383838383838382        3.8383838383838382        304.14928620181371     
   3.8383838383838382        3.8888888888888888        304.14928987636779     
   3.8383838383838382        3.9393939393939394        304.14929333658671     
   3.8383838383838382        3.9898989898989901        304.14929658909489     
   3.8383838383838382        4.0404040404040407        304.14929964018256     
   3.8383838383838382        4.0909090909090908        304.14930249580942     
   3.8383838383838382        4.1414141414141410        304.14930516160803     
   3.8383838383838382        4.1919191919191920        304.14930764288783     
   3.8383838383838382        4.2424242424242422        304.14930994463845     
   3.8383838383838382        4.2929292929292933        304.14931207153336     
   3.8383838383838382        4.3434343434343434        304.14931402793314     
   3.8383838383838382        4.3939393939393936        304.14931581788886     
   3.8383838383838382        4.4444444444444446        304.14931744514547     
   3.8383838383838382        4.4949494949494948        304.14931891314484     
   3.8383838383838382        4.5454545454545459        304.14932022502848     
   3.8383838383838382        4.5959595959595960        304.14932138364077     
   3.8383838383838382        4.6464646464646462        304.14932239153160     
   3.8383838383838382        4.6969696969696972        304.14932325095879     
   3.8383838383838382        4.7474747474747474        304.14932396389077     
   3.8383838383838382        4.7979797979797976        304.14932453200873     
   3.8383838383838382        4.8484848484848486        304.14932495670865     
   3.8383838383838382        4.8989898989898988        304.14932523910346     
   3.8383838383838382        4.9494949494949498        304.14932538002489     
   3.8383838383838382        5.0000000000000000        304.14932538002495     

   3.9393939393939394        0.0000000000000000        304.04981591209656     
   3.9393939393939394        5.0505050505050504E-002   304.04981591209656     
   3.9393939393939394       0.10101010101010101        304.04985144645229     
   3.9393939393939394       0.15151515151515152        304.04989845810161     
   3.9393939393939394       0.20202020202020202        304.04994861634964     
   3.9393939393939394       0.25252525252525254        304.04999904602698     
   3.9393939393939394       0.30303030303030304        304.05004876085030     
   3.9393939393939394       0.35353535353535354        304.05009742760751     
   3.9393939393939394       0.40404040404040403        304.05014493881851     
   3.9393939393939394       0.45454545454545453        304.05019126522956     
   3.9393939393939394       0.50505050505050508        304.05023640497393     
   3.9393939393939394       0.55555555555555558        304.05028036606257     
   3.9393939393939394       0.60606060606060608        304.05032316034789     
   3.9393939393939394       0.65656565656565657        304.05036480142934     
   3.9393939393939394       0.70707070707070707        304.05040530391051     
   3.9393939393939394       0.75757575757575757        304.05044468311871     
   3.9393939393939394       0.80808080808080807        304.05048295498290     
   3.9393939393939394       0.85858585858585856        304.05052013596475     
   3.9393939393939394       0.90909090909090906        304.05055624300826     
   3.9393939393939394       0.95959595959595956        304.05059129349502     
   3.9393939393939394        1.0101010101010102        304.05062530520269     
   3.9393939393939394        1.0606060606060606        304.05065829626341     
   3.9393939393939394        1.1111111111111112        304.05069028512401     
   3.9393939393939394        1.1616161616161615        304.05072129050620     
   3.9393939393939394        1.2121212121212122        304.05075133136819     
   3.9393939393939394        1.2626262626262625        304.05078042686722     
   3.9393939393939394        1.3131313131313131        304.05080859632290     
   3.9393939393939394        1.3636363636363635        304.05083585918192     
   3.9393939393939394        1.4141414141414141        304.05086223498398     
   3.9393939393939394        1.4646464646464648        304.05088774332916     
   3.9393939393939394        1.5151515151515151        304.05091240384621     
   3.9393939393939394        1.5656565656565657        304.05093623616267     
   3.9393939393939394        1.6161616161616161        304.05095925987615     
   3.9393939393939394        1.6666666666666667        304.05098149452692     
   3.9393939393939394        1.7171717171717171        304.05100295957214     
   3.9393939393939394        1.7676767676767677        304.05102367436137     
   3.9393939393939394        1.8181818181818181        304.05104365811343     
   3.9393939393939394        1.8686868686868687        304.05106292989461     
   3.9393939393939394        1.9191919191919191        304.05108150859826     
   3.9393939393939394        1.9696969696969697        304.05109941292557     
   3.9393939393939394        2.0202020202020203        304.05111666136798     
   3.9393939393939394        2.0707070707070705        304.05113327219021     
   3.9393939393939394        2.1212121212121211        304.05114926341531     
   3.9393939393939394        2.1717171717171717        304.05116465281031     
   3.9393939393939394        2.2222222222222223        304.05117945787299     
   3.9393939393939394        2.2727272727272729        304.05119369582013     
   3.9393939393939394        2.3232323232323231        304.05120738357670     
   3.9393939393939394        2.3737373737373737        304.05122053776557     
   3.9393939393939394        2.4242424242424243        304.05123317469923     
   3.9393939393939394        2.4747474747474749        304.05124531037148     
   3.9393939393939394        2.5252525252525251        304.05125696045047     
   3.9393939393939394        2.5757575757575757        304.05126814027250     
   3.9393939393939394        2.6262626262626263        304.05127886483672     
   3.9393939393939394        2.6767676767676769        304.05128914880044     
   3.9393939393939394        2.7272727272727271        304.05129900647557     
   3.9393939393939394        2.7777777777777777        304.05130845182509     
   3.9393939393939394        2.8282828282828283        304.05131749846117     
   3.9393939393939394        2.8787878787878789        304.05132615964254     
   3.9393939393939394        2.9292929292929295        304.05133444827396     
   3.9393939393939394        2.9797979797979797        304.05134237690504     
   3.9393939393939394        3.0303030303030303        304.05134995773034     
   3.9393939393939394        3.0808080808080809        304.05135720258937     
   3.9393939393939394        3.1313131313131315        304.05136412296758     
   3.9393939393939394        3.1818181818181817        304.05137072999730     
   3.9393939393939394        3.2323232323232323        304.05137703445956     
   3.9393939393939394        3.2828282828282829        304.05138304678547     
   3.9393939393939394        3.3333333333333335        304.05138877705889     
   3.9393939393939394        3.3838383838383836        304.05139423501862     
   3.9393939393939394        3.4343434343434343        304.05139943006111     
   3.9393939393939394        3.4848484848484849        304.05140437124328     
   3.9393939393939394        3.5353535353535355        304.05140906728610     
   3.9393939393939394        3.5858585858585861        304.05141352657751     
   3.9393939393939394        3.6363636363636362        304.05141775717595     
   3.9393939393939394        3.6868686868686869        304.05142176681414     
   3.9393939393939394        3.7373737373737375        304.05142556290264     
   3.9393939393939394        3.7878787878787881        304.05142915253344     
   3.9393939393939394        3.8383838383838382        304.05143254248412     
   3.9393939393939394        3.8888888888888888        304.05143573922152     
   3.9393939393939394        3.9393939393939394        304.05143874890558     
   3.9393939393939394        3.9898989898989901        304.05144157739346     
   3.9393939393939394        4.0404040404040407        304.05144423024319     
   3.9393939393939394        4.0909090909090908        304.05144671271768     
   3.9393939393939394        4.1414141414141410        304.05144902978839     
   3.9393939393939394        4.1919191919191920        304.05145118613910     
   3.9393939393939394        4.2424242424242422        304.05145318616968     
   3.9393939393939394        4.2929292929292933        304.05145503399939     
   3.9393939393939394        4.3434343434343434        304.05145673347067     
   3.9393939393939394        4.3939393939393936        304.05145828815228     
   3.9393939393939394        4.4444444444444446        304.05145970134265     
   3.9393939393939394        4.4949494949494948        304.05146097607314     
   3.9393939393939394        4.5454545454545459        304.05146211511067     
   3.9393939393939394        4.5959595959595960        304.05146312096099     
   3.9393939393939394        4.6464646464646462        304.05146399587090     
   3.9393939393939394        4.6969696969696972        304.05146474183124     
   3.9393939393939394        4.7474747474747474        304.05146536057885     
   3.9393939393939394        4.7979797979797976        304.05146585359910     
   3.9393939393939394        4.8484848484848486        304.05146622212777     
   3.9393939393939394        4.8989898989898988        304.05146646715298     
   3.9393939393939394        4.9494949494949498        304.05146658941675     
   3.9393939393939394        5.0000000000000000        304.05146658941680     

   4.0404040404040407        0.0000000000000000        303.95228678391146     
   4.0404040404040407        5.0505050505050504E-002   303.95228678391146     
   4.0404040404040407       0.10101010101010101        303.95231789202069     
   4.0404040404040407       0.15151515151515152        303.95235911287779     
   4.0404040404040407       0.20202020202020202        303.95240312254924     
   4.0404040404040407       0.25252525252525254        303.95244737632743     
   4.0404040404040407       0.30303030303030304        303.95249099591405     
   4.0404040404040407       0.35353535353535354        303.95253368291094     
   4.0404040404040407       0.40404040404040403        303.95257534057373     
   4.0404040404040407       0.45454545454545453        303.95261594243931     
   4.0404040404040407       0.50505050505050508        303.95265548678628     
   4.0404040404040407       0.55555555555555558        303.95269398086720     
   4.0404040404040407       0.60606060606060608        303.95273143544455     
   4.0404040404040407       0.65656565656565657        303.95276786288593     
   4.0404040404040407       0.70707070707070707        303.95280327648521     
   4.0404040404040407       0.75757575757575757        303.95283769020483     
   4.0404040404040407       0.80808080808080807        303.95287111856288     
   4.0404040404040407       0.85858585858585856        303.95290357656910     
   4.0404040404040407       0.90909090909090906        303.95293507967762     
   4.0404040404040407       0.95959595959595956        303.95296564374547     
   4.0404040404040407        1.0101010101010102        303.95299528499334     
   4.0404040404040407        1.0606060606060606        303.95302401996656     
   4.0404040404040407        1.1111111111111112        303.95305186549768     
   4.0404040404040407        1.1616161616161615        303.95307883866911     
   4.0404040404040407        1.2121212121212122        303.95310495677711     
   4.0404040404040407        1.2626262626262625        303.95313023729591     
   4.0404040404040407        1.3131313131313131        303.95315469784367     
   4.0404040404040407        1.3636363636363635        303.95317835614918     
   4.0404040404040407        1.4141414141414141        303.95320123001943     
   4.0404040404040407        1.4646464646464648        303.95322333730900     
   4.0404040404040407        1.5151515151515151        303.95324469589008     
   4.0404040404040407        1.5656565656565657        303.95326532362469     
   4.0404040404040407        1.6161616161616161        303.95328523833695     
   4.0404040404040407        1.6666666666666667        303.95330445778825     
   4.0404040404040407        1.7171717171717171        303.95332299965236     
   4.0404040404040407        1.7676767676767677        303.95334088149286     
   4.0404040404040407        1.8181818181818181        303.95335812074126     
   4.0404040404040407        1.8686868686868687        303.95337473467703     
   4.0404040404040407        1.9191919191919191        303.95339074040862     
   4.0404040404040407        1.9696969696969697        303.95340615485526     
   4.0404040404040407        2.0202020202020203        303.95342099473140     
   4.0404040404040407        2.0707070707070705        303.95343527653085     
   4.0404040404040407        2.1212121212121211        303.95344901651305     
   4.0404040404040407        2.1717171717171717        303.95346223069004     
   4.0404040404040407        2.2222222222222223        303.95347493481512     
   4.0404040404040407        2.2727272727272729        303.95348714437159     
   4.0404040404040407        2.3232323232323231        303.95349887456371     
   4.0404040404040407        2.3737373737373737        303.95351014030769     
   4.0404040404040407        2.4242424242424243        303.95352095622405     
   4.0404040404040407        2.4747474747474749        303.95353133663116     
   4.0404040404040407        2.5252525252525251        303.95354129553914     
   4.0404040404040407        2.5757575757575757        303.95355084664470     
   4.0404040404040407        2.6262626262626263        303.95356000332708     
   4.0404040404040407        2.6767676767676769        303.95356877864458     
   4.0404040404040407        2.7272727272727271        303.95357718533148     
   4.0404040404040407        2.7777777777777777        303.95358523579620     
   4.0404040404040407        2.8282828282828283        303.95359294211977     
   4.0404040404040407        2.8787878787878789        303.95360031605463     
   4.0404040404040407        2.9292929292929295        303.95360736902467     
   4.0404040404040407        2.9797979797979797        303.95361411212519     
   4.0404040404040407        3.0303030303030303        303.95362055612338     
   4.0404040404040407        3.0808080808080809        303.95362671145972     
   4.0404040404040407        3.1313131313131315        303.95363258824932     
   4.0404040404040407        3.1818181818181817        303.95363819628352     
   4.0404040404040407        3.2323232323232323        303.95364354503278     
   4.0404040404040407        3.2828282828282829        303.95364864364836     
   4.0404040404040407        3.3333333333333335        303.95365350096563     
   4.0404040404040407        3.3838383838383836        303.95365812550722     
   4.0404040404040407        3.4343434343434343        303.95366252548558     
   4.0404040404040407        3.4848484848484849        303.95366670880719     
   4.0404040404040407        3.5353535353535355        303.95367068307587     
   4.0404040404040407        3.5858585858585861        303.95367445559646     
   4.0404040404040407        3.6363636363636362        303.95367803337882     
   4.0404040404040407        3.6868686868686869        303.95368142314186     
   4.0404040404040407        3.7373737373737375        303.95368463131734     
   4.0404040404040407        3.7878787878787881        303.95368766405420     
   4.0404040404040407        3.8383838383838382        303.95369052722253     
   4.0404040404040407        3.8888888888888888        303.95369322641784     
   4.0404040404040407        3.9393939393939394        303.95369576696493     
   4.0404040404040407        3.9898989898989901        303.95369815392240     
   4.0404040404040407        4.0404040404040407        303.95370039208638     
   4.0404040404040407        4.0909090909090908        303.95370248599460     
   4.0404040404040407        4.1414141414141410        303.95370443993033     
   4.0404040404040407        4.1919191919191920        303.95370625792634     
   4.0404040404040407        4.2424242424242422        303.95370794376851     
   4.0404040404040407        4.2929292929292933        303.95370950099954     
   4.0404040404040407        4.3434343434343434        303.95371093292260     
   4.0404040404040407        4.3939393939393936        303.95371224260441     
   4.0404040404040407        4.4444444444444446        303.95371343287877     
   4.0404040404040407        4.4949494949494948        303.95371450634985     
   4.0404040404040407        4.5454545454545459        303.95371546539474     
   4.0404040404040407        4.5959595959595960        303.95371631216653     
   4.0404040404040407        4.6464646464646462        303.95371704859673     
   4.0404040404040407        4.6969696969696972        303.95371767639813     
   4.0404040404040407        4.7474747474747474        303.95371819706668     
   4.0404040404040407        4.7979797979797976        303.95371861188391     
   4.0404040404040407        4.8484848484848486        303.95371892191866     
   4.0404040404040407        4.8989898989898988        303.95371912802904     
   4.0404040404040407        4.9494949494949498        303.95371923086373     
   4.0404040404040407        5.0000000000000000        303.95371923086378     

   4.1414141414141410        0.0000000000000000        303.85486411802600     
   4.1414141414141410        5.0505050505050504E-002   303.85486411802600     
   4.1414141414141410       0.10101010101010101        303.85489065484131     
   4.1414141414141410       0.15151515151515152        303.85492589229023     
   4.1414141414141410       0.20202020202020202        303.85496354701598     
   4.1414141414141410       0.25252525252525254        303.85500141647174     
   4.1414141414141410       0.30303030303030304        303.85503873437705     
   4.1414141414141410       0.35353535353535354        303.85507523852823     
   4.1414141414141410       0.40404040404040403        303.85511084338077     
   4.1414141414141410       0.45454545454545453        303.85514552541053     
   4.1414141414141410       0.50505050505050508        303.85517928308070     
   4.1414141414141410       0.55555555555555558        303.85521212288603     
   4.1414141414141410       0.60606060606060608        303.85524405448638     
   4.1414141414141410       0.65656565656565657        303.85527508899918     
   4.1414141414141410       0.70707070707070707        303.85530523838781     
   4.1414141414141410       0.75757575757575757        303.85533451522679     
   4.1414141414141410       0.80808080808080807        303.85536293259878     
   4.1414141414141410       0.85858585858585856        303.85539050403548     
   4.1414141414141410       0.90909090909090906        303.85541724347343     
   4.1414141414141410       0.95959595959595956        303.85544316521543     
   4.1414141414141410        1.0101010101010102        303.85546828389374     
   4.1414141414141410        1.0606060606060606        303.85549261443367     
   4.1414141414141410        1.1111111111111112        303.85551617201872     
   4.1414141414141410        1.1616161616161615        303.85553897205506     
   4.1414141414141410        1.2121212121212122        303.85556103013801     
   4.1414141414141410        1.2626262626262625        303.85558236201865     
   4.1414141414141410        1.3131313131313131        303.85560298357154     
   4.1414141414141410        1.3636363636363635        303.85562291076354     
   4.1414141414141410        1.4141414141414141        303.85564215962341     
   4.1414141414141410        1.4646464646464648        303.85566074621335     
   4.1414141414141410        1.5151515151515151        303.85567868660053     
   4.1414141414141410        1.5656565656565657        303.85569599683146     
   4.1414141414141410        1.6161616161616161        303.85571269290608     
   4.1414141414141410        1.6666666666666667        303.85572879075437     
   4.1414141414141410        1.7171717171717171        303.85574430621358     
   4.1414141414141410        1.7676767676767677        303.85575925500683     
   4.1414141414141410        1.8181818181818181        303.85577365272343     
   4.1414141414141410        1.8686868686868687        303.85578751480011     
   4.1414141414141410        1.9191919191919191        303.85580085650366     
   4.1414141414141410        1.9696969696969697        303.85581369291475     
   4.1414141414141410        2.0202020202020203        303.85582603891294     
   4.1414141414141410        2.0707070707070705        303.85583790916331     
   4.1414141414141410        2.1212121212121211        303.85584931810354     
   4.1414141414141410        2.1717171717171717        303.85586027993270     
   4.1414141414141410        2.2222222222222223        303.85587080860080     
   4.1414141414141410        2.2727272727272729        303.85588091779937     
   4.1414141414141410        2.3232323232323231        303.85589062095374     
   4.1414141414141410        2.3737373737373737        303.85589993121516     
   4.1414141414141410        2.4242424242424243        303.85590886145457     
   4.1414141414141410        2.4747474747474749        303.85591742425709     
   4.1414141414141410        2.5252525252525251        303.85592563191778     
   4.1414141414141410        2.5757575757575757        303.85593349643693     
   4.1414141414141410        2.6262626262626263        303.85594102951774     
   4.1414141414141410        2.6767676767676769        303.85594824256361     
   4.1414141414141410        2.7272727272727271        303.85595514667642     
   4.1414141414141410        2.7777777777777777        303.85596175265573     
   4.1414141414141410        2.8282828282828283        303.85596807099768     
   4.1414141414141410        2.8787878787878789        303.85597411189576     
   4.1414141414141410        2.9292929292929295        303.85597988524097     
   4.1414141414141410        2.9797979797979797        303.85598540062307     
   4.1414141414141410        3.0303030303030303        303.85599066733204     
   4.1414141414141410        3.0808080808080809        303.85599569435993     
   4.1414141414141410        3.1313131313131315        303.85600049040312     
   4.1414141414141410        3.1818181818181817        303.85600506386510     
   4.1414141414141410        3.2323232323232323        303.85600942285930     
   4.1414141414141410        3.2828282828282829        303.85601357521210     
   4.1414141414141410        3.3333333333333335        303.85601752846662     
   4.1414141414141410        3.3838383838383836        303.85602128988614     
   4.1414141414141410        3.4343434343434343        303.85602486645780     
   4.1414141414141410        3.4848484848484849        303.85602826489685     
   4.1414141414141410        3.5353535353535355        303.85603149165064     
   4.1414141414141410        3.5858585858585861        303.85603455290283     
   4.1414141414141410        3.6363636363636362        303.85603745457786     
   4.1414141414141410        3.6868686868686869        303.85604020234501     
   4.1414141414141410        3.7373737373737375        303.85604280162295     
   4.1414141414141410        3.7878787878787881        303.85604525758424     
   4.1414141414141410        3.8383838383838382        303.85604757515978     
   4.1414141414141410        3.8888888888888888        303.85604975904306     
   4.1414141414141410        3.9393939393939394        303.85605181369431     
   4.1414141414141410        3.9898989898989901        303.85605374334563     
   4.1414141414141410        4.0404040404040407        303.85605555200425     
   4.1414141414141410        4.0909090909090908        303.85605724345743     
   4.1414141414141410        4.1414141414141410        303.85605882127624     
   4.1414141414141410        4.1919191919191920        303.85606028881938     
   4.1414141414141410        4.2424242424242422        303.85606164923729     
   4.1414141414141410        4.2929292929292933        303.85606290547588     
   4.1414141414141410        4.3434343434343434        303.85606406028000     
   4.1414141414141410        4.3939393939393936        303.85606511619687     
   4.1414141414141410        4.4444444444444446        303.85606607557941     
   4.1414141414141410        4.4949494949494948        303.85606694058930     
   4.1414141414141410        4.5454545454545459        303.85606771320022     
   4.1414141414141410        4.5959595959595960        303.85606839520011     
   4.1414141414141410        4.6464646464646462        303.85606898819435     
   4.1414141414141410        4.6969696969696972        303.85606949360761     
   4.1414141414141410        4.7474747474747474        303.85606991268651     
   4.1414141414141410        4.7979797979797976        303.85607024650164     
   4.1414141414141410        4.8484848484848486        303.85607049594876     
   4.1414141414141410        4.8989898989898988        303.85607066175152     
   4.1414141414141410        4.9494949494949498        303.85607074446176     
   4.1414141414141410        5.0000000000000000        303.85607074446182     

   4.2424242424242422        0.0000000000000000        303.75753398906289     
   4.2424242424242422        5.0505050505050504E-002   303.75753398906289     
   4.2424242424242422       0.10101010101010101        303.75755582800730     
   4.2424242424242422       0.15151515151515152        303.75758491361557     
   4.2424242424242422       0.20202020202020202        303.75761603272036     
   4.2424242424242422       0.25252525252525254        303.75764733525187     
   4.2424242424242422       0.30303030303030304        303.75767817052741     
   4.2424242424242422       0.35353535353535354        303.75770831377093     
   4.2424242424242422       0.40404040404040403        303.75773769105598     
   4.2424242424242422       0.45454545454545453        303.75776628193285     
   4.2424242424242422       0.50505050505050508        303.75779408508640     
   4.2424242424242422       0.55555555555555558        303.75782110625653     
   4.2424242424242422       0.60606060606060608        303.75784735399088     
   4.2424242424242422       0.65656565656565657        303.75787283814265     
   4.2424242424242422       0.70707070707070707        303.75789756932750     
   4.2424242424242422       0.75757575757575757        303.75792155871409     
   4.2424242424242422       0.80808080808080807        303.75794481792980     
   4.2424242424242422       0.85858585858585856        303.75796735900713     
   4.2424242424242422       0.90909090909090906        303.75798919434254     
   4.2424242424242422       0.95959595959595956        303.75801033666050     
   4.2424242424242422        1.0101010101010102        303.75803079897935     
   4.2424242424242422        1.0606060606060606        303.75805059457707     
   4.2424242424242422        1.1111111111111112        303.75806973695904     
   4.2424242424242422        1.1616161616161615        303.75808823982499     
   4.2424242424242422        1.2121212121212122        303.75810611703724     
   4.2424242424242422        1.2626262626262625        303.75812338258993     
   4.2424242424242422        1.3131313131313131        303.75814005057885     
   4.2424242424242422        1.3636363636363635        303.75815613517199     
   4.2424242424242422        1.4141414141414141        303.75817165058186     
   4.2424242424242422        1.4646464646464648        303.75818661103830     
   4.2424242424242422        1.5151515151515151        303.75820103076273     
   4.2424242424242422        1.5656565656565657        303.75821492394380     
   4.2424242424242422        1.6161616161616161        303.75822830471384     
   4.2424242424242422        1.6666666666666667        303.75824118712683     
   4.2424242424242422        1.7171717171717171        303.75825358513782     
   4.2424242424242422        1.7676767676767677        303.75826551258314     
   4.2424242424242422        1.8181818181818181        303.75827698316260     
   4.2424242424242422        1.8686868686868687        303.75828801042212     
   4.2424242424242422        1.9191919191919191        303.75829860773808     
   4.2424242424242422        1.9696969696969697        303.75830878830322     
   4.2424242424242422        2.0202020202020203        303.75831856511280     
   4.2424242424242422        2.0707070707070705        303.75832795095283     
   4.2424242424242422        2.1212121212121211        303.75833695838878     
   4.2424242424242422        2.1717171717171717        303.75834559975613     
   4.2424242424242422        2.2222222222222223        303.75835388715086     
   4.2424242424242422        2.2727272727272729        303.75836183242217     
   4.2424242424242422        2.3232323232323231        303.75836944716536     
   4.2424242424242422        2.3737373737373737        303.75837674271622     
   4.2424242424242422        2.4242424242424243        303.75838373014528     
   4.2424242424242422        2.4747474747474749        303.75839042025456     
   4.2424242424242422        2.5252525252525251        303.75839682357366     
   4.2424242424242422        2.5757575757575757        303.75840295035709     
   4.2424242424242422        2.6262626262626263        303.75840881058275     
   4.2424242424242422        2.6767676767676769        303.75841441395056     
   4.2424242424242422        2.7272727272727271        303.75841976988153     
   4.2424242424242422        2.7777777777777777        303.75842488751863     
   4.2424242424242422        2.8282828282828283        303.75842977572660     
   4.2424242424242422        2.8787878787878789        303.75843444309334     
   4.2424242424242422        2.9292929292929295        303.75843889793140     
   4.2424242424242422        2.9797979797979797        303.75844314828021     
   4.2424242424242422        3.0303030303030303        303.75844720190838     
   4.2424242424242422        3.0808080808080809        303.75845106631618     
   4.2424242424242422        3.1313131313131315        303.75845474873915     
   4.2424242424242422        3.1818181818181817        303.75845825615102     
   4.2424242424242422        3.2323232323232323        303.75846159526805     
   4.2424242424242422        3.2828282828282829        303.75846477255186     
   4.2424242424242422        3.3333333333333335        303.75846779421448     
   4.2424242424242422        3.3838383838383836        303.75847066622248     
   4.2424242424242422        3.4343434343434343        303.75847339430072     
   4.2424242424242422        3.4848484848484849        303.75847598393779     
   4.2424242424242422        3.5353535353535355        303.75847844038981     
   4.2424242424242422        3.5858585858585861        303.75848076868573     
   4.2424242424242422        3.6363636363636362        303.75848297363194     
   4.2424242424242422        3.6868686868686869        303.75848505981668     
   4.2424242424242422        3.7373737373737375        303.75848703161546     
   4.2424242424242422        3.7878787878787881        303.75848889319519     
   4.2424242424242422        3.8383838383838382        303.75849064851934     
   4.2424242424242422        3.8888888888888888        303.75849230135231     
   4.2424242424242422        3.9393939393939394        303.75849385526431     
   4.2424242424242422        3.9898989898989901        303.75849531363576     
   4.2424242424242422        4.0404040404040407        303.75849667966179     
   4.2424242424242422        4.0909090909090908        303.75849795635668     
   4.2424242424242422        4.1414141414141410        303.75849914655777     
   4.2424242424242422        4.1919191919191920        303.75850025292965     
   4.2424242424242422        4.2424242424242422        303.75850127796849     
   4.2424242424242422        4.2929292929292933        303.75850222400555     
   4.2424242424242422        4.3434343434343434        303.75850309321066     
   4.2424242424242422        4.3939393939393936        303.75850388759585     
   4.2424242424242422        4.4444444444444446        303.75850460901876     
   4.2424242424242422        4.4949494949494948        303.75850525918554     
   4.2424242424242422        4.5454545454545459        303.75850583965428     
   4.2424242424242422        4.5959595959595960        303.75850635183707     
   4.2424242424242422        4.6464646464646462        303.75850679700289     
   4.2424242424242422        4.6969696969696972        303.75850717628003     
   4.2424242424242422        4.7474747474747474        303.75850749065813     
   4.2424242424242422        4.7979797979797976        303.75850774099035     
   4.2424242424242422        4.8484848484848486        303.75850792799446     
   4.2424242424242422        4.8989898989898988        303.75850805225514     
   4.2424242424242422        4.9494949494949498        303.75850811422475     
   4.2424242424242422        5.0000000000000000        303.75850811422481     

   4.3434343434343434        0.0000000000000000        303.66028204120983     
   4.3434343434343434        5.0505050505050504E-002   303.66028204120983     
   4.3434343434343434       0.10101010101010101        303.66029907467811     
   4.3434343434343434       0.15151515151515152        303.66032186486353     
   4.3434343434343434       0.20202020202020202        303.66034629407983     
   4.3434343434343434       0.25252525252525254        303.66037087362787     
   4.3434343434343434       0.30303030303030304        303.66039507153420     
   4.3434343434343434       0.35353535353535354        303.66041870153219     
   4.3434343434343434       0.40404040404040403        303.66044170168414     
   4.3434343434343434       0.45454545454545453        303.66046405473656     
   4.3434343434343434       0.50505050505050508        303.66048575963157     
   4.3434343434343434       0.55555555555555558        303.66050682135904     
   4.3434343434343434       0.60606060606060608        303.66052724734857     
   4.3434343434343434       0.65656565656565657        303.66054704617858     
   4.3434343434343434       0.70707070707070707        303.66056622710511     
   4.3434343434343434       0.75757575757575757        303.66058479987720     
   4.3434343434343434       0.80808080808080807        303.66060277465243     
   4.3434343434343434       0.85858585858585856        303.66062016194809     
   4.3434343434343434       0.90909090909090906        303.66063697260353     
   4.3434343434343434       0.95959595959595956        303.66065321774630     
   4.3434343434343434        1.0101010101010102        303.66066890876129     
   4.3434343434343434        1.0606060606060606        303.66068405725827     
   4.3434343434343434        1.1111111111111112        303.66069867504183     
   4.3434343434343434        1.1616161616161615        303.66071277408116     
   4.3434343434343434        1.2121212121212122        303.66072636648056     
   4.3434343434343434        1.2626262626262625        303.66073946445027     
   4.3434343434343434        1.3131313131313131        303.66075208027900     
   4.3434343434343434        1.3636363636363635        303.66076422630670     
   4.3434343434343434        1.4141414141414141        303.66077591489830     
   4.3434343434343434        1.4646464646464648        303.66078715841940     
   4.3434343434343434        1.5151515151515151        303.66079796921218     
   4.3434343434343434        1.5656565656565657        303.66080835957268     
   4.3434343434343434        1.6161616161616161        303.66081834173002     
   4.3434343434343434        1.6666666666666667        303.66082792782544     
   4.3434343434343434        1.7171717171717171        303.66083712989411     
   4.3434343434343434        1.7676767676767677        303.66084595984699     
   4.3434343434343434        1.8181818181818181        303.66085442945501     
   4.3434343434343434        1.8686868686868687        303.66086255033298     
   4.3434343434343434        1.9191919191919191        303.66087033392648     
   4.3434343434343434        1.9696969696969697        303.66087779149876     
   4.3434343434343434        2.0202020202020203        303.66088493411900     
   4.3434343434343434        2.0707070707070705        303.66089177265195     
   4.3434343434343434        2.1212121212121211        303.66089831774849     
   4.3434343434343434        2.1717171717171717        303.66090457983745     
   4.3434343434343434        2.2222222222222223        303.66091056911813     
   4.3434343434343434        2.2727272727272729        303.66091629555399     
   4.3434343434343434        2.3232323232323231        303.66092176886764     
   4.3434343434343434        2.3737373737373737        303.66092699853579     
   4.3434343434343434        2.4242424242424243        303.66093199378611     
   4.3434343434343434        2.4747474747474749        303.66093676359435     
   4.3434343434343434        2.5252525252525251        303.66094131668217     
   4.3434343434343434        2.5757575757575757        303.66094566151594     
   4.3434343434343434        2.6262626262626263        303.66094980630629     
   4.3434343434343434        2.6767676767676769        303.66095375900773     
   4.3434343434343434        2.7272727272727271        303.66095752731962     
   4.3434343434343434        2.7777777777777777        303.66096111868740     
   4.3434343434343434        2.8282828282828283        303.66096454030389     
   4.3434343434343434        2.8787878787878789        303.66096779911203     
   4.3434343434343434        2.9292929292929295        303.66097090180676     
   4.3434343434343434        2.9797979797979797        303.66097385483874     
   4.3434343434343434        3.0303030303030303        303.66097666441721     
   4.3434343434343434        3.0808080808080809        303.66097933651389     
   4.3434343434343434        3.1313131313131315        303.66098187686674     
   4.3434343434343434        3.1818181818181817        303.66098429098446     
   4.3434343434343434        3.2323232323232323        303.66098658415075     
   4.3434343434343434        3.2828282828282829        303.66098876142883     
   4.3434343434343434        3.3333333333333335        303.66099082766635     
   4.3434343434343434        3.3838383838383836        303.66099278750050     
   4.3434343434343434        3.4343434343434343        303.66099464536268     
   4.3434343434343434        3.4848484848484849        303.66099640548367     
   4.3434343434343434        3.5353535353535355        303.66099807189886     
   4.3434343434343434        3.5858585858585861        303.66099964845375     
   4.3434343434343434        3.6363636363636362        303.66100113880850     
   4.3434343434343434        3.6868686868686869        303.66100254644357     
   4.3434343434343434        3.7373737373737375        303.66100387466491     
   4.3434343434343434        3.7878787878787881        303.66100512660870     
   4.3434343434343434        3.8383838383838382        303.66100630524676     
   4.3434343434343434        3.8888888888888888        303.66100741339147     
   4.3434343434343434        3.9393939393939394        303.66100845370033     
   4.3434343434343434        3.9898989898989901        303.66100942868127     
   4.3434343434343434        4.0404040404040407        303.66101034069675     
   4.3434343434343434        4.0909090909090908        303.66101119196867     
   4.3434343434343434        4.1414141414141410        303.66101198458244     
   4.3434343434343434        4.1919191919191920        303.66101272049139     
   4.3434343434343434        4.2424242424242422        303.66101340152090     
   4.3434343434343434        4.2929292929292933        303.66101402937198     
   4.3434343434343434        4.3434343434343434        303.66101460562527     
   4.3434343434343434        4.3939393939393936        303.66101513174425     
   4.3434343434343434        4.4444444444444446        303.66101560907902     
   4.3434343434343434        4.4949494949494948        303.66101603886869     
   4.3434343434343434        4.5454545454545459        303.66101642224527     
   4.3434343434343434        4.5959595959595960        303.66101676023550     
   4.3434343434343434        4.6464646464646462        303.66101705376377     
   4.3434343434343434        4.6969696969696972        303.66101730365432     
   4.3434343434343434        4.7474747474747474        303.66101751063349     
   4.3434343434343434        4.7979797979797976        303.66101767533132     
   4.3434343434343434        4.8484848484848486        303.66101779828313     
   4.3434343434343434        4.8989898989898988        303.66101787993125     
   4.3434343434343434        4.9494949494949498        303.66101792062574     
   4.3434343434343434        5.0000000000000000        303.66101792062580     

   4.4444444444444446        0.0000000000000000        303.56309354617412     
   4.4444444444444446        5.0505050505050504E-002   303.56309354617412     
   4.4444444444444446       0.10101010101010101        303.56310568595768     
   4.4444444444444446       0.15151515151515152        303.56312206255404     
   4.4444444444444446       0.20202020202020202        303.56313967462978     
   4.4444444444444446       0.25252525252525254        303.56315740229024     
   4.4444444444444446       0.30303030303030304        303.56317483490432     
   4.4444444444444446       0.35353535353535354        303.56319182564010     
   4.4444444444444446       0.40404040404040403        303.56320832486989     
   4.4444444444444446       0.45454545454545453        303.56322431864493     
   4.4444444444444446       0.50505050505050508        303.56323980619811     
   4.4444444444444446       0.55555555555555558        303.56325479177667     
   4.4444444444444446       0.60606060606060608        303.56326928168966     
   4.4444444444444446       0.65656565656565657        303.56328328323502     
   4.4444444444444446       0.70707070707070707        303.56329680430150     
   4.4444444444444446       0.75757575757575757        303.56330985320972     
   4.4444444444444446       0.80808080808080807        303.56332243863807     
   4.4444444444444446       0.85858585858585856        303.56333456957827     
   4.4444444444444446       0.90909090909090906        303.56334625530098     
   4.4444444444444446       0.95959595959595956        303.56335750532469     
   4.4444444444444446        1.0101010101010102        303.56336832938666     
   4.4444444444444446        1.0606060606060606        303.56337873741376     
   4.4444444444444446        1.1111111111111112        303.56338873949420     
   4.4444444444444446        1.1616161616161615        303.56339834584929     
   4.4444444444444446        1.2121212121212122        303.56340756680652     
   4.4444444444444446        1.2626262626262625        303.56341641277271     
   4.4444444444444446        1.3131313131313131        303.56342489420848     
   4.4444444444444446        1.3636363636363635        303.56343302160320     
   4.4444444444444446        1.4141414141414141        303.56344080545119     
   4.4444444444444446        1.4646464646464648        303.56344825622904     
   4.4444444444444446        1.5151515151515151        303.56345538437387     
   4.4444444444444446        1.5656565656565657        303.56346220026245     
   4.4444444444444446        1.6161616161616161        303.56346871419254     
   4.4444444444444446        1.6666666666666667        303.56347493636417     
   4.4444444444444446        1.7171717171717171        303.56348087686263     
   4.4444444444444446        1.7676767676767677        303.56348654564317     
   4.4444444444444446        1.8181818181818181        303.56349195251619     
   4.4444444444444446        1.8686868686868687        303.56349710713374     
   4.4444444444444446        1.9191919191919191        303.56350201897760     
   4.4444444444444446        1.9696969696969697        303.56350669734832     
   4.4444444444444446        2.0202020202020203        303.56351115135533     
   4.4444444444444446        2.0707070707070705        303.56351538990799     
   4.4444444444444446        2.1212121212121211        303.56351942170801     
   4.4444444444444446        2.1717171717171717        303.56352325524279     
   4.4444444444444446        2.2222222222222223        303.56352689877986     
   4.4444444444444446        2.2727272727272729        303.56353036036194     
   4.4444444444444446        2.3232323232323231        303.56353364780330     
   4.4444444444444446        2.3737373737373737        303.56353676868656     
   4.4444444444444446        2.4242424242424243        303.56353973036119     
   4.4444444444444446        2.4747474747474749        303.56354253994118     
   4.4444444444444446        2.5252525252525251        303.56354520430557     
   4.4444444444444446        2.5757575757575757        303.56354773009735     
   4.4444444444444446        2.6262626262626263        303.56355012372518     
   4.4444444444444446        2.6767676767676769        303.56355239136388     
   4.4444444444444446        2.7272727272727271        303.56355453895696     
   4.4444444444444446        2.7777777777777777        303.56355657221860     
   4.4444444444444446        2.8282828282828283        303.56355849663652     
   4.4444444444444446        2.8787878787878789        303.56356031747544     
   4.4444444444444446        2.9292929292929295        303.56356203978055     
   4.4444444444444446        2.9797979797979797        303.56356366838156     
   4.4444444444444446        3.0303030303030303        303.56356520789717     
   4.4444444444444446        3.0808080808080809        303.56356666273945     
   4.4444444444444446        3.1313131313131315        303.56356803711878     
   4.4444444444444446        3.1818181818181817        303.56356933504890     
   4.4444444444444446        3.2323232323232323        303.56357056035216     
   4.4444444444444446        3.2828282828282829        303.56357171666485     
   4.4444444444444446        3.3333333333333335        303.56357280744271     
   4.4444444444444446        3.3838383838383836        303.56357383596662     
   4.4444444444444446        3.4343434343434343        303.56357480534780     
   4.4444444444444446        3.4848484848484849        303.56357571853425     
   4.4444444444444446        3.5353535353535355        303.56357657831552     
   4.4444444444444446        3.5858585858585861        303.56357738732942     
   4.4444444444444446        3.6363636363636362        303.56357814806688     
   4.4444444444444446        3.6868686868686869        303.56357886287788     
   4.4444444444444446        3.7373737373737375        303.56357953397696     
   4.4444444444444446        3.7878787878787881        303.56358016344888     
   4.4444444444444446        3.8383838383838382        303.56358075325352     
   4.4444444444444446        3.8888888888888888        303.56358130523171     
   4.4444444444444446        3.9393939393939394        303.56358182110995     
   4.4444444444444446        3.9898989898989901        303.56358230250567     
   4.4444444444444446        4.0404040404040407        303.56358275093174     
   4.4444444444444446        4.0909090909090908        303.56358316780177     
   4.4444444444444446        4.1414141414141410        303.56358355443382     
   4.4444444444444446        4.1919191919191920        303.56358391205555     
   4.4444444444444446        4.2424242424242422        303.56358424180775     
   4.4444444444444446        4.2929292929292933        303.56358454474855     
   4.4444444444444446        4.3434343434343434        303.56358482185721     
   4.4444444444444446        4.3939393939393936        303.56358507403769     
   4.4444444444444446        4.4444444444444446        303.56358530212179     
   4.4444444444444446        4.4949494949494948        303.56358550687253     
   4.4444444444444446        4.5454545454545459        303.56358568898685     
   4.4444444444444446        4.5959595959595960        303.56358584909844     
   4.4444444444444446        4.6464646464646462        303.56358598777996     
   4.4444444444444446        4.6969696969696972        303.56358610554548     
   4.4444444444444446        4.7474747474747474        303.56358620285238     
   4.4444444444444446        4.7979797979797976        303.56358628010321     
   4.4444444444444446        4.8484848484848486        303.56358633764688     
   4.4444444444444446        4.8989898989898988        303.56358637578040     
   4.4444444444444446        4.9494949494949498        303.56358639474951     
   4.4444444444444446        5.0000000000000000        303.56358639474956     

   4.5454545454545459        0.0000000000000000        303.46595346261671     
   4.5454545454545459        5.0505050505050504E-002   303.46595346261671     
   4.5454545454545459       0.10101010101010101        303.46596064024953     
   4.5454545454545459       0.15151515151515152        303.46597051097018     
   4.5454545454545459       0.20202020202020202        303.46598120616653     
   4.5454545454545459       0.25252525252525254        303.46599198069492     
   4.5454545454545459       0.30303030303030304        303.46600254740878     
   4.5454545454545459       0.35353535353535354        303.46601279967706     
   4.5454545454545459       0.40404040404040403        303.46602270045321     
   4.5454545454545459       0.45454545454545453        303.46603223918788     
   4.5454545454545459       0.50505050505050508        303.46604141543628     
   4.5454545454545459       0.55555555555555558        303.46605023271252     
   4.5454545454545459       0.60606060606060608        303.46605869620663     
   4.5454545454545459       0.65656565656565657        303.46606681193475     
   4.5454545454545459       0.70707070707070707        303.46607458641563     
   4.5454545454545459       0.75757575757575757        303.46608202653800     
   4.5454545454545459       0.80808080808080807        303.46608913949683     
   4.5454545454545459       0.85858585858585856        303.46609593275332     
   4.5454545454545459       0.90909090909090906        303.46610241400373     
   4.5454545454545459       0.95959595959595956        303.46610859115094     
   4.5454545454545459        1.0101010101010102        303.46611447227747     
   4.5454545454545459        1.0606060606060606        303.46612006561890     
   4.5454545454545459        1.1111111111111112        303.46612537953723     
   4.5454545454545459        1.1616161616161615        303.46613042249578     
   4.5454545454545459        1.2121212121212122        303.46613520303367     
   4.5454545454545459        1.2626262626262625        303.46613972974154     
   4.5454545454545459        1.3131313131313131        303.46614401123833     
   4.5454545454545459        1.3636363636363635        303.46614805614803     
   4.5454545454545459        1.4141414141414141        303.46615187307822     
   4.5454545454545459        1.4646464646464648        303.46615547059980     
   4.5454545454545459        1.5151515151515151        303.46615885722645     
   4.5454545454545459        1.5656565656565657        303.46616204139718     
   4.5454545454545459        1.6161616161616161        303.46616503145827     
   4.5454545454545459        1.6666666666666667        303.46616783564741     
   4.5454545454545459        1.7171717171717171        303.46617046207876     
   4.5454545454545459        1.7676767676767677        303.46617291872906     
   4.5454545454545459        1.8181818181818181        303.46617521342512     
   4.5454545454545459        1.8686868686868687        303.46617735383217     
   4.5454545454545459        1.9191919191919191        303.46617934744381     
   4.5454545454545459        1.9696969696969697        303.46618120157291     
   4.5454545454545459        2.0202020202020203        303.46618292334341     
   4.5454545454545459        2.0707070707070705        303.46618451968317     
   4.5454545454545459        2.1212121212121211        303.46618599731829     
   4.5454545454545459        2.1717171717171717        303.46618736276821     
   4.5454545454545459        2.2222222222222223        303.46618862234158     
   4.5454545454545459        2.2727272727272729        303.46618978213297     
   4.5454545454545459        2.3232323232323231        303.46619084802109     
   4.5454545454545459        2.3737373737373737        303.46619182566729     
   4.5454545454545459        2.4242424242424243        303.46619272051464     
   4.5454545454545459        2.4747474747474749        303.46619353778863     
   4.5454545454545459        2.5252525252525251        303.46619428249744     
   4.5454545454545459        2.5757575757575757        303.46619495943372     
   4.5454545454545459        2.6262626262626263        303.46619557317666     
   4.5454545454545459        2.6767676767676769        303.46619612809457     
   4.5454545454545459        2.7272727272727271        303.46619662834809     
   4.5454545454545459        2.7777777777777777        303.46619707789347     
   4.5454545454545459        2.8282828282828283        303.46619748048698     
   4.5454545454545459        2.8787878787878789        303.46619783968924     
   4.5454545454545459        2.9292929292929295        303.46619815886987     
   4.5454545454545459        2.9797979797979797        303.46619844121244     
   4.5454545454545459        3.0303030303030303        303.46619868971999     
   4.5454545454545459        3.0808080808080809        303.46619890722070     
   4.5454545454545459        3.1313131313131315        303.46619909637320     
   4.5454545454545459        3.1818181818181817        303.46619925967281     
   4.5454545454545459        3.2323232323232323        303.46619939945754     
   4.5454545454545459        3.2828282828282829        303.46619951791394     
   4.5454545454545459        3.3333333333333335        303.46619961708404     
   4.5454545454545459        3.3838383838383836        303.46619969887070     
   4.5454545454545459        3.4343434343434343        303.46619976504439     
   4.5454545454545459        3.4848484848484849        303.46619981724973     
   4.5454545454545459        3.5353535353535355        303.46619985701074     
   4.5454545454545459        3.5858585858585861        303.46619988573843     
   4.5454545454545459        3.6363636363636362        303.46619990473579     
   4.5454545454545459        3.6868686868686869        303.46619991520430     
   4.5454545454545459        3.7373737373737375        303.46619991825008     
   4.5454545454545459        3.7878787878787881        303.46619991488939     
   4.5454545454545459        3.8383838383838382        303.46619990605438     
   4.5454545454545459        3.8888888888888888        303.46619989259864     
   4.5454545454545459        3.9393939393939394        303.46619987530300     
   4.5454545454545459        3.9898989898989901        303.46619985488013     
   4.5454545454545459        4.0404040404040407        303.46619983198002     
   4.5454545454545459        4.0909090909090908        303.46619980719487     
   4.5454545454545459        4.1414141414141410        303.46619978106349     
   4.5454545454545459        4.1919191919191920        303.46619975407594     
   4.5454545454545459        4.2424242424242422        303.46619972667776     
   4.5454545454545459        4.2929292929292933        303.46619969927389     
   4.5454545454545459        4.3434343434343434        303.46619967223285     
   4.5454545454545459        4.3939393939393936        303.46619964588984     
   4.5454545454545459        4.4444444444444446        303.46619962055036     
   4.5454545454545459        4.4949494949494948        303.46619959649348     
   4.5454545454545459        4.5454545454545459        303.46619957397428     
   4.5454545454545459        4.5959595959595960        303.46619955322706     
   4.5454545454545459        4.6464646464646462        303.46619953446708     
   4.5454545454545459        4.6969696969696972        303.46619951789324     
   4.5454545454545459        4.7474747474747474        303.46619950368978     
   4.5454545454545459        4.7979797979797976        303.46619949202784     
   4.5454545454545459        4.8484848484848486        303.46619948306710     
   4.5454545454545459        4.8989898989898988        303.46619947695672     
   4.5454545454545459        4.9494949494949498        303.46619947383624     
   4.5454545454545459        5.0000000000000000        303.46619947383630     

   4.6464646464646462        0.0000000000000000        303.36884649682526     
   4.6464646464646462        5.0505050505050504E-002   303.36884649682526     
   4.6464646464646462       0.10101010101010101        303.36884866385014     
   4.6464646464646462       0.15151515151515152        303.36885196264643     
   4.6464646464646462       0.20202020202020202        303.36885566912486     
   4.6464646464646462       0.25252525252525254        303.36885941732777     
   4.6464646464646462       0.30303030303030304        303.36886304523745     
   4.6464646464646462       0.35353535353535354        303.36886648702688     
   4.6464646464646462       0.40404040404040403        303.36886971845087     
   4.6464646464646462       0.45454545454545453        303.36887273243974     
   4.6464646464646462       0.50505050505050508        303.36887552890079     
   4.6464646464646462       0.55555555555555558        303.36887811062707     
   4.6464646464646462       0.60606060606060608        303.36888048169521     
   4.6464646464646462       0.65656565656565657        303.36888264684239     
   4.6464646464646462       0.70707070707070707        303.36888461121976     
   4.6464646464646462       0.75757575757575757        303.36888638028609     
   4.6464646464646462       0.80808080808080807        303.36888795975403     
   4.6464646464646462       0.85858585858585856        303.36888935555510     
   4.6464646464646462       0.90909090909090906        303.36889057381143     
   4.6464646464646462       0.95959595959595956        303.36889162080990     
   4.6464646464646462        1.0101010101010102        303.36889250297713     
   4.6464646464646462        1.0606060606060606        303.36889322685550     
   4.6464646464646462        1.1111111111111112        303.36889379907842     
   4.6464646464646462        1.1616161616161615        303.36889422634721     
   4.6464646464646462        1.2121212121212122        303.36889451540821     
   4.6464646464646462        1.2626262626262625        303.36889467303070     
   4.6464646464646462        1.3131313131313131        303.36889470598516     
   4.6464646464646462        1.3636363636363635        303.36889462102300     
   4.6464646464646462        1.4141414141414141        303.36889442485699     
   4.6464646464646462        1.4646464646464648        303.36889412414268     
   4.6464646464646462        1.5151515151515151        303.36889372546062     
   4.6464646464646462        1.5656565656565657        303.36889323530033     
   4.6464646464646462        1.6161616161616161        303.36889266004499     
   4.6464646464646462        1.6666666666666667        303.36889200595743     
   4.6464646464646462        1.7171717171717171        303.36889127916658     
   4.6464646464646462        1.7676767676767677        303.36889048565672     
   4.6464646464646462        1.8181818181818181        303.36888963125580     
   4.6464646464646462        1.8686868686868687        303.36888872162660     
   4.6464646464646462        1.9191919191919191        303.36888776225828     
   4.6464646464646462        1.9696969696969697        303.36888675845893     
   4.6464646464646462        2.0202020202020203        303.36888571534962     
   4.6464646464646462        2.0707070707070705        303.36888463785903     
   4.6464646464646462        2.1212121212121211        303.36888353071936     
   4.6464646464646462        2.1717171717171717        303.36888239846343     
   4.6464646464646462        2.2222222222222223        303.36888124542196     
   4.6464646464646462        2.2727272727272729        303.36888007572236     
   4.6464646464646462        2.3232323232323231        303.36887889328852     
   4.6464646464646462        2.3737373737373737        303.36887770184046     
   4.6464646464646462        2.4242424242424243        303.36887650489581     
   4.6464646464646462        2.4747474747474749        303.36887530577110     
   4.6464646464646462        2.5252525252525251        303.36887410758442     
   4.6464646464646462        2.5757575757575757        303.36887291325809     
   4.6464646464646462        2.6262626262626263        303.36887172552224     
   4.6464646464646462        2.6767676767676769        303.36887054691874     
   4.6464646464646462        2.7272727272727271        303.36886937980586     
   4.6464646464646462        2.7777777777777777        303.36886822636251     
   4.6464646464646462        2.8282828282828283        303.36886708859430     
   4.6464646464646462        2.8787878787878789        303.36886596833870     
   4.6464646464646462        2.9292929292929295        303.36886486727076     
   4.6464646464646462        2.9797979797979797        303.36886378690951     
   4.6464646464646462        3.0303030303030303        303.36886272862404     
   4.6464646464646462        3.0808080808080809        303.36886169364044     
   4.6464646464646462        3.1313131313131315        303.36886068304790     
   4.6464646464646462        3.1818181818181817        303.36885969780616     
   4.6464646464646462        3.2323232323232323        303.36885873875156     
   4.6464646464646462        3.2828282828282829        303.36885780660481     
   4.6464646464646462        3.3333333333333335        303.36885690197721     
   4.6464646464646462        3.3838383838383836        303.36885602537825     
   4.6464646464646462        3.4343434343434343        303.36885517722197     
   4.6464646464646462        3.4848484848484849        303.36885435783444     
   4.6464646464646462        3.5353535353535355        303.36885356745978     
   4.6464646464646462        3.5858585858585861        303.36885280626780     
   4.6464646464646462        3.6363636363636362        303.36885207435978     
   4.6464646464646462        3.6868686868686869        303.36885137177563     
   4.6464646464646462        3.7373737373737375        303.36885069849995     
   4.6464646464646462        3.7878787878787881        303.36885005446806     
   4.6464646464646462        3.8383838383838382        303.36884943957250     
   4.6464646464646462        3.8888888888888888        303.36884885366845     
   4.6464646464646462        3.9393939393939394        303.36884829657964     
   4.6464646464646462        3.9898989898989901        303.36884776810388     
   4.6464646464646462        4.0404040404040407        303.36884726801804     
   4.6464646464646462        4.0909090909090908        303.36884679608329     
   4.6464646464646462        4.1414141414141410        303.36884635205013     
   4.6464646464646462        4.1919191919191920        303.36884593566259     
   4.6464646464646462        4.2424242424242422        303.36884554666284     
   4.6464646464646462        4.2929292929292933        303.36884518479502     
   4.6464646464646462        4.3434343434343434        303.36884484980959     
   4.6464646464646462        4.3939393939393936        303.36884454146667     
   4.6464646464646462        4.4444444444444446        303.36884425953917     
   4.6464646464646462        4.4949494949494948        303.36884400381638     
   4.6464646464646462        4.5454545454545459        303.36884377410672     
   4.6464646464646462        4.5959595959595960        303.36884357024007     
   4.6464646464646462        4.6464646464646462        303.36884339207029     
   4.6464646464646462        4.6969696969696972        303.36884323947726     
   4.6464646464646462        4.7474747474747474        303.36884311236878     
   4.6464646464646462        4.7979797979797976        303.36884301068210     
   4.6464646464646462        4.8484848484848486        303.36884293438510     
   4.6464646464646462        4.8989898989898988        303.36884288347738     
   4.6464646464646462        4.9494949494949498        303.36884285799113     
   4.6464646464646462        5.0000000000000000        303.36884285799113     

   4.7474747474747474        0.0000000000000000        303.27175716437887     
   4.7474747474747474        5.0505050505050504E-002   303.27175716437887     
   4.7474747474747474       0.10101010101010101        303.27175429253339     
   4.7474747474747474       0.15151515151515152        303.27175097984735     
   4.7474747474747474       0.20202020202020202        303.27174765394420     
   4.7474747474747474       0.25252525252525254        303.27174433095826     
   4.7474747474747474       0.30303030303030304        303.27174097514052     
   4.7474747474747474       0.35353535353535354        303.27173756190655     
   4.7474747474747474       0.40404040404040403        303.27173407998055     
   4.7474747474747474       0.45454545454545453        303.27173052583828     
   4.7474747474747474       0.50505050505050508        303.27172689976754     
   4.7474747474747474       0.55555555555555558        303.27172320385449     
   4.7474747474747474       0.60606060606060608        303.27171944107181     
   4.7474747474747474       0.65656565656565657        303.27171561488598     
   4.7474747474747474       0.70707070707070707        303.27171172908771     
   4.7474747474747474       0.75757575757575757        303.27170778771284     
   4.7474747474747474       0.80808080808080807        303.27170379499859     
   4.7474747474747474       0.85858585858585856        303.27169975535327     
   4.7474747474747474       0.90909090909090906        303.27169567333135     
   4.7474747474747474       0.95959595959595956        303.27169155360934     
   4.7474747474747474        1.0101010101010102        303.27168740096363     
   4.7474747474747474        1.0606060606060606        303.27168322024755     
   4.7474747474747474        1.1111111111111112        303.27167901637006     
   4.7474747474747474        1.1616161616161615        303.27167479427396     
   4.7474747474747474        1.2121212121212122        303.27167055891545     
   4.7474747474747474        1.2626262626262625        303.27166631524398     
   4.7474747474747474        1.3131313131313131        303.27166206818288     
   4.7474747474747474        1.3636363636363635        303.27165782261102     
   4.7474747474747474        1.4141414141414141        303.27165358334543     
   4.7474747474747474        1.4646464646464648        303.27164935512496     
   4.7474747474747474        1.5151515151515151        303.27164514259459     
   4.7474747474747474        1.5656565656565657        303.27164095029156     
   4.7474747474747474        1.6161616161616161        303.27163678263162     
   4.7474747474747474        1.6666666666666667        303.27163264389782     
   4.7474747474747474        1.7171717171717171        303.27162853822887     
   4.7474747474747474        1.7676767676767677        303.27162446960989     
   4.7474747474747474        1.8181818181818181        303.27162044186360     
   4.7474747474747474        1.8686868686868687        303.27161645864254     
   4.7474747474747474        1.9191919191919191        303.27161252342319     
   4.7474747474747474        1.9696969696969697        303.27160863950041     
   4.7474747474747474        2.0202020202020203        303.27160480998322     
   4.7474747474747474        2.0707070707070705        303.27160103779141     
   4.7474747474747474        2.1212121212121211        303.27159732565337     
   4.7474747474747474        2.1717171717171717        303.27159367610460     
   4.7474747474747474        2.2222222222222223        303.27159009148721     
   4.7474747474747474        2.2727272727272729        303.27158657395046     
   4.7474747474747474        2.3232323232323231        303.27158312545163     
   4.7474747474747474        2.3737373737373737        303.27157974775827     
   4.7474747474747474        2.4242424242424243        303.27157644245045     
   4.7474747474747474        2.4747474747474749        303.27157321092415     
   4.7474747474747474        2.5252525252525251        303.27157005439506     
   4.7474747474747474        2.5757575757575757        303.27156697390302     
   4.7474747474747474        2.6262626262626263        303.27156397031695     
   4.7474747474747474        2.6767676767676769        303.27156104434022     
   4.7474747474747474        2.7272727272727271        303.27155819651614     
   4.7474747474747474        2.7777777777777777        303.27155542723460     
   4.7474747474747474        2.8282828282828283        303.27155273673816     
   4.7474747474747474        2.8787878787878789        303.27155012512901     
   4.7474747474747474        2.9292929292929295        303.27154759237584     
   4.7474747474747474        2.9797979797979797        303.27154513832130     
   4.7474747474747474        3.0303030303030303        303.27154276268891     
   4.7474747474747474        3.0808080808080809        303.27154046509111     
   4.7474747474747474        3.1313131313131315        303.27153824503642     
   4.7474747474747474        3.1818181818181817        303.27153610193756     
   4.7474747474747474        3.2323232323232323        303.27153403511869     
   4.7474747474747474        3.2828282828282829        303.27153204382347     
   4.7474747474747474        3.3333333333333335        303.27153012722260     
   4.7474747474747474        3.3838383838383836        303.27152828442155     
   4.7474747474747474        3.4343434343434343        303.27152651446818     
   4.7474747474747474        3.4848484848484849        303.27152481636006     
   4.7474747474747474        3.5353535353535355        303.27152318905195     
   4.7474747474747474        3.5858585858585861        303.27152163146337     
   4.7474747474747474        3.6363636363636362        303.27152014248509     
   4.7474747474747474        3.6868686868686869        303.27151872098671     
   4.7474747474747474        3.7373737373737375        303.27151736582277     
   4.7474747474747474        3.7878787878787881        303.27151607584011     
   4.7474747474747474        3.8383838383838382        303.27151484988360     
   4.7474747474747474        3.8888888888888888        303.27151368680256     
   4.7474747474747474        3.9393939393939394        303.27151258545666     
   4.7474747474747474        3.9898989898989901        303.27151154472182     
   4.7474747474747474        4.0404040404040407        303.27151056349527     
   4.7474747474747474        4.0909090909090908        303.27150964070142     
   4.7474747474747474        4.1414141414141410        303.27150877529618     
   4.7474747474747474        4.1919191919191920        303.27150796627194     
   4.7474747474747474        4.2424242424242422        303.27150721266236     
   4.7474747474747474        4.2929292929292933        303.27150651354577     
   4.7474747474747474        4.3434343434343434        303.27150586805010     
   4.7474747474747474        4.3939393939393936        303.27150527535571     
   4.7474747474747474        4.4444444444444446        303.27150473469931     
   4.7474747474747474        4.4949494949494948        303.27150424537660     
   4.7474747474747474        4.5454545454545459        303.27150380674584     
   4.7474747474747474        4.5959595959595960        303.27150341822960     
   4.7474747474747474        4.6464646464646462        303.27150307931737     
   4.7474747474747474        4.6969696969696972        303.27150278956776     
   4.7474747474747474        4.7474747474747474        303.27150254861004     
   4.7474747474747474        4.7979797979797976        303.27150235614562     
   4.7474747474747474        4.8484848484848486        303.27150221194916     
   4.7474747474747474        4.8989898989898988        303.27150211586940     
   4.7474747474747474        4.9494949494949498        303.27150206783023     
   4.7474747474747474        5.0000000000000000        303.27150206783028     

   4.8484848484848486        0.0000000000000000        303.17466985255732     
   4.8484848484848486        5.0505050505050504E-002   303.17466985255732     
   4.8484848484848486       0.10101010101010101        303.17466193387764     
   4.8484848484848486       0.15151515151515152        303.17465199678827     
   4.8484848484848486       0.20202020202020202        303.17464162317515     
   4.8484848484848486       0.25252525252525254        303.17463121263171     
   4.8484848484848486       0.30303030303030304        303.17462085630820     
   4.8484848484848486       0.35353535353535354        303.17461057113513     
   4.8484848484848486       0.40404040404040403        303.17460035892145     
   4.8484848484848486       0.45454545454545453        303.17459021973980     
   4.8484848484848486       0.50505050505050508        303.17458015428468     
   4.8484848484848486       0.55555555555555558        303.17457016395235     
   4.8484848484848486       0.60606060606060608        303.17456025062529     
   4.8484848484848486       0.65656565656565657        303.17455041651181     
   4.8484848484848486       0.70707070707070707        303.17454066405480     
   4.8484848484848486       0.75757575757575757        303.17453099587959     
   4.8484848484848486       0.80808080808080807        303.17452141476053     
   4.8484848484848486       0.85858585858585856        303.17451192359539     
   4.8484848484848486       0.90909090909090906        303.17450252538293     
   4.8484848484848486       0.95959595959595956        303.17449322320152     
   4.8484848484848486        1.0101010101010102        303.17448402018869     
   4.8484848484848486        1.0606060606060606        303.17447491952049     
   4.8484848484848486        1.1111111111111112        303.17446592439205     
   4.8484848484848486        1.1616161616161615        303.17445703799808     
   4.8484848484848486        1.2121212121212122        303.17444826351408     
   4.8484848484848486        1.2626262626262625        303.17443960407894     
   4.8484848484848486        1.3131313131313131        303.17443106277699     
   4.8484848484848486        1.3636363636363635        303.17442264262235     
   4.8484848484848486        1.4141414141414141        303.17441434654324     
   4.8484848484848486        1.4646464646464648        303.17440617736798     
   4.8484848484848486        1.5151515151515151        303.17439813781135     
   4.8484848484848486        1.5656565656565657        303.17439023046290     
   4.8484848484848486        1.6161616161616161        303.17438245777532     
   4.8484848484848486        1.6666666666666667        303.17437482205509     
   4.8484848484848486        1.7171717171717171        303.17436732545320     
   4.8484848484848486        1.7676767676767677        303.17435996995772     
   4.8484848484848486        1.8181818181818181        303.17435275738706     
   4.8484848484848486        1.8686868686868687        303.17434568938467     
   4.8484848484848486        1.9191919191919191        303.17433876741427     
   4.8484848484848486        1.9696969696969697        303.17433199275700     
   4.8484848484848486        2.0202020202020203        303.17432536650904     
   4.8484848484848486        2.0707070707070705        303.17431888957981     
   4.8484848484848486        2.1212121212121211        303.17431256269163     
   4.8484848484848486        2.1717171717171717        303.17430638638075     
   4.8484848484848486        2.2222222222222223        303.17430036099790     
   4.8484848484848486        2.2727272727272729        303.17429448671112     
   4.8484848484848486        2.3232323232323231        303.17428876350795     
   4.8484848484848486        2.3737373737373737        303.17428319119944     
   4.8484848484848486        2.4242424242424243        303.17427776942452     
   4.8484848484848486        2.4747474747474749        303.17427249765433     
   4.8484848484848486        2.5252525252525251        303.17426737519793     
   4.8484848484848486        2.5757575757575757        303.17426240120830     
   4.8484848484848486        2.6262626262626263        303.17425757468840     
   4.8484848484848486        2.6767676767676769        303.17425289449830     
   4.8484848484848486        2.7272727272727271        303.17424835936185     
   4.8484848484848486        2.7777777777777777        303.17424396787459     
   4.8484848484848486        2.8282828282828283        303.17423971851133     
   4.8484848484848486        2.8787878787878789        303.17423560963408     
   4.8484848484848486        2.9292929292929295        303.17423163950008     
   4.8484848484848486        2.9797979797979797        303.17422780627038     
   4.8484848484848486        3.0303030303030303        303.17422410801811     
   4.8484848484848486        3.0808080808080809        303.17422054273715     
   4.8484848484848486        3.1313131313131315        303.17421710835038     
   4.8484848484848486        3.1818181818181817        303.17421380271873     
   4.8484848484848486        3.2323232323232323        303.17421062364906     
   4.8484848484848486        3.2828282828282829        303.17420756890357     
   4.8484848484848486        3.3333333333333335        303.17420463620755     
   4.8484848484848486        3.3838383838383836        303.17420182325799     
   4.8484848484848486        3.4343434343434343        303.17419912773181     
   4.8484848484848486        3.4848484848484849        303.17419654729417     
   4.8484848484848486        3.5353535353535355        303.17419407960614     
   4.8484848484848486        3.5858585858585861        303.17419172233264     
   4.8484848484848486        3.6363636363636362        303.17418947314997     
   4.8484848484848486        3.6868686868686869        303.17418732975324     
   4.8484848484848486        3.7373737373737375        303.17418528986383     
   4.8484848484848486        3.7878787878787881        303.17418335123591     
   4.8484848484848486        3.8383838383838382        303.17418151166333     
   4.8484848484848486        3.8888888888888888        303.17417976898616     
   4.8484848484848486        3.9393939393939394        303.17417812109682     
   4.8484848484848486        3.9898989898989901        303.17417656594625     
   4.8484848484848486        4.0404040404040407        303.17417510154922     
   4.8484848484848486        4.0909090909090908        303.17417372599004     
   4.8484848484848486        4.1414141414141410        303.17417243742779     
   4.8484848484848486        4.1919191919191920        303.17417123410070     
   4.8484848484848486        4.2424242424242422        303.17417011433116     
   4.8484848484848486        4.2929292929292933        303.17416907652978     
   4.8484848484848486        4.3434343434343434        303.17416811919963     
   4.8484848484848486        4.3939393939393936        303.17416724093954     
   4.8484848484848486        4.4444444444444446        303.17416644044783     
   4.8484848484848486        4.4949494949494948        303.17416571652529     
   4.8484848484848486        4.5454545454545459        303.17416506807808     
   4.8484848484848486        4.5959595959595960        303.17416449412025     
   4.8484848484848486        4.6464646464646462        303.17416399377572     
   4.8484848484848486        4.6969696969696972        303.17416356628058     
   4.8484848484848486        4.7474747474747474        303.17416321098455     
   4.8484848484848486        4.7979797979797976        303.17416292735214     
   4.8484848484848486        4.8484848484848486        303.17416271496433     
   4.8484848484848486        4.8989898989898988        303.17416257351846     
   4.8484848484848486        4.9494949494949498        303.17416250282946     
   4.8484848484848486        5.0000000000000000        303.17416250282952     

   4.9494949494949498        0.0000000000000000        303.07756888324099     
   4.9494949494949498        5.0505050505050504E-002   303.07756888324099     
   4.9494949494949498       0.10101010101010101        303.07755593008420     
   4.9494949494949498       0.15151515151515152        303.07753938234572     
   4.9494949494949498       0.20202020202020202        303.07752197407626     
   4.9494949494949498       0.25252525252525254        303.07750448815131     
   4.9494949494949498       0.30303030303030304        303.07748714273953     
   4.9494949494949498       0.35353535353535354        303.07746999639153     
   4.9494949494949498       0.40404040404040403        303.07745306406326     
   4.9494949494949498       0.45454545454545453        303.07743634946115     
   4.9494949494949498       0.50505050505050508        303.07741985371069     
   4.9494949494949498       0.55555555555555558        303.07740357753784     
   4.9494949494949498       0.60606060606060608        303.07738752175266     
   4.9494949494949498       0.65656565656565657        303.07737168732314     
   4.9494949494949498       0.70707070707070707        303.07735607536188     
   4.9494949494949498       0.75757575757575757        303.07734068710170     
   4.9494949494949498       0.80808080808080807        303.07732552387228     
   4.9494949494949498       0.85858585858585856        303.07731058707907     
   4.9494949494949498       0.90909090909090906        303.07729587818375     
   4.9494949494949498       0.95959595959595956        303.07728139868470     
   4.9494949494949498        1.0101010101010102        303.07726715009881     
   4.9494949494949498        1.0606060606060606        303.07725313394292     
   4.9494949494949498        1.1111111111111112        303.07723935171578     
   4.9494949494949498        1.1616161616161615        303.07722580488115     
   4.9494949494949498        1.2121212121212122        303.07721249485093     
   4.9494949494949498        1.2626262626262625        303.07719942296933     
   4.9494949494949498        1.3131313131313131        303.07718659049760     
   4.9494949494949498        1.3636363636363635        303.07717399860024     
   4.9494949494949498        1.4141414141414141        303.07716164833113     
   4.9494949494949498        1.4646464646464648        303.07714954062203     
   4.9494949494949498        1.5151515151515151        303.07713767627081     
   4.9494949494949498        1.5656565656565657        303.07712605593179     
   4.9494949494949498        1.6161616161616161        303.07711468010666     
   4.9494949494949498        1.6666666666666667        303.07710354913650     
   4.9494949494949498        1.7171717171717171        303.07709266319523     
   4.9494949494949498        1.7676767676767677        303.07708202228400     
   4.9494949494949498        1.8181818181818181        303.07707162622637     
   4.9494949494949498        1.8686868686868687        303.07706147466530     
   4.9494949494949498        1.9191919191919191        303.07705156706038     
   4.9494949494949498        1.9696969696969697        303.07704190268674     
   4.9494949494949498        2.0202020202020203        303.07703248063467     
   4.9494949494949498        2.0707070707070705        303.07702329980998     
   4.9494949494949498        2.1212121212121211        303.07701435893546     
   4.9494949494949498        2.1717171717171717        303.07700565655369     
   4.9494949494949498        2.2222222222222223        303.07699719102953     
   4.9494949494949498        2.2727272727272729        303.07698896055467     
   4.9494949494949498        2.3232323232323231        303.07698096315153     
   4.9494949494949498        2.3737373737373737        303.07697319667932     
   4.9494949494949498        2.4242424242424243        303.07696565883941     
   4.9494949494949498        2.4747474747474749        303.07695834718191     
   4.9494949494949498        2.5252525252525251        303.07695125911289     
   4.9494949494949498        2.5757575757575757        303.07694439190135     
   4.9494949494949498        2.6262626262626263        303.07693774268739     
   4.9494949494949498        2.6767676767676769        303.07693130849054     
   4.9494949494949498        2.7272727272727271        303.07692508621778     
   4.9494949494949498        2.7777777777777777        303.07691907267247     
   4.9494949494949498        2.8282828282828283        303.07691326456398     
   4.9494949494949498        2.8787878787878789        303.07690765851618     
   4.9494949494949498        2.9292929292929295        303.07690225107683     
   4.9494949494949498        2.9797979797979797        303.07689703872722     
   4.9494949494949498        3.0303030303030303        303.07689201789179     
   4.9494949494949498        3.0808080808080809        303.07688718494728     
   4.9494949494949498        3.1313131313131315        303.07688253623246     
   4.9494949494949498        3.1818181818181817        303.07687806805791     
   4.9494949494949498        3.2323232323232323        303.07687377671465     
   4.9494949494949498        3.2828282828282829        303.07686965848450     
   4.9494949494949498        3.3333333333333335        303.07686570964847     
   4.9494949494949498        3.3838383838383836        303.07686192649635     
   4.9494949494949498        3.4343434343434343        303.07685830533529     
   4.9494949494949498        3.4848484848484849        303.07685484249885     
   4.9494949494949498        3.5353535353535355        303.07685153435528     
   4.9494949494949498        3.5858585858585861        303.07684837731603     
   4.9494949494949498        3.6363636363636362        303.07684536784376     
   4.9494949494949498        3.6868686868686869        303.07684250246024     
   4.9494949494949498        3.7373737373737375        303.07683977775389     
   4.9494949494949498        3.7878787878787881        303.07683719038732     
   4.9494949494949498        3.8383838383838382        303.07683473710398     
   4.9494949494949498        3.8888888888888888        303.07683241473558     
   4.9494949494949498        3.9393939393939394        303.07683022020785     
   4.9494949494949498        3.9898989898989901        303.07682815054727     
   4.9494949494949498        4.0404040404040407        303.07682620288676     
   4.9494949494949498        4.0909090909090908        303.07682437447124     
   4.9494949494949498        4.1414141414141410        303.07682266266335     
   4.9494949494949498        4.1919191919191920        303.07682106494764     
   4.9494949494949498        4.2424242424242422        303.07681957893584     
   4.9494949494949498        4.2929292929292933        303.07681820237116     
   4.9494949494949498        4.3434343434343434        303.07681693313208     
   4.9494949494949498        4.3939393939393936        303.07681576923642     
   4.9494949494949498        4.4444444444444446        303.07681470884449     
   4.9494949494949498        4.4949494949494948        303.07681375026226     
   4.9494949494949498        4.5454545454545459        303.07681289194426     
   4.9494949494949498        4.5959595959595960        303.07681213249600     
   4.9494949494949498        4.6464646464646462        303.07681147067620     
   4.9494949494949498        4.6969696969696972        303.07681090539847     
   4.9494949494949498        4.7474747474747474        303.07681043573308     
   4.9494949494949498        4.7979797979797976        303.07681006090809     
   4.9494949494949498        4.8484848484848486        303.07680978031038     
   4.9494949494949498        4.8989898989898988        303.07680959348602     
   4.9494949494949498        4.9494949494949498        303.07680950014111     
   4.9494949494949498        5.0000000000000000        303.07680950014111     

   5.0505050505050502        0.0000000000000000        302.98043857604813     
   5.0505050505050502        5.0505050505050504E-002   302.98043857604813     
   5.0505050505050502       0.10101010101010101        302.98042062103286     
   5.0505050505050502       0.15151515151515152        302.98039750300609     
   5.0505050505050502       0.20202020202020202        302.98037310144849     
   5.0505050505050502       0.25252525252525254        302.98034858079734     
   5.0505050505050502       0.30303030303030304        302.98032428584821     
   5.0505050505050502       0.35353535353535354        302.98030031670834     
   5.0505050505050502       0.40404040404040403        302.98027670149094     
   5.0505050505050502       0.45454545454545453        302.98025344755774     
   5.0505050505050502       0.50505050505050508        302.98023055648810     
   5.0505050505050502       0.55555555555555558        302.98020802835953     
   5.0505050505050502       0.60606060606060608        302.98018586293216     
   5.0505050505050502       0.65656565656565657        302.98016405995565     
   5.0505050505050502       0.70707070707070707        302.98014261923549     
   5.0505050505050502       0.75757575757575757        302.98012154063565     
   5.0505050505050502       0.80808080808080807        302.98010082406489     
   5.0505050505050502       0.85858585858585856        302.98008046946069     
   5.0505050505050502       0.90909090909090906        302.98006047677200     
   5.0505050505050502       0.95959595959595956        302.98004084594191     
   5.0505050505050502        1.0101010101010102        302.98002157689149     
   5.0505050505050502        1.0606060606060606        302.98000266950248     
   5.0505050505050502        1.1111111111111112        302.97998412360198     
   5.0505050505050502        1.1616161616161615        302.97996593894698     
   5.0505050505050502        1.2121212121212122        302.97994811520937     
   5.0505050505050502        1.2626262626262625        302.97993065196226     
   5.0505050505050502        1.3131313131313131        302.97991354866696     
   5.0505050505050502        1.3636363636363635        302.97989680466065     
   5.0505050505050502        1.4141414141414141        302.97988041914516     
   5.0505050505050502        1.4646464646464648        302.97986439117705     
   5.0505050505050502        1.5151515151515151        302.97984871965832     
   5.0505050505050502        1.5656565656565657        302.97983340332848     
   5.0505050505050502        1.6161616161616161        302.97981844075792     
   5.0505050505050502        1.6666666666666667        302.97980383034172     
   5.0505050505050502        1.7171717171717171        302.97978957029534     
   5.0505050505050502        1.7676767676767677        302.97977565865079     
   5.0505050505050502        1.8181818181818181        302.97976209325458     
   5.0505050505050502        1.8686868686868687        302.97974887176605     
   5.0505050505050502        1.9191919191919191        302.97973599165687     
   5.0505050505050502        1.9696969696969697        302.97972345021208     
   5.0505050505050502        2.0202020202020203        302.97971124453136     
   5.0505050505050502        2.0707070707070705        302.97969937153181     
   5.0505050505050502        2.1212121212121211        302.97968782795095     
   5.0505050505050502        2.1717171717171717        302.97967661035159     
   5.0505050505050502        2.2222222222222223        302.97966571512626     
   5.0505050505050502        2.2727272727272729        302.97965513850312     
   5.0505050505050502        2.3232323232323231        302.97964487655219     
   5.0505050505050502        2.3737373737373737        302.97963492519278     
   5.0505050505050502        2.4242424242424243        302.97962528020071     
   5.0505050505050502        2.4747474747474749        302.97961593721669     
   5.0505050505050502        2.5252525252525251        302.97960689175443     
   5.0505050505050502        2.5757575757575757        302.97959813921022     
   5.0505050505050502        2.6262626262626263        302.97958967487153     
   5.0505050505050502        2.6767676767676769        302.97958149392753     
   5.0505050505050502        2.7272727272727271        302.97957359147813     
   5.0505050505050502        2.7777777777777777        302.97956596254448     
   5.0505050505050502        2.8282828282828283        302.97955860207946     
   5.0505050505050502        2.8787878787878789        302.97955150497791     
   5.0505050505050502        2.9292929292929295        302.97954466608707     
   5.0505050505050502        2.9797979797979797        302.97953808021697     
   5.0505050505050502        3.0303030303030303        302.97953174215161     
   5.0505050505050502        3.0808080808080809        302.97952564665883     
   5.0505050505050502        3.1313131313131315        302.97951978850119     
   5.0505050505050502        3.1818181818181817        302.97951416244632     
   5.0505050505050502        3.2323232323232323        302.97950876327729     
   5.0505050505050502        3.2828282828282829        302.97950358580232     
   5.0505050505050502        3.3333333333333335        302.97949862486547     
   5.0505050505050502        3.3838383838383836        302.97949387535584     
   5.0505050505050502        3.4343434343434343        302.97948933221755     
   5.0505050505050502        3.4848484848484849        302.97948499045896     
   5.0505050505050502        3.5353535353535355        302.97948084516167     
   5.0505050505050502        3.5858585858585861        302.97947689148964     
   5.0505050505050502        3.6363636363636362        302.97947312469762     
   5.0505050505050502        3.6868686868686869        302.97946954013958     
   5.0505050505050502        3.7373737373737375        302.97946613327650     
   5.0505050505050502        3.7878787878787881        302.97946289968445     
   5.0505050505050502        3.8383838383838382        302.97945983506162     
   5.0505050505050502        3.8888888888888888        302.97945693523582     
   5.0505050505050502        3.9393939393939394        302.97945419617076     
   5.0505050505050502        3.9898989898989901        302.97945161397297     
   5.0505050505050502        4.0404040404040407        302.97944918489748     
   5.0505050505050502        4.0909090909090908        302.97944690535394     
   5.0505050505050502        4.1414141414141410        302.97944477191203     
   5.0505050505050502        4.1919191919191920        302.97944278130615     
   5.0505050505050502        4.2424242424242422        302.97944093044106     
   5.0505050505050502        4.2929292929292933        302.97943921639529     
   5.0505050505050502        4.3434343434343434        302.97943763642593     
   5.0505050505050502        4.3939393939393936        302.97943618797217     
   5.0505050505050502        4.4444444444444446        302.97943486865898     
   5.0505050505050502        4.4949494949494948        302.97943367629966     
   5.0505050505050502        4.5454545454545459        302.97943260889946     
   5.0505050505050502        4.5959595959595960        302.97943166465711     
   5.0505050505050502        4.6464646464646462        302.97943084196760     
   5.0505050505050502        4.6969696969696972        302.97943013942376     
   5.0505050505050502        4.7474747474747474        302.97942955581743     
   5.0505050505050502        4.7979797979797976        302.97942909014120     
   5.0505050505050502        4.8484848484848486        302.97942874158889     
   5.0505050505050502        4.8989898989898988        302.97942850955599     
   5.0505050505050502        4.9494949494949498        302.97942839363998     
   5.0505050505050502        5.0000000000000000        302.97942839364003     

   5.1515151515151514        0.0000000000000000        302.88326331145555     
   5.1515151515151514        5.0505050505050504E-002   302.88326331145555     
   5.1515151515151514       0.10101010101010101        302.88324040732101     
   5.1515151515151514       0.15151515151515152        302.88321078579736     
   5.1515151515151514       0.20202020202020202        302.88317946045288     
   5.1515151515151514       0.25252525252525254        302.88314797403098     
   5.1515151515151514       0.30303030303030304        302.88311679705265     
   5.1515151515151514       0.35353535353535354        302.88308607095189     
   5.1515151515151514       0.40404040404040403        302.88305583695569     
   5.1515151515151514       0.45454545454545453        302.88302610608849     
   5.1515151515151514       0.50505050505050508        302.88299688040399     
   5.1515151515151514       0.55555555555555558        302.88296815935632     
   5.1515151515151514       0.60606060606060608        302.88293994168168     
   5.1515151515151514       0.65656565656565657        302.88291222593909     
   5.1515151515151514       0.70707070707070707        302.88288501065517     
   5.1515151515151514       0.75757575757575757        302.88285829435364     
   5.1515151515151514       0.80808080808080807        302.88283207555241     
   5.1515151515151514       0.85858585858585856        302.88280635275100     
   5.1515151515151514       0.90909090909090906        302.88278112441623     
   5.1515151515151514       0.95959595959595956        302.88275638896698     
   5.1515151515151514        1.0101010101010102        302.88273214475907     
   5.1515151515151514        1.0606060606060606        302.88270839007077     
   5.1515151515151514        1.1111111111111112        302.88268512308844     
   5.1515151515151514        1.1616161616161615        302.88266234189314     
   5.1515151515151514        1.2121212121212122        302.88264004444784     
   5.1515151515151514        1.2626262626262625        302.88261822858527     
   5.1515151515151514        1.3131313131313131        302.88259689199663     
   5.1515151515151514        1.3636363636363635        302.88257603222189     
   5.1515151515151514        1.4141414141414141        302.88255564664030     
   5.1515151515151514        1.4646464646464648        302.88253573246232     
   5.1515151515151514        1.5151515151515151        302.88251628672270     
   5.1515151515151514        1.5656565656565657        302.88249730627427     
   5.1515151515151514        1.6161616161616161        302.88247878778338     
   5.1515151515151514        1.6666666666666667        302.88246072772637     
   5.1515151515151514        1.7171717171717171        302.88244312238669     
   5.1515151515151514        1.7676767676767677        302.88242596785346     
   5.1515151515151514        1.8181818181818181        302.88240926002123     
   5.1515151515151514        1.8686868686868687        302.88239299459065     
   5.1515151515151514        1.9191919191919191        302.88237716706993     
   5.1515151515151514        1.9696969696969697        302.88236177277770     
   5.1515151515151514        2.0202020202020203        302.88234680684650     
   5.1515151515151514        2.0707070707070705        302.88233226422750     
   5.1515151515151514        2.1212121212121211        302.88231813969526     
   5.1515151515151514        2.1717171717171717        302.88230442785465     
   5.1515151515151514        2.2222222222222223        302.88229112314696     
   5.1515151515151514        2.2727272727272729        302.88227821985788     
   5.1515151515151514        2.3232323232323231        302.88226571212562     
   5.1515151515151514        2.3737373737373737        302.88225359394954     
   5.1515151515151514        2.4242424242424243        302.88224185919933     
   5.1515151515151514        2.4747474747474749        302.88223050162543     
   5.1515151515151514        2.5252525252525251        302.88221951486815     
   5.1515151515151514        2.5757575757575757        302.88220889246890     
   5.1515151515151514        2.6262626262626263        302.88219862788094     
   5.1515151515151514        2.6767676767676769        302.88218871448026     
   5.1515151515151514        2.7272727272727271        302.88217914557703     
   5.1515151515151514        2.7777777777777777        302.88216991442692     
   5.1515151515151514        2.8282828282828283        302.88216101424280     
   5.1515151515151514        2.8787878787878789        302.88215243820633     
   5.1515151515151514        2.9292929292929295        302.88214417947978     
   5.1515151515151514        2.9797979797979797        302.88213623121754     
   5.1515151515151514        3.0303030303030303        302.88212858657789     
   5.1515151515151514        3.0808080808080809        302.88212123873444     
   5.1515151515151514        3.1313131313131315        302.88211418088775     
   5.1515151515151514        3.1818181818181817        302.88210740627642     
   5.1515151515151514        3.2323232323232323        302.88210090818865     
   5.1515151515151514        3.2828282828282829        302.88209467997285     
   5.1515151515151514        3.3333333333333335        302.88208871504838     
   5.1515151515151514        3.3838383838383836        302.88208300691656     
   5.1515151515151514        3.4343434343434343        302.88207754917022     
   5.1515151515151514        3.4848484848484849        302.88207233550429     
   5.1515151515151514        3.5353535353535355        302.88206735972517     
   5.1515151515151514        3.5858585858585861        302.88206261576022     
   5.1515151515151514        3.6363636363636362        302.88205809766697     
   5.1515151515151514        3.6868686868686869        302.88205379964188     
   5.1515151515151514        3.7373737373737375        302.88204971602840     
   5.1515151515151514        3.7878787878787881        302.88204584132546     
   5.1515151515151514        3.8383838383838382        302.88204217019535     
   5.1515151515151514        3.8888888888888888        302.88203869747076     
   5.1515151515151514        3.9393939393939394        302.88203541816165     
   5.1515151515151514        3.9898989898989901        302.88203232746270     
   5.1515151515151514        4.0404040404040407        302.88202942075873     
   5.1515151515151514        4.0909090909090908        302.88202669363142     
   5.1515151515151514        4.1414141414141410        302.88202414186446     
   5.1515151515151514        4.1919191919191920        302.88202176144887     
   5.1515151515151514        4.2424242424242422        302.88201954858806     
   5.1515151515151514        4.2929292929292933        302.88201749970199     
   5.1515151515151514        4.3434343434343434        302.88201561143165     
   5.1515151515151514        4.3939393939393936        302.88201388064300     
   5.1515151515151514        4.4444444444444446        302.88201230442974     
   5.1515151515151514        4.4949494949494948        302.88201088011743     
   5.1515151515151514        4.5454545454545459        302.88200960526518     
   5.1515151515151514        4.5959595959595960        302.88200847766893     
   5.1515151515151514        4.6464646464646462        302.88200749536287     
   5.1515151515151514        4.6969696969696972        302.88200665662174     
   5.1515151515151514        4.7474747474747474        302.88200595996170     
   5.1515151515151514        4.7979797979797976        302.88200540414152     
   5.1515151515151514        4.8484848484848486        302.88200498816366     
   5.1515151515151514        4.8989898989898988        302.88200471127408     
   5.1515151515151514        4.9494949494949498        302.88200457296267     
   5.1515151515151514        5.0000000000000000        302.88200457296267     

   5.2525252525252526        0.0000000000000000        302.78602759364782     
   5.2525252525252526        5.0505050505050504E-002   302.78602759364782     
   5.2525252525252526       0.10101010101010101        302.78599981303205     
   5.2525252525252526       0.15151515151515152        302.78596378095182     
   5.2525252525252526       0.20202020202020202        302.78592562916003     
   5.2525252525252526       0.25252525252525254        302.78588727392969     
   5.2525252525252526       0.30303030303030304        302.78584931009993     
   5.2525252525252526       0.35353535353535354        302.78581192003520     
   5.2525252525252526       0.40404040404040403        302.78577515798031     
   5.2525252525252526       0.45454545454545453        302.78573903861479     
   5.2525252525252526       0.50505050505050508        302.78570356448608     
   5.2525252525252526       0.55555555555555558        302.78566873445203     
   5.2525252525252526       0.60606060606060608        302.78563454625549     
   5.2525252525252526       0.65656565656565657        302.78560099729725     
   5.2525252525252526       0.70707070707070707        302.78556808485831     
   5.2525252525252526       0.75757575757575757        302.78553580615704     
   5.2525252525252526       0.80808080808080807        302.78550415835554     
   5.2525252525252526       0.85858585858585856        302.78547313855154     
   5.2525252525252526       0.90909090909090906        302.78544274376640     
   5.2525252525252526       0.95959595959595956        302.78541297093165     
   5.2525252525252526        1.0101010101010102        302.78538381687571     
   5.2525252525252526        1.0606060606060606        302.78535527831070     
   5.2525252525252526        1.1111111111111112        302.78532735182006     
   5.2525252525252526        1.1616161616161615        302.78530003384691     
   5.2525252525252526        1.2121212121212122        302.78527332068268     
   5.2525252525252526        1.2626262626262625        302.78524720845735     
   5.2525252525252526        1.3131313131313131        302.78522169312970     
   5.2525252525252526        1.3636363636363635        302.78519677047967     
   5.2525252525252526        1.4141414141414141        302.78517243610054     
   5.2525252525252526        1.4646464646464648        302.78514868539321     
   5.2525252525252526        1.5151515151515151        302.78512551356107     
   5.2525252525252526        1.5656565656565657        302.78510291560605     
   5.2525252525252526        1.6161616161616161        302.78508088632589     
   5.2525252525252526        1.6666666666666667        302.78505942031256     
   5.2525252525252526        1.7171717171717171        302.78503851195183     
   5.2525252525252526        1.7676767676767677        302.78501815542370     
   5.2525252525252526        1.8181818181818181        302.78499834470404     
   5.2525252525252526        1.8686868686868687        302.78497907356746     
   5.2525252525252526        1.9191919191919191        302.78496033559094     
   5.2525252525252526        1.9696969696969697        302.78494212415836     
   5.2525252525252526        2.0202020202020203        302.78492443246637     
   5.2525252525252526        2.0707070707070705        302.78490725353078     
   5.2525252525252526        2.1212121212121211        302.78489058019335     
   5.2525252525252526        2.1717171717171717        302.78487440513055     
   5.2525252525252526        2.2222222222222223        302.78485872086185     
   5.2525252525252526        2.2727272727272729        302.78484351975914     
   5.2525252525252526        2.3232323232323231        302.78482879405652     
   5.2525252525252526        2.3737373737373737        302.78481453586130     
   5.2525252525252526        2.4242424242424243        302.78480073716440     
   5.2525252525252526        2.4747474747474749        302.78478738985245     
   5.2525252525252526        2.5252525252525251        302.78477448571857     
   5.2525252525252526        2.5757575757575757        302.78476201647527     
   5.2525252525252526        2.6262626262626263        302.78474997376668     
   5.2525252525252526        2.6767676767676769        302.78473834918054     
   5.2525252525252526        2.7272727272727271        302.78472713426135     
   5.2525252525252526        2.7777777777777777        302.78471632052322     
   5.2525252525252526        2.8282828282828283        302.78470589946227     
   5.2525252525252526        2.8787878787878789        302.78469586257023     
   5.2525252525252526        2.9292929292929295        302.78468620134669     
   5.2525252525252526        2.9797979797979797        302.78467690731202     
   5.2525252525252526        3.0303030303030303        302.78466797202049     
   5.2525252525252526        3.0808080808080809        302.78465938707234     
   5.2525252525252526        3.1313131313131315        302.78465114412660     
   5.2525252525252526        3.1818181818181817        302.78464323491306     
   5.2525252525252526        3.2323232323232323        302.78463565124440     
   5.2525252525252526        3.2828282828282829        302.78462838502816     
   5.2525252525252526        3.3333333333333335        302.78462142827777     
   5.2525252525252526        3.3838383838383836        302.78461477312430     
   5.2525252525252526        3.4343434343434343        302.78460841182726     
   5.2525252525252526        3.4848484848484849        302.78460233678493     
   5.2525252525252526        3.5353535353535355        302.78459654054501     
   5.2525252525252526        3.5858585858585861        302.78459101581433     
   5.2525252525252526        3.6363636363636362        302.78458575546858     
   5.2525252525252526        3.6868686868686869        302.78458075256145     
   5.2525252525252526        3.7373737373737375        302.78457600033335     
   5.2525252525252526        3.7878787878787881        302.78457149222027     
   5.2525252525252526        3.8383838383838382        302.78456722186155     
   5.2525252525252526        3.8888888888888888        302.78456318310748     
   5.2525252525252526        3.9393939393939394        302.78455937002695     
   5.2525252525252526        3.9898989898989901        302.78455577691415     
   5.2525252525252526        4.0404040404040407        302.78455239829515     
   5.2525252525252526        4.0909090909090908        302.78454922893411     
   5.2525252525252526        4.1414141414141410        302.78454626383876     
   5.2525252525252526        4.1919191919191920        302.78454349826626     
   5.2525252525252526        4.2424242424242422        302.78454092772785     
   5.2525252525252526        4.2929292929292933        302.78453854799324     
   5.2525252525252526        4.3434343434343434        302.78453635509533     
   5.2525252525252526        4.3939393939393936        302.78453434533384     
   5.2525252525252526        4.4444444444444446        302.78453251527856     
   5.2525252525252526        4.4949494949494948        302.78453086177279     
   5.2525252525252526        4.5454545454545459        302.78452938193595     
   5.2525252525252526        4.5959595959595960        302.78452807316575     
   5.2525252525252526        4.6464646464646462        302.78452693314046     
   5.2525252525252526        4.6969696969696972        302.78452595982060     
   5.2525252525252526        4.7474747474747474        302.78452515145005     
   5.2525252525252526        4.7979797979797976        302.78452450655698     
   5.2525252525252526        4.8484848484848486        302.78452402395453     
   5.2525252525252526        4.8989898989898988        302.78452370274113     
   5.2525252525252526        4.9494949494949498        302.78452354230035     
   5.2525252525252526        5.0000000000000000        302.78452354230041     

   5.3535353535353538        0.0000000000000000        302.68871611284334     
   5.3535353535353538        5.0505050505050504E-002   302.68871611284334     
   5.3535353535353538       0.10101010101010101        302.68868354798161     
   5.3535353535353538       0.15151515151515152        302.68864122404710     
   5.3535353535353538       0.20202020202020202        302.68859637057994     
   5.3535353535353538       0.25252525252525254        302.68855127110464     
   5.3535353535353538       0.30303030303030304        302.68850664287146     
   5.3535353535353538       0.35353535353535354        302.68846270861474     
   5.3535353535353538       0.40404040404040403        302.68841953544876     
   5.3535353535353538       0.45454545454545453        302.68837714168649     
   5.3535353535353538       0.50505050505050508        302.68833553038604     
   5.3535353535353538       0.55555555555555558        302.68829469983899     
   5.3535353535353538       0.60606060606060608        302.68825464682993     
   5.3535353535353538       0.65656565656565657        302.68821536763812     
   5.3535353535353538       0.70707070707070707        302.68817685833801     
   5.3535353535353538       0.75757575757575757        302.68813911488252     
   5.3535353535353538       0.80808080808080807        302.68810213311889     
   5.3535353535353538       0.85858585858585856        302.68806590878506     
   5.3535353535353538       0.90909090909090906        302.68803043749949     
   5.3535353535353538       0.95959595959595956        302.68799571474972     
   5.3535353535353538        1.0101010101010102        302.68796173588021     
   5.3535353535353538        1.0606060606060606        302.68792849608121     
   5.3535353535353538        1.1111111111111112        302.68789599037763     
   5.3535353535353538        1.1616161616161615        302.68786421361875     
   5.3535353535353538        1.2121212121212122        302.68783316046949     
   5.3535353535353538        1.2626262626262625        302.68780282540132     
   5.3535353535353538        1.3131313131313131        302.68777320268504     
   5.3535353535353538        1.3636363636363635        302.68774428638466     
   5.3535353535353538        1.4141414141414141        302.68771607035154     
   5.3535353535353538        1.4646464646464648        302.68768854822082     
   5.3535353535353538        1.5151515151515151        302.68766171340798     
   5.3535353535353538        1.5656565656565657        302.68763555910698     
   5.3535353535353538        1.6161616161616161        302.68761007828959     
   5.3535353535353538        1.6666666666666667        302.68758526370573     
   5.3535353535353538        1.7171717171717171        302.68756110788536     
   5.3535353535353538        1.7676767676767677        302.68753760314041     
   5.3535353535353538        1.8181818181818181        302.68751474156915     
   5.3535353535353538        1.8686868686868687        302.68749251506040     
   5.3535353535353538        1.9191919191919191        302.68747091529985     
   5.3535353535353538        1.9696969696969697        302.68744993377612     
   5.3535353535353538        2.0202020202020203        302.68742956178869     
   5.3535353535353538        2.0707070707070705        302.68740979045629     
   5.3535353535353538        2.1212121212121211        302.68739061072586     
   5.3535353535353538        2.1717171717171717        302.68737201338286     
   5.3535353535353538        2.2222222222222223        302.68735398906136     
   5.3535353535353538        2.2727272727272729        302.68733652825591     
   5.3535353535353538        2.3232323232323231        302.68731962133234     
   5.3535353535353538        2.3737373737373737        302.68730325854096     
   5.3535353535353538        2.4242424242424243        302.68728743002873     
   5.3535353535353538        2.4747474747474749        302.68727212585236     
   5.3535353535353538        2.5252525252525251        302.68725733599155     
   5.3535353535353538        2.5757575757575757        302.68724305036284     
   5.3535353535353538        2.6262626262626263        302.68722925883350     
   5.3535353535353538        2.6767676767676769        302.68721595123503     
   5.3535353535353538        2.7272727272727271        302.68720311737792     
   5.3535353535353538        2.7777777777777777        302.68719074706507     
   5.3535353535353538        2.8282828282828283        302.68717883010657     
   5.3535353535353538        2.8787878787878789        302.68716735633336     
   5.3535353535353538        2.9292929292929295        302.68715631561156     
   5.3535353535353538        2.9797979797979797        302.68714569785612     
   5.3535353535353538        3.0303030303030303        302.68713549304510     
   5.3535353535353538        3.0808080808080809        302.68712569123255     
   5.3535353535353538        3.1313131313131315        302.68711628256273     
   5.3535353535353538        3.1818181818181817        302.68710725728255     
   5.3535353535353538        3.2323232323232323        302.68709860575473     
   5.3535353535353538        3.2828282828282829        302.68709031847050     
   5.3535353535353538        3.3333333333333335        302.68708238606160     
   5.3535353535353538        3.3838383838383836        302.68707479931254     
   5.3535353535353538        3.4343434343434343        302.68706754917207     
   5.3535353535353538        3.4848484848484849        302.68706062676415     
   5.3535353535353538        3.5353535353535355        302.68705402339930     
   5.3535353535353538        3.5858585858585861        302.68704773058471     
   5.3535353535353538        3.6363636363636362        302.68704174003437     
   5.3535353535353538        3.6868686868686869        302.68703604367880     
   5.3535353535353538        3.7373737373737375        302.68703063367423     
   5.3535353535353538        3.7878787878787881        302.68702550241164     
   5.3535353535353538        3.8383838383838382        302.68702064252483     
   5.3535353535353538        3.8888888888888888        302.68701604689880     
   5.3535353535353538        3.9393939393939394        302.68701170867706     
   5.3535353535353538        3.9898989898989901        302.68700762126889     
   5.3535353535353538        4.0404040404040407        302.68700377835603     
   5.3535353535353538        4.0909090909090908        302.68700017389909     
   5.3535353535353538        4.1414141414141410        302.68699680214326     
   5.3535353535353538        4.1919191919191920        302.68699365762410     
   5.3535353535353538        4.2424242424242422        302.68699073517240     
   5.3535353535353538        4.2929292929292933        302.68698802991895     
   5.3535353535353538        4.3434343434343434        302.68698553729871     
   5.3535353535353538        4.3939393939393936        302.68698325305479     
   5.3535353535353538        4.4444444444444446        302.68698117324192     
   5.3535353535353538        4.4949494949494948        302.68697929422939     
   5.3535353535353538        4.5454545454545459        302.68697761270420     
   5.3535353535353538        4.5959595959595960        302.68697612567280     
   5.3535353535353538        4.6464646464646462        302.68697483046344     
   5.3535353535353538        4.6969696969696972        302.68697372472775     
   5.3535353535353538        4.7474747474747474        302.68697280644182     
   5.3535353535353538        4.7979797979797976        302.68697207390693     
   5.3535353535353538        4.8484848484848486        302.68697152575044     
   5.3535353535353538        4.8989898989898988        302.68697116092545     
   5.3535353535353538        4.9494949494949498        302.68697097871097     
   5.3535353535353538        5.0000000000000000        302.68697097871097     

   5.4545454545454541        0.0000000000000000        302.59131380684664     
   5.4545454545454541        5.0505050505050504E-002   302.59131380684664     
   5.4545454545454541       0.10101010101010101        302.59127656919122     
   5.4545454545454541       0.15151515151515152        302.59122809737664     
   5.4545454545454541       0.20202020202020202        302.59117669392231     
   5.4545454545454541       0.25252525252525254        302.59112500185029     
   5.4545454545454541       0.30303030303030304        302.59107385842361     
   5.4545454545454541       0.35353535353535354        302.59102352602360     
   5.4545454545454541       0.40404040404040403        302.59097408443444     
   5.4545454545454541       0.45454545454545453        302.59092555556617     
   5.4545454545454541       0.50505050505050508        302.59087794300319     
   5.4545454545454541       0.55555555555555558        302.59083124450348     
   5.4545454545454541       0.60606060606060608        302.59078545593201     
   5.4545454545454541       0.65656565656565657        302.59074057248881     
   5.4545454545454541       0.70707070707070707        302.59069658908567     
   5.4545454545454541       0.75757575757575757        302.59065350045529     
   5.4545454545454541       0.80808080808080807        302.59061130117698     
   5.4545454545454541       0.85858585858585856        302.59056998567615     
   5.4545454545454541       0.90909090909090906        302.59052954821721     
   5.4545454545454541       0.95959595959595956        302.59048998289273     
   5.4545454545454541        1.0101010101010102        302.59045128361345     
   5.4545454545454541        1.0606060606060606        302.59041344409781     
   5.4545454545454541        1.1111111111111112        302.59037645786282     
   5.4545454545454541        1.1616161616161615        302.59034031821551     
   5.4545454545454541        1.2121212121212122        302.59030501824503     
   5.4545454545454541        1.2626262626262625        302.59027055081555     
   5.4545454545454541        1.3131313131313131        302.59023690856128     
   5.4545454545454541        1.3636363636363635        302.59020408388125     
   5.4545454545454541        1.4141414141414141        302.59017206893628     
   5.4545454545454541        1.4646464646464648        302.59014085564621     
   5.4545454545454541        1.5151515151515151        302.59011043568921     
   5.4545454545454541        1.5656565656565657        302.59008080050160     
   5.4545454545454541        1.6161616161616161        302.59005194127900     
   5.4545454545454541        1.6666666666666667        302.59002384897900     
   5.4545454545454541        1.7171717171717171        302.58999651432453     
   5.4545454545454541        1.7676767676767677        302.58996992780862     
   5.4545454545454541        1.8181818181818181        302.58994407969993     
   5.4545454545454541        1.8686868686868687        302.58991896004966     
   5.4545454545454541        1.9191919191919191        302.58989455869920     
   5.4545454545454541        1.9696969696969697        302.58987086528884     
   5.4545454545454541        2.0202020202020203        302.58984786926720     
   5.4545454545454541        2.0707070707070705        302.58982555990195     
   5.4545454545454541        2.1212121212121211        302.58980392629041     
   5.4545454545454541        2.1717171717171717        302.58978295737171     
   5.4545454545454541        2.2222222222222223        302.58976264193905     
   5.4545454545454541        2.2727272727272729        302.58974296865296     
   5.4545454545454541        2.3232323232323231        302.58972392605438     
   5.4545454545454541        2.3737373737373737        302.58970550257902     
   5.4545454545454541        2.4242424242424243        302.58968768657161     
   5.4545454545454541        2.4747474747474749        302.58967046630062     
   5.4545454545454541        2.5252525252525251        302.58965382997303     
   5.4545454545454541        2.5757575757575757        302.58963776574950     
   5.4545454545454541        2.6262626262626263        302.58962226175993     
   5.4545454545454541        2.6767676767676769        302.58960730611864     
   5.4545454545454541        2.7272727272727271        302.58959288694001     
   5.4545454545454541        2.7777777777777777        302.58957899235372     
   5.4545454545454541        2.8282828282828283        302.58956561052031     
   5.4545454545454541        2.8787878787878789        302.58955272964653     
   5.4545454545454541        2.9292929292929295        302.58954033800040     
   5.4545454545454541        2.9797979797979797        302.58952842392648     
   5.4545454545454541        3.0303030303030303        302.58951697586048     
   5.4545454545454541        3.0808080808080809        302.58950598234406     
   5.4545454545454541        3.1313131313131315        302.58949543203920     
   5.4545454545454541        3.1818181818181817        302.58948531374170     
   5.4545454545454541        3.2323232323232323        302.58947561639582     
   5.4545454545454541        3.2828282828282829        302.58946632910687     
   5.4545454545454541        3.3333333333333335        302.58945744115448     
   5.4545454545454541        3.3838383838383836        302.58944894200550     
   5.4545454545454541        3.4343434343434343        302.58944082132604     
   5.4545454545454541        3.4848484848484849        302.58943306899317     
   5.4545454545454541        3.5353535353535355        302.58942567510655     
   5.4545454545454541        3.5858585858585861        302.58941862999944     
   5.4545454545454541        3.6363636363636362        302.58941192424896     
   5.4545454545454541        3.6868686868686869        302.58940554868650     
   5.4545454545454541        3.7373737373737375        302.58939949440725     
   5.4545454545454541        3.7878787878787881        302.58939375277953     
   5.4545454545454541        3.8383838383838382        302.58938831545328     
   5.4545454545454541        3.8888888888888888        302.58938317436849     
   5.4545454545454541        3.9393939393939394        302.58937832176321     
   5.4545454545454541        3.9898989898989901        302.58937375018070     
   5.4545454545454541        4.0404040404040407        302.58936945247643     
   5.4545454545454541        4.0909090909090908        302.58936542182460     
   5.4545454545454541        4.1414141414141410        302.58936165172406     
   5.4545454545454541        4.1919191919191920        302.58935813600414     
   5.4545454545454541        4.2424242424242422        302.58935486882990     
   5.4545454545454541        4.2929292929292933        302.58935184470664     
   5.4545454545454541        4.3434343434343434        302.58934905848412     
   5.4545454545454541        4.3939393939393936        302.58934650536077     
   5.4545454545454541        4.4444444444444446        302.58934418088717     
   5.4545454545454541        4.4949494949494948        302.58934208096878     
   5.4545454545454541        4.5454545454545459        302.58934020186922     
   5.4545454545454541        4.5959595959595960        302.58933854021211     
   5.4545454545454541        4.6464646464646462        302.58933709298304     
   5.4545454545454541        4.6969696969696972        302.58933585753130     
   5.4545454545454541        4.7474747474747474        302.58933483157068     
   5.4545454545454541        4.7979797979797976        302.58933401318075     
   5.4545454545454541        4.8484848484848486        302.58933340080648     
   5.4545454545454541        4.8989898989898988        302.58933299325895     
   5.4545454545454541        4.9494949494949498        302.58933278971460     
   5.4545454545454541        5.0000000000000000        302.58933278971460     

   5.5555555555555554        0.0000000000000000        302.49380592157974     
   5.5555555555555554        5.0505050505050504E-002   302.49380592157974     
   5.5555555555555554       0.10101010101010101        302.49376414134304     
   5.5555555555555554       0.15151515151515152        302.49370969030292     
   5.5555555555555554       0.20202020202020202        302.49365191484168     
   5.5555555555555554       0.25252525252525254        302.49359380828128     
   5.5555555555555554       0.30303030303030304        302.49353632501698     
   5.5555555555555554       0.35353535353535354        302.49347976619555     
   5.5555555555555554       0.40404040404040403        302.49342422402066     
   5.5555555555555554       0.45454545454545453        302.49336972394940     
   5.5555555555555554       0.50505050505050508        302.49331627010616     
   5.5555555555555554       0.55555555555555558        302.49326385975019     
   5.5555555555555554       0.60606060606060608        302.49321248787021     
   5.5555555555555554       0.65656565656565657        302.49316214863393     
   5.5555555555555554       0.70707070707070707        302.49311283583933     
   5.5555555555555554       0.75757575757575757        302.49306454304980     
   5.5555555555555554       0.80808080808080807        302.49301726362842     
   5.5555555555555554       0.85858585858585856        302.49297099074192     
   5.5555555555555554       0.90909090909090906        302.49292571735458     
   5.5555555555555554       0.95959595959595956        302.49288143621965     
   5.5555555555555554        1.0101010101010102        302.49283813986955     
   5.5555555555555554        1.0606060606060606        302.49279582060797     
   5.5555555555555554        1.1111111111111112        302.49275447050098     
   5.5555555555555554        1.1616161616161615        302.49271408137048     
   5.5555555555555554        1.2121212121212122        302.49267464478737     
   5.5555555555555554        1.2626262626262625        302.49263615206684     
   5.5555555555555554        1.3131313131313131        302.49259859426388     
   5.5555555555555554        1.3636363636363635        302.49256196217084     
   5.5555555555555554        1.4141414141414141        302.49252624631532     
   5.5555555555555554        1.4646464646464648        302.49249143695988     
   5.5555555555555554        1.5151515151515151        302.49245752410269     
   5.5555555555555554        1.5656565656565657        302.49242449747976     
   5.5555555555555554        1.6161616161616161        302.49239234656756     
   5.5555555555555554        1.6666666666666667        302.49236106058765     
   5.5555555555555554        1.7171717171717171        302.49233062851260     
   5.5555555555555554        1.7676767676767677        302.49230103907212     
   5.5555555555555554        1.8181818181818181        302.49227228076086     
   5.5555555555555554        1.8686868686868687        302.49224434184731     
   5.5555555555555554        1.9191919191919191        302.49221721038333     
   5.5555555555555554        1.9696969696969697        302.49219087421483     
   5.5555555555555554        2.0202020202020203        302.49216532099354     
   5.5555555555555554        2.0707070707070705        302.49214053818883     
   5.5555555555555554        2.1212121212121211        302.49211651310100     
   5.5555555555555554        2.1717171717171717        302.49209323287494     
   5.5555555555555554        2.2222222222222223        302.49207068451432     
   5.5555555555555554        2.2727272727272729        302.49204885489672     
   5.5555555555555554        2.3232323232323231        302.49202773078832     
   5.5555555555555554        2.3737373737373737        302.49200729885996     
   5.5555555555555554        2.4242424242424243        302.49198754570318     
   5.5555555555555554        2.4747474747474749        302.49196845784655     
   5.5555555555555554        2.5252525252525251        302.49195002177203     
   5.5555555555555554        2.5757575757575757        302.49193222393154     
   5.5555555555555554        2.6262626262626263        302.49191505076408     
   5.5555555555555554        2.6767676767676769        302.49189848871225     
   5.5555555555555554        2.7272727272727271        302.49188252423943     
   5.5555555555555554        2.7777777777777777        302.49186714384615     
   5.5555555555555554        2.8282828282828283        302.49185233408696     
   5.5555555555555554        2.8787878787878789        302.49183808158705     
   5.5555555555555554        2.9292929292929295        302.49182437305836     
   5.5555555555555554        2.9797979797979797        302.49181119531590     
   5.5555555555555554        3.0303030303030303        302.49179853529364     
   5.5555555555555554        3.0808080808080809        302.49178638006003     
   5.5555555555555554        3.1313131313131315        302.49177471683328     
   5.5555555555555554        3.1818181818181817        302.49176353299629     
   5.5555555555555554        3.2323232323232323        302.49175281611122     
   5.5555555555555554        3.2828282828282829        302.49174255393370     
   5.5555555555555554        3.3333333333333335        302.49173273442625     
   5.5555555555555554        3.3838383838383836        302.49172334577219     
   5.5555555555555554        3.4343434343434343        302.49171437638813     
   5.5555555555555554        3.4848484848484849        302.49170581493667     
   5.5555555555555554        3.5353535353535355        302.49169765033793     
   5.5555555555555554        3.5858585858585861        302.49168987178160     
   5.5555555555555554        3.6363636363636362        302.49168246873722     
   5.5555555555555554        3.6868686868686869        302.49167543096559     
   5.5555555555555554        3.7373737373737375        302.49166874852830     
   5.5555555555555554        3.7878787878787881        302.49166241179734     
   5.5555555555555554        3.8383838383838382        302.49165641146419     
   5.5555555555555554        3.8888888888888888        302.49165073854851     
   5.5555555555555554        3.9393939393939394        302.49164538440607     
   5.5555555555555554        3.9898989898989901        302.49164034073647     
   5.5555555555555554        4.0404040404040407        302.49163559959021     
   5.5555555555555554        4.0909090909090908        302.49163115337547     
   5.5555555555555554        4.1414141414141410        302.49162699486396     
   5.5555555555555554        4.1919191919191920        302.49162311719738     
   5.5555555555555554        4.2424242424242422        302.49161951389192     
   5.5555555555555554        4.2929292929292933        302.49161617884340     
   5.5555555555555554        4.3434343434343434        302.49161310633173     
   5.5555555555555554        4.3939393939393936        302.49161029102459     
   5.5555555555555554        4.4444444444444446        302.49160772798143     
   5.5555555555555554        4.4949494949494948        302.49160541265587     
   5.5555555555555554        4.5454545454545459        302.49160334089902     
   5.5555555555555554        4.5959595959595960        302.49160150896148     
   5.5555555555555554        4.6464646464646462        302.49159991349501     
   5.5555555555555554        4.6969696969696972        302.49159855155420     
   5.5555555555555554        4.7474747474747474        302.49159742059760     
   5.5555555555555554        4.7979797979797976        302.49159651848811     
   5.5555555555555554        4.8484848484848486        302.49159584349349     
   5.5555555555555554        4.8989898989898988        302.49159539428615     
   5.5555555555555554        4.9494949494949498        302.49159516994257     
   5.5555555555555554        5.0000000000000000        302.49159516994257     

   5.6565656565656566        0.0000000000000000        302.39617807035063     
   5.6565656565656566        5.0505050505050504E-002   302.39617807035063     
   5.6565656565656566       0.10101010101010101        302.39613189597310     
   5.6565656565656566       0.15151515151515152        302.39607165835258     
   5.6565656565656566       0.20202020202020202        302.39600771442753     
   5.6565656565656566       0.25252525252525254        302.39594339721629     
   5.6565656565656566       0.30303030303030304        302.39587977489583     
   5.6565656565656566       0.35353535353535354        302.39581718634139     
   5.6565656565656566       0.40404040404040403        302.39575573587678     
   5.6565656565656566       0.45454545454545453        302.39569545244188     
   5.6565656565656566       0.50505050505050508        302.39563634071288     
   5.6565656565656566       0.55555555555555558        302.39557839748852     
   5.6565656565656566       0.60606060606060608        302.39552161692831     
   5.6565656565656566       0.65656565656565657        302.39546599221899     
   5.6565656565656566       0.70707070707070707        302.39541151609922     
   5.6565656565656566       0.75757575757575757        302.39535818101854     
   5.6565656565656566       0.80808080808080807        302.39530597918179     
   5.6565656565656566       0.85858585858585856        302.39525490255573     
   5.6565656565656566       0.90909090909090906        302.39520494286455     
   5.6565656565656566       0.95959595959595956        302.39515609158286     
   5.6565656565656566        1.0101010101010102        302.39510833992722     
   5.6565656565656566        1.0606060606060606        302.39506167884866     
   5.6565656565656566        1.1111111111111112        302.39501609902555     
   5.6565656565656566        1.1616161616161615        302.39497159085818     
   5.6565656565656566        1.2121212121212122        302.39492814446345     
   5.6565656565656566        1.2626262626262625        302.39488574967106     
   5.6565656565656566        1.3131313131313131        302.39484439602171     
   5.6565656565656566        1.3636363636363635        302.39480407276500     
   5.6565656565656566        1.4141414141414141        302.39476476885983     
   5.6565656565656566        1.4646464646464648        302.39472647297566     
   5.6565656565656566        1.5151515151515151        302.39468917349501     
   5.6565656565656566        1.5656565656565657        302.39465285851725     
   5.6565656565656566        1.6161616161616161        302.39461751586339     
   5.6565656565656566        1.6666666666666667        302.39458313308279     
   5.6565656565656566        1.7171717171717171        302.39454969746049     
   5.6565656565656566        1.7676767676767677        302.39451719602579     
   5.6565656565656566        1.8181818181818181        302.39448561556173     
   5.6565656565656566        1.8686868686868687        302.39445494261594     
   5.6565656565656566        1.9191919191919191        302.39442516351244     
   5.6565656565656566        1.9696969696969697        302.39439626436393     
   5.6565656565656566        2.0202020202020203        302.39436823108554     
   5.6565656565656566        2.0707070707070705        302.39434104940881     
   5.6565656565656566        2.1212121212121211        302.39431470489637     
   5.6565656565656566        2.1717171717171717        302.39428918295800     
   5.6565656565656566        2.2222222222222223        302.39426446886625     
   5.6565656565656566        2.2727272727272729        302.39424054777339     
   5.6565656565656566        2.3232323232323231        302.39421740472818     
   5.6565656565656566        2.3737373737373737        302.39419502469320     
   5.6565656565656566        2.4242424242424243        302.39417339256266     
   5.6565656565656566        2.4747474747474749        302.39415249318051     
   5.6565656565656566        2.5252525252525251        302.39413231135802     
   5.6565656565656566        2.5757575757575757        302.39411283189230     
   5.6565656565656566        2.6262626262626263        302.39409403958433     
   5.6565656565656566        2.6767676767676769        302.39407591925743     
   5.6565656565656566        2.7272727272727271        302.39405845577522     
   5.6565656565656566        2.7777777777777777        302.39404163405987     
   5.6565656565656566        2.8282828282828283        302.39402543910956     
   5.6565656565656566        2.8787878787878789        302.39400985601691     
   5.6565656565656566        2.9292929292929295        302.39399486998582     
   5.6565656565656566        2.9797979797979797        302.39398046634892     
   5.6565656565656566        3.0303030303030303        302.39396663058471     
   5.6565656565656566        3.0808080808080809        302.39395334833364     
   5.6565656565656566        3.1313131313131315        302.39394060541463     
   5.6565656565656566        3.1818181818181817        302.39392838784073     
   5.6565656565656566        3.2323232323232323        302.39391668183464     
   5.6565656565656566        3.2828282828282829        302.39390547384340     
   5.6565656565656566        3.3333333333333335        302.39389475055293     
   5.6565656565656566        3.3838383838383836        302.39388449890225     
   5.6565656565656566        3.4343434343434343        302.39387470609682     
   5.6565656565656566        3.4848484848484849        302.39386535962154     
   5.6565656565656566        3.5353535353535355        302.39385644725326     
   5.6565656565656566        3.5858585858585861        302.39384795707275     
   5.6565656565656566        3.6363636363636362        302.39383987747635     
   5.6565656565656566        3.6868686868686869        302.39383219718661     
   5.6565656565656566        3.7373737373737375        302.39382490526310     
   5.6565656565656566        3.7878787878787881        302.39381799111197     
   5.6565656565656566        3.8383838383838382        302.39381144449561     
   5.6565656565656566        3.8888888888888888        302.39380525554117     
   5.6565656565656566        3.9393939393939394        302.39379941474925     
   5.6565656565656566        3.9898989898989901        302.39379391300156     
   5.6565656565656566        4.0404040404040407        302.39378874156830     
   5.6565656565656566        4.0909090909090908        302.39378389211487     
   5.6565656565656566        4.1414141414141410        302.39377935670831     
   5.6565656565656566        4.1919191919191920        302.39377512782312     
   5.6565656565656566        4.2424242424242422        302.39377119834671     
   5.6565656565656566        4.2929292929292933        302.39376756158424     
   5.6565656565656566        4.3434343434343434        302.39376421126286     
   5.6565656565656566        4.3939393939393936        302.39376114153595     
   5.6565656565656566        4.4444444444444446        302.39375834698654     
   5.6565656565656566        4.4949494949494948        302.39375582263034     
   5.6565656565656566        4.5454545454545459        302.39375356391855     
   5.6565656565656566        4.5959595959595960        302.39375156673981     
   5.6565656565656566        4.6464646464646462        302.39374982742237     
   5.6565656565656566        4.6969696969696972        302.39374834273519     
   5.6565656565656566        4.7474747474747474        302.39374710988903     
   5.6565656565656566        4.7979797979797976        302.39374612653700     
   5.6565656565656566        4.8484848484848486        302.39374539077465     
   5.6565656565656566        4.8989898989898988        302.39374490114011     
   5.6565656565656566        4.9494949494949498        302.39374465661268     
   5.6565656565656566        5.0000000000000000        302.39374465661274     

   5.7575757575757578        0.0000000000000000        302.29841629162229     
   5.7575757575757578        5.0505050505050504E-002   302.29841629162229     
   5.7575757575757578       0.10101010101010101        302.29836588916748     
   5.7575757575757578       0.15151515151515152        302.29830008081620     
   5.7575757575757578       0.20202020202020202        302.29823019670192     
   5.7575757575757578       0.25252525252525254        302.29815989757287     
   5.7575757575757578       0.30303030303030304        302.29809036158133     
   5.7575757575757578       0.35353535353535354        302.29802196414272     
   5.7575757575757578       0.40404040404040403        302.29795482135330     
   5.7575757575757578       0.45454545454545453        302.29788896555829     
   5.7575757575757578       0.50505050505050508        302.29782440199659     
   5.7575757575757578       0.55555555555555558        302.29776112704639     
   5.7575757575757578       0.60606060606060608        302.29769913408933     
   5.7575757575757578       0.65656565656565657        302.29763841538738     
   5.7575757575757578       0.70707070707070707        302.29757896267864     
   5.7575757575757578       0.75757575757575757        302.29752076736048     
   5.7575757575757578       0.80808080808080807        302.29746382054196     
   5.7575757575757578       0.85858585858585856        302.29740811305396     
   5.7575757575757578       0.90909090909090906        302.29735363544654     
   5.7575757575757578       0.95959595959595956        302.29730037798225     
   5.7575757575757578        1.0101010101010102        302.29724833062920     
   5.7575757575757578        1.0606060606060606        302.29719748305405     
   5.7575757575757578        1.1111111111111112        302.29714782461673     
   5.7575757575757578        1.1616161616161615        302.29709934436528     
   5.7575757575757578        1.2121212121212122        302.29705203103248     
   5.7575757575757578        1.2626262626262625        302.29700587303313     
   5.7575757575757578        1.3131313131313131        302.29696085846365     
   5.7575757575757578        1.3636363636363635        302.29691697510174     
   5.7575757575757578        1.4141414141414141        302.29687421040830     
   5.7575757575757578        1.4646464646464648        302.29683255153020     
   5.7575757575757578        1.5151515151515151        302.29679198530448     
   5.7575757575757578        1.5656565656565657        302.29675249826471     
   5.7575757575757578        1.6161616161616161        302.29671407664665     
   5.7575757575757578        1.6666666666666667        302.29667670639725     
   5.7575757575757578        1.7171717171717171        302.29664037318378     
   5.7575757575757578        1.7676767676767677        302.29660506240447     
   5.7575757575757578        1.8181818181818181        302.29657075919982     
   5.7575757575757578        1.8686868686868687        302.29653744846536     
   5.7575757575757578        1.9191919191919191        302.29650511486551     
   5.7575757575757578        1.9696969696969697        302.29647374284735     
   5.7575757575757578        2.0202020202020203        302.29644331665685     
   5.7575757575757578        2.0707070707070705        302.29641382035447     
   5.7575757575757578        2.1212121212121211        302.29638523783154     
   5.7575757575757578        2.1717171717171717        302.29635755282840     
   5.7575757575757578        2.2222222222222223        302.29633074895156     
   5.7575757575757578        2.2727272727272729        302.29630480969269     
   5.7575757575757578        2.3232323232323231        302.29627971844673     
   5.7575757575757578        2.3737373737373737        302.29625545853122     
   5.7575757575757578        2.4242424242424243        302.29623201320578     
   5.7575757575757578        2.4747474747474749        302.29620936569131     
   5.7575757575757578        2.5252525252525251        302.29618749918939     
   5.7575757575757578        2.5757575757575757        302.29616639690261     
   5.7575757575757578        2.6262626262626263        302.29614604205329     
   5.7575757575757578        2.6767676767676769        302.29612641790402     
   5.7575757575757578        2.7272727272727271        302.29610750777653     
   5.7575757575757578        2.7777777777777777        302.29608929507111     
   5.7575757575757578        2.8282828282828283        302.29607176328591     
   5.7575757575757578        2.8787878787878789        302.29605489603580     
   5.7575757575757578        2.9292929292929295        302.29603867707038     
   5.7575757575757578        2.9797979797979797        302.29602309029326     
   5.7575757575757578        3.0303030303030303        302.29600811977895     
   5.7575757575757578        3.0808080808080809        302.29599374979119     
   5.7575757575757578        3.1313131313131315        302.29597996479953     
   5.7575757575757578        3.1818181818181817        302.29596674949579     
   5.7575757575757578        3.2323232323232323        302.29595408881073     
   5.7575757575757578        3.2828282828282829        302.29594196792971     
   5.7575757575757578        3.3333333333333335        302.29593037230711     
   5.7575757575757578        3.3838383838383836        302.29591928768201     
   5.7575757575757578        3.4343434343434343        302.29590870009167     
   5.7575757575757578        3.4848484848484849        302.29589859588515     
   5.7575757575757578        3.5353535353535355        302.29588896173658     
   5.7575757575757578        3.5858585858585861        302.29587978465747     
   5.7575757575757578        3.6363636363636362        302.29587105200858     
   5.7575757575757578        3.6868686868686869        302.29586275151155     
   5.7575757575757578        3.7373737373737375        302.29585487125917     
   5.7575757575757578        3.7878787878787881        302.29584739972614     
   5.7575757575757578        3.8383838383838382        302.29584032577873     
   5.7575757575757578        3.8888888888888888        302.29583363868346     
   5.7575757575757578        3.9393939393939394        302.29582732811588     
   5.7575757575757578        3.9898989898989901        302.29582138416896     
   5.7575757575757578        4.0404040404040407        302.29581579736021     
   5.7575757575757578        4.0909090909090908        302.29581055863878     
   5.7575757575757578        4.1414141414141410        302.29580565939182     
   5.7575757575757578        4.1919191919191920        302.29580109145070     
   5.7575757575757578        4.2424242424242422        302.29579684709620     
   5.7575757575757578        4.2929292929292933        302.29579291906362     
   5.7575757575757578        4.3434343434343434        302.29578930054720     
   5.7575757575757578        4.3939393939393936        302.29578598520402     
   5.7575757575757578        4.4444444444444446        302.29578296715783     
   5.7575757575757578        4.4949494949494948        302.29578024100175     
   5.7575757575757578        4.5454545454545459        302.29577780180125     
   5.7575757575757578        4.5959595959595960        302.29577564509617     
   5.7575757575757578        4.6464646464646462        302.29577376690236     
   5.7575757575757578        4.6969696969696972        302.29577216371325     
   5.7575757575757578        4.7474747474747474        302.29577083250069     
   5.7575757575757578        4.7979797979797976        302.29576977071520     
   5.7575757575757578        4.8484848484848486        302.29576897628630     
   5.7575757575757578        4.8989898989898988        302.29576844762221     
   5.7575757575757578        4.9494949494949498        302.29576818360886     
   5.7575757575757578        5.0000000000000000        302.29576818360891     

   5.8585858585858590        0.0000000000000000        302.20050710505024     
   5.8585858585858590        5.0505050505050504E-002   302.20050710505024     
   5.8585858585858590       0.10101010101010101        302.20045265752975     
   5.8585858585858590       0.15151515151515152        302.20038151662339     
   5.8585858585858590       0.20202020202020202        302.20030594439595     
   5.8585858585858590       0.25252525252525254        302.20022991604469     
   5.8585858585858590       0.30303030303030304        302.20015471544974     
   5.8585858585858590       0.35353535353535354        302.20008075323312     
   5.8585858585858590       0.40404040404040403        302.20000815686888     
   5.8585858585858590       0.45454545454545453        302.19993696201738     
   5.8585858585858590       0.50505050505050508        302.19986717448933     
   5.8585858585858590       0.55555555555555558        302.19979879028517     
   5.8585858585858590       0.60606060606060608        302.19973180206387     
   5.8585858585858590       0.65656565656565657        302.19966620122352     
   5.8585858585858590       0.70707070707070707        302.19960197856540     
   5.8585858585858590       0.75757575757575757        302.19953912450075     
   5.8585858585858590       0.80808080808080807        302.19947762911085     
   5.8585858585858590       0.85858585858585856        302.19941748216053     
   5.8585858585858590       0.90909090909090906        302.19935867309630     
   5.8585858585858590       0.95959595959595956        302.19930119104095     
   5.8585858585858590        1.0101010101010102        302.19924502478699     
   5.8585858585858590        1.0606060606060606        302.19919016279113     
   5.8585858585858590        1.1111111111111112        302.19913659316910     
   5.8585858585858590        1.1616161616161615        302.19908430369219     
   5.8585858585858590        1.2121212121212122        302.19903328178458     
   5.8585858585858590        1.2626262626262625        302.19898351452252     
   5.8585858585858590        1.3131313131313131        302.19893498863433     
   5.8585858585858590        1.3636363636363635        302.19888769050226     
   5.8585858585858590        1.4141414141414141        302.19884160616584     
   5.8585858585858590        1.4646464646464648        302.19879672132600     
   5.8585858585858590        1.5151515151515151        302.19875302135137     
   5.8585858585858590        1.5656565656565657        302.19871049128551     
   5.8585858585858590        1.6161616161616161        302.19866911585564     
   5.8585858585858590        1.6666666666666667        302.19862887948250     
   5.8585858585858590        1.7171717171717171        302.19858976629155     
   5.8585858585858590        1.7676767676767677        302.19855176012561     
   5.8585858585858590        1.8181818181818181        302.19851484455785     
   5.8585858585858590        1.8686868686868687        302.19847900290694     
   5.8585858585858590        1.9191919191919191        302.19844421825189     
   5.8585858585858590        1.9696969696969697        302.19841047344886     
   5.8585858585858590        2.0202020202020203        302.19837775114803     
   5.8585858585858590        2.0707070707070705        302.19834603381190     
   5.8585858585858590        2.1212121212121211        302.19831530373341     
   5.8585858585858590        2.1717171717171717        302.19828554305542     
   5.8585858585858590        2.2222222222222223        302.19825673379017     
   5.8585858585858590        2.2727272727272729        302.19822885783930     
   5.8585858585858590        2.3232323232323231        302.19820189701443     
   5.8585858585858590        2.3737373737373737        302.19817583305758     
   5.8585858585858590        2.4242424242424243        302.19815064766226     
   5.8585858585858590        2.4747474747474749        302.19812632249455     
   5.8585858585858590        2.5252525252525251        302.19810283921367     
   5.8585858585858590        2.5757575757575757        302.19808017949384     
   5.8585858585858590        2.6262626262626263        302.19805832504466     
   5.8585858585858590        2.6767676767676769        302.19803725763228     
   5.8585858585858590        2.7272727272727271        302.19801695910036     
   5.8585858585858590        2.7777777777777777        302.19799741139019     
   5.8585858585858590        2.8282828282828283        302.19797859656154     
   5.8585858585858590        2.8787878787878789        302.19796049681207     
   5.8585858585858590        2.9292929292929295        302.19794309449730     
   5.8585858585858590        2.9797979797979797        302.19792637214982     
   5.8585858585858590        3.0303030303030303        302.19791031249821     
   5.8585858585858590        3.0808080808080809        302.19789489848552     
   5.8585858585858590        3.1313131313131315        302.19788011328689     
   5.8585858585858590        3.1818181818181817        302.19786594032723     
   5.8585858585858590        3.2323232323232323        302.19785236329830     
   5.8585858585858590        3.2828282828282829        302.19783936617483     
   5.8585858585858590        3.3333333333333335        302.19782693323043     
   5.8585858585858590        3.3838383838383836        302.19781504905285     
   5.8585858585858590        3.4343434343434343        302.19780369855886     
   5.8585858585858590        3.4848484848484849        302.19779286700822     
   5.8585858585858590        3.5353535353535355        302.19778254001733     
   5.8585858585858590        3.5858585858585861        302.19777270357179     
   5.8585858585858590        3.6363636363636362        302.19776334403934     
   5.8585858585858590        3.6868686868686869        302.19775444818117     
   5.8585858585858590        3.7373737373737375        302.19774600316316     
   5.8585858585858590        3.7878787878787881        302.19773799656645     
   5.8585858585858590        3.8383838383838382        302.19773041639758     
   5.8585858585858590        3.8888888888888888        302.19772325109761     
   5.8585858585858590        3.9393939393939394        302.19771648955100     
   5.8585858585858590        3.9898989898989901        302.19771012109396     
   5.8585858585858590        4.0404040404040407        302.19770413552209     
   5.8585858585858590        4.0909090909090908        302.19769852309742     
   5.8585858585858590        4.1414141414141410        302.19769327455521     
   5.8585858585858590        4.1919191919191920        302.19768838110963     
   5.8585858585858590        4.2424242424242422        302.19768383445995     
   5.8585858585858590        4.2929292929292933        302.19767962679481     
   5.8585858585858590        4.3434343434343434        302.19767575079698     
   5.8585858585858590        4.3939393939393936        302.19767219964791     
   5.8585858585858590        4.4444444444444446        302.19766896703061     
   5.8585858585858590        4.4949494949494948        302.19766604713294     
   5.8585858585858590        4.5454545454545459        302.19766343465028     
   5.8585858585858590        4.5959595959595960        302.19766112478766     
   5.8585858585858590        4.6464646464646462        302.19765911326158     
   5.8585858585858590        4.6969696969696972        302.19765739630117     
   5.8585858585858590        4.7474747474747474        302.19765597064867     
   5.8585858585858590        4.7979797979797976        302.19765483356053     
   5.8585858585858590        4.8484848484848486        302.19765398280691     
   5.8585858585858590        4.8989898989898988        302.19765341667136     
   5.8585858585858590        4.9494949494949498        302.19765313394998     
   5.8585858585858590        5.0000000000000000        302.19765313394998     

   5.9595959595959593        0.0000000000000000        302.10243756556702     
   5.9595959595959593        5.0505050505050504E-002   302.10243756556702     
   5.9595959595959593       0.10101010101010101        302.10237927219788     
   5.9595959595959593       0.15151515151515152        302.10230305827071     
   5.9595959595959593       0.20202020202020202        302.10222207278235     
   5.9595959595959593       0.25252525252525254        302.10214059083819     
   5.9595959595959593       0.30303030303030304        302.10205999737536     
   5.9595959595959593       0.35353535353535354        302.10198073674786     
   5.9595959595959593       0.40404040404040403        302.10190294736873     
   5.9595959595959593       0.45454545454545453        302.10182666811062     
   5.9595959595959593       0.50505050505050508        302.10175190536381     
   5.9595959595959593       0.55555555555555558        302.10167865479627     
   5.9595959595959593       0.60606060606060608        302.10160690840343     
   5.9595959595959593       0.65656565656565657        302.10153665678456     
   5.9595959595959593       0.70707070707070707        302.10146788987277     
   5.9595959595959593       0.75757575757575757        302.10140059716429     
   5.9595959595959593       0.80808080808080807        302.10133476778577     
   5.9595959595959593       0.85858585858585856        302.10127039051036     
   5.9595959595959593       0.90909090909090906        302.10120745375730     
   5.9595959595959593       0.95959595959595956        302.10114594558672     
   5.9595959595959593        1.0101010101010102        302.10108585369437     
   5.9595959595959593        1.0606060606060606        302.10102716540587     
   5.9595959595959593        1.1111111111111112        302.10096986767314     
   5.9595959595959593        1.1616161616161615        302.10091394707132     
   5.9595959595959593        1.2121212121212122        302.10085938979728     
   5.9595959595959593        1.2626262626262625        302.10080618167007     
   5.9595959595959593        1.3131313131313131        302.10075430813203     
   5.9595959595959593        1.3636363636363635        302.10070375425232     
   5.9595959595959593        1.4141414141414141        302.10065450473098     
   5.9595959595959593        1.4646464646464648        302.10060654390566     
   5.9595959595959593        1.5151515151515151        302.10055985575855     
   5.9595959595959593        1.5656565656565657        302.10051442392609     
   5.9595959595959593        1.6161616161616161        302.10047023170875     
   5.9595959595959593        1.6666666666666667        302.10042726208309     
   5.9595959595959593        1.7171717171717171        302.10038549771474     
   5.9595959595959593        1.7676767676767677        302.10034492097259     
   5.9595959595959593        1.8181818181818181        302.10030551394408     
   5.9595959595959593        1.8686868686868687        302.10026725845148     
   5.9595959595959593        1.9191919191919191        302.10023013606940     
   5.9595959595959593        1.9696969696969697        302.10019412814290     
   5.9595959595959593        2.0202020202020203        302.10015921580651     
   5.9595959595959593        2.0707070707070705        302.10012538000399     
   5.9595959595959593        2.1212121212121211        302.10009260150844     
   5.9595959595959593        2.1717171717171717        302.10006086094359     
   5.9595959595959593        2.2222222222222223        302.10003013880475     
   5.9595959595959593        2.2727272727272729        302.10000041548079     
   5.9595959595959593        2.3232323232323231        302.09997167127585     
   5.9595959595959593        2.3737373737373737        302.09994388643236     
   5.9595959595959593        2.4242424242424243        302.09991704115254     
   5.9595959595959593        2.4747474747474749        302.09989111562135     
   5.9595959595959593        2.5252525252525251        302.09986609002914     
   5.9595959595959593        2.5757575757575757        302.09984194459383     
   5.9595959595959593        2.6262626262626263        302.09981865958360     
   5.9595959595959593        2.6767676767676769        302.09979621533893     
   5.9595959595959593        2.7272727272727271        302.09977459229452     
   5.9595959595959593        2.7777777777777777        302.09975377100136     
   5.9595959595959593        2.8282828282828283        302.09973373214785     
   5.9595959595959593        2.8787878787878789        302.09971445658101     
   5.9595959595959593        2.9292929292929295        302.09969592532724     
   5.9595959595959593        2.9797979797979797        302.09967811961218     
   5.9595959595959593        3.0303030303030303        302.09966102088117     
   5.9595959595959593        3.0808080808080809        302.09964461081802     
   5.9595959595959593        3.1313131313131315        302.09962887136408     
   5.9595959595959593        3.1818181818181817        302.09961378473616     
   5.9595959595959593        3.2323232323232323        302.09959933344442     
   5.9595959595959593        3.2828282828282829        302.09958550030956     
   5.9595959595959593        3.3333333333333335        302.09957226847916     
   5.9595959595959593        3.3838383838383836        302.09955962144329     
   5.9595959595959593        3.4343434343434343        302.09954754305051     
   5.9595959595959593        3.4848484848484849        302.09953601752164     
   5.9595959595959593        3.5353535353535355        302.09952502946459     
   5.9595959595959593        3.5858585858585861        302.09951456388706     
   5.9595959595959593        3.6363636363636362        302.09950460620968     
   5.9595959595959593        3.6868686868686869        302.09949514227799     
   5.9595959595959593        3.7373737373737375        302.09948615837402     
   5.9595959595959593        3.7878787878787881        302.09947764122705     
   5.9595959595959593        3.8383838383838382        302.09946957802390     
   5.9595959595959593        3.8888888888888888        302.09946195641857     
   5.9595959595959593        3.9393939393939394        302.09945476454112     
   5.9595959595959593        3.9898989898989901        302.09944799100651     
   5.9595959595959593        4.0404040404040407        302.09944162492189     
   5.9595959595959593        4.0909090909090908        302.09943565589441     
   5.9595959595959593        4.1414141414141410        302.09943007403751     
   5.9595959595959593        4.1919191919191920        302.09942486997727     
   5.9595959595959593        4.2424242424242422        302.09942003485799     
   5.9595959595959593        4.2929292929292933        302.09941556034744     
   5.9595959595959593        4.3434343434343434        302.09941143864108     
   5.9595959595959593        4.3939393939393936        302.09940766246638     
   5.9595959595959593        4.4444444444444446        302.09940422508629     
   5.9595959595959593        4.4949494949494948        302.09940112030228     
   5.9595959595959593        4.5454545454545459        302.09939834245688     
   5.9595959595959593        4.5959595959595960        302.09939588643601     
   5.9595959595959593        4.6464646464646462        302.09939374767066     
   5.9595959595959593        4.6969696969696972        302.09939192213750     
   5.9595959595959593        4.7474747474747474        302.09939040636050     
   5.9595959595959593        4.7979797979797976        302.09938919741052     
   5.9595959595959593        4.8484848484848486        302.09938829290581     
   5.9595959595959593        4.8989898989898988        302.09938769101109     
   5.9595959595959593        4.9494949494949498        302.09938739043662     
   5.9595959595959593        5.0000000000000000        302.09938739043668     

   6.0606060606060606        0.0000000000000000        302.00419531529695     
   6.0606060606060606        5.0505050505050504E-002   302.00419531529695     
   6.0606060606060606       0.10101010101010101        302.00413339069462     
   6.0606060606060606       0.15151515151515152        302.00405238358707     
   6.0606060606060606       0.20202020202020202        302.00396628135036     
   6.0606060606060606       0.25252525252525254        302.00387964325574     
   6.0606060606060606       0.30303030303030304        302.00379395022253     
   6.0606060606060606       0.35353535353535354        302.00370967872766     
   6.0606060606060606       0.40404040404040403        302.00362697764115     
   6.0606060606060606       0.45454545454545453        302.00354588893344     
   6.0606060606060606       0.50505050505050508        302.00346641958089     
   6.0606060606060606       0.55555555555555558        302.00338856496666     
   6.0606060606060606       0.60606060606060608        302.00331231648556     
   6.0606060606060606       0.65656565656565657        302.00323766400777     
   6.0606060606060606       0.70707070707070707        302.00316459667152     
   6.0606060606060606       0.75757575757575757        302.00309310313361     
   6.0606060606060606       0.80808080808080807        302.00302317164392     
   6.0606060606060606       0.85858585858585856        302.00295479006360     
   6.0606060606060606       0.90909090909090906        302.00288794586555     
   6.0606060606060606       0.95959595959595956        302.00282262612996     
   6.0606060606060606        1.0101010101010102        302.00275881753885     
   6.0606060606060606        1.0606060606060606        302.00269650637154     
   6.0606060606060606        1.1111111111111112        302.00263567850101     
   6.0606060606060606        1.1616161616161615        302.00257631939229     
   6.0606060606060606        1.2121212121212122        302.00251841410136     
   6.0606060606060606        1.2626262626262625        302.00246194727697     
   6.0606060606060606        1.3131313131313131        302.00240690316252     
   6.0606060606060606        1.3636363636363635        302.00235326560153     
   6.0606060606060606        1.4141414141414141        302.00230101804237     
   6.0606060606060606        1.4646464646464648        302.00225014354669     
   6.0606060606060606        1.5151515151515151        302.00220062479838     
   6.0606060606060606        1.5656565656565657        302.00215244411419     
   6.0606060606060606        1.6161616161616161        302.00210558345549     
   6.0606060606060606        1.6666666666666667        302.00206002444241     
   6.0606060606060606        1.7171717171717171        302.00201574836785     
   6.0606060606060606        1.7676767676767677        302.00197273621404     
   6.0606060606060606        1.8181818181818181        302.00193096866934     
   6.0606060606060606        1.8686868686868687        302.00189042614647     
   6.0606060606060606        1.9191919191919191        302.00185108880191     
   6.0606060606060606        1.9696969696969697        302.00181293655538     
   6.0606060606060606        2.0202020202020203        302.00177594911094     
   6.0606060606060606        2.0707070707070705        302.00174010597880     
   6.0606060606060606        2.1212121212121211        302.00170538649672     
   6.0606060606060606        2.1717171717171717        302.00167176985309     
   6.0606060606060606        2.2222222222222223        302.00163923510962     
   6.0606060606060606        2.2727272727272729        302.00160776122493     
   6.0606060606060606        2.3232323232323231        302.00157732707805     
   6.0606060606060606        2.3737373737373737        302.00154791149242     
   6.0606060606060606        2.4242424242424243        302.00151949325971     
   6.0606060606060606        2.4747474747474749        302.00149205116361     
   6.0606060606060606        2.5252525252525251        302.00146556400398     
   6.0606060606060606        2.5757575757575757        302.00144001062068     
   6.0606060606060606        2.6262626262626263        302.00141536991708     
   6.0606060606060606        2.6767676767676769        302.00139162088396     
   6.0606060606060606        2.7272727272727271        302.00136874262199     
   6.0606060606060606        2.7777777777777777        302.00134671436558     
   6.0606060606060606        2.8282828282828283        302.00132551550456     
   6.0606060606060606        2.8787878787878789        302.00130512560673     
   6.0606060606060606        2.9292929292929295        302.00128552443954     
   6.0606060606060606        2.9797979797979797        302.00126669199096     
   6.0606060606060606        3.0303030303030303        302.00124860849064     
   6.0606060606060606        3.0808080808080809        302.00123125442991     
   6.0606060606060606        3.1313131313131315        302.00121461058097     
   6.0606060606060606        3.1818181818181817        302.00119865801662     
   6.0606060606060606        3.2323232323232323        302.00118337812773     
   6.0606060606060606        3.2828282828282829        302.00116875264172     
   6.0606060606060606        3.3333333333333335        302.00115476363948     
   6.0606060606060606        3.3838383838383836        302.00114139357134     
   6.0606060606060606        3.4343434343434343        302.00112862527385     
   6.0606060606060606        3.4848484848484849        302.00111644198398     
   6.0606060606060606        3.5353535353535355        302.00110482735414     
   6.0606060606060606        3.5858585858585861        302.00109376546573     
   6.0606060606060606        3.6363636363636362        302.00108324084226     
   6.0606060606060606        3.6868686868686869        302.00107323846208     
   6.0606060606060606        3.7373737373737375        302.00106374376981     
   6.0606060606060606        3.7878787878787881        302.00105474268798     
   6.0606060606060606        3.8383838383838382        302.00104622162706     
   6.0606060606060606        3.8888888888888888        302.00103816749549     
   6.0606060606060606        3.9393939393939394        302.00103056770888     
   6.0606060606060606        3.9898989898989901        302.00102341019897     
   6.0606060606060606        4.0404040404040407        302.00101668342086     
   6.0606060606060606        4.0909090909090908        302.00101037636148     
   6.0606060606060606        4.1414141414141410        302.00100447854544     
   6.0606060606060606        4.1919191919191920        302.00099898004163     
   6.0606060606060606        4.2424242424242422        302.00099387146912     
   6.0606060606060606        4.2929292929292933        302.00098914400195     
   6.0606060606060606        4.3434343434343434        302.00098478937406     
   6.0606060606060606        4.3939393939393936        302.00098079988311     
   6.0606060606060606        4.4444444444444446        302.00097716839423     
   6.0606060606060606        4.4949494949494948        302.00097388834280     
   6.0606060606060606        4.5454545454545459        302.00097095373741     
   6.0606060606060606        4.5959595959595960        302.00096835916145     
   6.0606060606060606        4.6464646464646462        302.00096609977521     
   6.0606060606060606        4.6969696969696972        302.00096417131692     
   6.0606060606060606        4.7474747474747474        302.00096257010313     
   6.0606060606060606        4.7979797979797976        302.00096129302921     
   6.0606060606060606        4.8484848484848486        302.00096033756938     
   6.0606060606060606        4.8989898989898988        302.00095970177551     
   6.0606060606060606        4.9494949494949498        302.00095938427654     
   6.0606060606060606        5.0000000000000000        302.00095938427660     

   6.1616161616161618        0.0000000000000000        301.90576863309553     
   6.1616161616161618        5.0505050505050504E-002   301.90576863309553     
   6.1616161616161618       0.10101010101010101        301.90570330640554     
   6.1616161616161618       0.15151515151515152        301.90561780513076     
   6.1616161616161618       0.20202020202020202        301.90552690311665     
   6.1616161616161618       0.25252525252525254        301.90543542692041     
   6.1616161616161618       0.30303030303030304        301.90534494798453     
   6.1616161616161618       0.35353535353535354        301.90525597317253     
   6.1616161616161618       0.40404040404040403        301.90516866128854     
   6.1616161616161618       0.45454545454545453        301.90508305727491     
   6.1616161616161618       0.50505050505050508        301.90499916869959     
   6.1616161616161618       0.55555555555555558        301.90491699071140     
   6.1616161616161618       0.60606060606060608        301.90483651417111     
   6.1616161616161618       0.65656565656565657        301.90475772829342     
   6.1616161616161618       0.70707070707070707        301.90468062149955     
   6.1616161616161618       0.75757575757575757        301.90460518168737     
   6.1616161616161618       0.80808080808080807        301.90453139631239     
   6.1616161616161618       0.85858585858585856        301.90445925240800     
   6.1616161616161618       0.90909090909090906        301.90438873658690     
   6.1616161616161618       0.95959595959595956        301.90431983503612     
   6.1616161616161618        1.0101010101010102        301.90425253351253     
   6.1616161616161618        1.0606060606060606        301.90418681733809     
   6.1616161616161618        1.1111111111111112        301.90412267139715     
   6.1616161616161618        1.1616161616161615        301.90406008013531     
   6.1616161616161618        1.2121212121212122        301.90399902755900     
   6.1616161616161618        1.2626262626262625        301.90393949723807     
   6.1616161616161618        1.3131313131313131        301.90388147230948     
   6.1616161616161618        1.3636363636363635        301.90382493548282     
   6.1616161616161618        1.4141414141414141        301.90376986904766     
   6.1616161616161618        1.4646464646464648        301.90371625488251     
   6.1616161616161618        1.5151515151515151        301.90366407446538     
   6.1616161616161618        1.5656565656565657        301.90361330888601     
   6.1616161616161618        1.6161616161616161        301.90356393885963     
   6.1616161616161618        1.6666666666666667        301.90351594474220     
   6.1616161616161618        1.7171717171717171        301.90346930654653     
   6.1616161616161618        1.7676767676767677        301.90342400396037     
   6.1616161616161618        1.8181818181818181        301.90338001636525     
   6.1616161616161618        1.8686868686868687        301.90333732285592     
   6.1616161616161618        1.9191919191919191        301.90329590226224     
   6.1616161616161618        1.9696969696969697        301.90325573316966     
   6.1616161616161618        2.0202020202020203        301.90321679394282     
   6.1616161616161618        2.0707070707070705        301.90317906274817     
   6.1616161616161618        2.1212121212121211        301.90314251757809     
   6.1616161616161618        2.1717171717171717        301.90310713627468     
   6.1616161616161618        2.2222222222222223        301.90307289655476     
   6.1616161616161618        2.2727272727272729        301.90303977603480     
   6.1616161616161618        2.3232323232323231        301.90300775225586     
   6.1616161616161618        2.3737373737373737        301.90297680270908     
   6.1616161616161618        2.4242424242424243        301.90294690486115     
   6.1616161616161618        2.4747474747474749        301.90291803617947     
   6.1616161616161618        2.5252525252525251        301.90289017415745     
   6.1616161616161618        2.5757575757575757        301.90286329633994     
   6.1616161616161618        2.6262626262626263        301.90283738034776     
   6.1616161616161618        2.6767676767676769        301.90281240390266     
   6.1616161616161618        2.7272727272727271        301.90278834485179     
   6.1616161616161618        2.7777777777777777        301.90276518119128     
   6.1616161616161618        2.8282828282828283        301.90274289109033     
   6.1616161616161618        2.8787878787878789        301.90272145291385     
   6.1616161616161618        2.9292929292929295        301.90270084524559     
   6.1616161616161618        2.9797979797979797        301.90268104690966     
   6.1616161616161618        3.0303030303030303        301.90266203699252     
   6.1616161616161618        3.0808080808080809        301.90264379486405     
   6.1616161616161618        3.1313131313131315        301.90262630019726     
   6.1616161616161618        3.1818181818181817        301.90260953298872     
   6.1616161616161618        3.2323232323232323        301.90259347357687     
   6.1616161616161618        3.2828282828282829        301.90257810266110     
   6.1616161616161618        3.3333333333333335        301.90256340131896     
   6.1616161616161618        3.3838383838383836        301.90254935102342     
   6.1616161616161618        3.4343434343434343        301.90253593365912     
   6.1616161616161618        3.4848484848484849        301.90252313153775     
   6.1616161616161618        3.5353535353535355        301.90251092741335     
   6.1616161616161618        3.5858585858585861        301.90249930449613     
   6.1616161616161618        3.6363636363636362        301.90248824646631     
   6.1616161616161618        3.6868686868686869        301.90247773748655     
   6.1616161616161618        3.7373737373737375        301.90246776221443     
   6.1616161616161618        3.7878787878787881        301.90245830581358     
   6.1616161616161618        3.8383838383838382        301.90244935396464     
   6.1616161616161618        3.8888888888888888        301.90244089287506     
   6.1616161616161618        3.9393939393939394        301.90243290928873     
   6.1616161616161618        3.9898989898989901        301.90242539049501     
   6.1616161616161618        4.0404040404040407        301.90241832433622     
   6.1616161616161618        4.0909090909090908        301.90241169921580     
   6.1616161616161618        4.1414141414141410        301.90240550410493     
   6.1616161616161618        4.1919191919191920        301.90239972854880     
   6.1616161616161618        4.2424242424242422        301.90239436267240     
   6.1616161616161618        4.2929292929292933        301.90238939718603     
   6.1616161616161618        4.3434343434343434        301.90238482338953     
   6.1616161616161618        4.3939393939393936        301.90238063317662     
   6.1616161616161618        4.4444444444444446        301.90237681903818     
   6.1616161616161618        4.4949494949494948        301.90237337406552     
   6.1616161616161618        4.5454545454545459        301.90237029195310     
   6.1616161616161618        4.5959595959595960        301.90236756700011     
   6.1616161616161618        4.6464646464646462        301.90236519411241     
   6.1616161616161618        4.6969696969696972        301.90236316880367     
   6.1616161616161618        4.7474747474747474        301.90236148719561     
   6.1616161616161618        4.7979797979797976        301.90236014601840     
   6.1616161616161618        4.8484848484848486        301.90235914261081     
   6.1616161616161618        4.8989898989898988        301.90235847491869     
   6.1616161616161618        4.9494949494949498        301.90235814149412     
   6.1616161616161618        5.0000000000000000        301.90235814149418     

   6.2626262626262630        0.0000000000000000        301.80714648151644     
   6.2626262626262630        5.0505050505050504E-002   301.80714648151644     
   6.2626262626262630       0.10101010101010101        301.80707799548884     
   6.2626262626262630       0.15151515151515152        301.80698831702369     
   6.2626262626262630       0.20202020202020202        301.80689295137807     
   6.2626262626262630       0.25252525252525254        301.80679697444589     
   6.2626262626262630       0.30303030303030304        301.80670204237248     
   6.2626262626262630       0.35353535353535354        301.80660869055095     
   6.2626262626262630       0.40404040404040403        301.80651708715806     
   6.2626262626262630       0.45454545454545453        301.80642727997196     
   6.2626262626262630       0.50505050505050508        301.80633927715678     
   6.2626262626262630       0.55555555555555558        301.80625307367944     
   6.2626262626262630       0.60606060606060608        301.80616865993750     
   6.2626262626262630       0.65656565656565657        301.80608602456800     
   6.2626262626262630       0.70707070707070707        301.80600515535713     
   6.2626262626262630       0.75757575757575757        301.80592603952869     
   6.2626262626262630       0.80808080808080807        301.80584866383094     
   6.2626262626262630       0.85858585858585856        301.80577301455850     
   6.2626262626262630       0.90909090909090906        301.80569907755381     
   6.2626262626262630       0.95959595959595956        301.80562683820284     
   6.2626262626262630        1.0101010101010102        301.80555628142992     
   6.2626262626262630        1.0606060606060606        301.80548739169353     
   6.2626262626262630        1.1111111111111112        301.80542015298403     
   6.2626262626262630        1.1616161616161615        301.80535454882244     
   6.2626262626262630        1.2121212121212122        301.80529056226146     
   6.2626262626262630        1.2626262626262625        301.80522817588849     
   6.2626262626262630        1.3131313131313131        301.80516737183035     
   6.2626262626262630        1.3636363636363635        301.80510813175999     
   6.2626262626262630        1.4141414141414141        301.80505043690476     
   6.2626262626262630        1.4646464646464648        301.80499426805721     
   6.2626262626262630        1.5151515151515151        301.80493960558675     
   6.2626262626262630        1.5656565656565657        301.80488642945375     
   6.2626262626262630        1.6161616161616161        301.80483471922429     
   6.2626262626262630        1.6666666666666667        301.80478445408738     
   6.2626262626262630        1.7171717171717171        301.80473561287295     
   6.2626262626262630        1.7676767676767677        301.80468817407126     
   6.2626262626262630        1.8181818181818181        301.80464211585377     
   6.2626262626262630        1.8686868686868687        301.80459741609394     
   6.2626262626262630        1.9191919191919191        301.80455405239098     
   6.2626262626262630        1.9696969696969697        301.80451200209228     
   6.2626262626262630        2.0202020202020203        301.80447124231841     
   6.2626262626262630        2.0707070707070705        301.80443174998754     
   6.2626262626262630        2.1212121212121211        301.80439350184093     
   6.2626262626262630        2.1717171717171717        301.80435647446882     
   6.2626262626262630        2.2222222222222223        301.80432064433666     
   6.2626262626262630        2.2727272727272729        301.80428598781145     
   6.2626262626262630        2.3232323232323231        301.80425248118866     
   6.2626262626262630        2.3737373737373737        301.80422010071851     
   6.2626262626262630        2.4242424242424243        301.80418882263348     
   6.2626262626262630        2.4747474747474749        301.80415862317443     
   6.2626262626262630        2.5252525252525251        301.80412947861731     
   6.2626262626262630        2.5757575757575757        301.80410136529980     
   6.2626262626262630        2.6262626262626263        301.80407425964705     
   6.2626262626262630        2.6767676767676769        301.80404813819797     
   6.2626262626262630        2.7272727272727271        301.80402297763044     
   6.2626262626262630        2.7777777777777777        301.80399875478633     
   6.2626262626262630        2.8282828282828283        301.80397544669609     
   6.2626262626262630        2.8787878787878789        301.80395303060311     
   6.2626262626262630        2.9292929292929295        301.80393148398690     
   6.2626262626262630        2.9797979797979797        301.80391078458615     
   6.2626262626262630        3.0303030303030303        301.80389091042122     
   6.2626262626262630        3.0808080808080809        301.80387183981577     
   6.2626262626262630        3.1313131313131315        301.80385355141766     
   6.2626262626262630        3.1818181818181817        301.80383602421949     
   6.2626262626262630        3.2323232323232323        301.80381923757824     
   6.2626262626262630        3.2828282828282829        301.80380317123439     
   6.2626262626262630        3.3333333333333335        301.80378780532982     
   6.2626262626262630        3.3838383838383836        301.80377312042560     
   6.2626262626262630        3.4343434343434343        301.80375909751871     
   6.2626262626262630        3.4848484848484849        301.80374571805800     
   6.2626262626262630        3.5353535353535355        301.80373296395965     
   6.2626262626262630        3.5858585858585861        301.80372081762141     
   6.2626262626262630        3.6363636363636362        301.80370926193700     
   6.2626262626262630        3.6868686868686869        301.80369828030859     
   6.2626262626262630        3.7373737373737375        301.80368785665962     
   6.2626262626262630        3.7878787878787881        301.80367797544631     
   6.2626262626262630        3.8383838383838382        301.80366862166863     
   6.2626262626262630        3.8888888888888888        301.80365978088054     
   6.2626262626262630        3.9393939393939394        301.80365143919960     
   6.2626262626262630        3.9898989898989901        301.80364358331616     
   6.2626262626262630        4.0404040404040407        301.80363620050116     
   6.2626262626262630        4.0909090909090908        301.80362927861438     
   6.2626262626262630        4.1414141414141410        301.80362280611070     
   6.2626262626262630        4.1919191919191920        301.80361677204706     
   6.2626262626262630        4.2424242424242422        301.80361116608822     
   6.2626262626262630        4.2929292929292933        301.80360597851177     
   6.2626262626262630        4.3434343434343434        301.80360120021300     
   6.2626262626262630        4.3939393939393936        301.80359682270876     
   6.2626262626262630        4.4444444444444446        301.80359283814141     
   6.2626262626262630        4.4949494949494948        301.80358923928151     
   6.2626262626262630        4.5454545454545459        301.80358601953031     
   6.2626262626262630        4.5959595959595960        301.80358317292229     
   6.2626262626262630        4.6464646464646462        301.80358069412597     
   6.2626262626262630        4.6969696969696972        301.80357857844564     
   6.2626262626262630        4.7474747474747474        301.80357682182131     
   6.2626262626262630        4.7979797979797976        301.80357542082913     
   6.2626262626262630        4.8484848484848486        301.80357437268134     
   6.2626262626262630        4.8989898989898988        301.80357367522487     
   6.2626262626262630        4.9494949494949498        301.80357332694041     
   6.2626262626262630        5.0000000000000000        301.80357332694047     

   6.3636363636363633        0.0000000000000000        301.70831855102239     
   6.3636363636363633        5.0505050505050504E-002   301.70831855102239     
   6.3636363636363633       0.10101010101010101        301.70824716103192     
   6.3636363636363633       0.15151515151515152        301.70815363903631     
   6.3636363636363633       0.20202020202020202        301.70805416372036     
   6.3636363636363633       0.25252525252525254        301.70795404136879     
   6.3636363636363633       0.30303030303030304        301.70785500667137     
   6.3636363636363633       0.35353535353535354        301.70775762158081     
   6.3636363636363633       0.40404040404040403        301.70766206304933     
   6.3636363636363633       0.45454545454545453        301.70756838154472     
   6.3636363636363633       0.50505050505050508        301.70747658583133     
   6.3636363636363633       0.55555555555555558        301.70738667074971     
   6.3636363636363633       0.60606060606060608        301.70729862630770     
   6.3636363636363633       0.65656565656565657        301.70721244064703     
   6.3636363636363633       0.70707070707070707        301.70712810100520     
   6.3636363636363633       0.75757575757575757        301.70704559402117     
   6.3636363636363633       0.80808080808080807        301.70696490582708     
   6.3636363636363633       0.85858585858585856        301.70688602207201     
   6.3636363636363633       0.90909090909090906        301.70680892792302     
   6.3636363636363633       0.95959595959595956        301.70673360806063     
   6.3636363636363633        1.0101010101010102        301.70666004667385     
   6.3636363636363633        1.0606060606060606        301.70658822745565     
   6.3636363636363633        1.1111111111111112        301.70651813360087     
   6.3636363636363633        1.1616161616161615        301.70644974780566     
   6.3636363636363633        1.2121212121212122        301.70638305226879     
   6.3636363636363633        1.2626262626262625        301.70631802869519     
   6.3636363636363633        1.3131313131313131        301.70625465830244     
   6.3636363636363633        1.3636363636363635        301.70619292182738     
   6.3636363636363633        1.4141414141414141        301.70613279953670     
   6.3636363636363633        1.4646464646464648        301.70607427123809     
   6.3636363636363633        1.5151515151515151        301.70601731629375     
   6.3636363636363633        1.5656565656565657        301.70596191363586     
   6.3636363636363633        1.6161616161616161        301.70590804178295     
   6.3636363636363633        1.6666666666666667        301.70585567885877     
   6.3636363636363633        1.7171717171717171        301.70580480261151     
   6.3636363636363633        1.7676767676767677        301.70575539043517     
   6.3636363636363633        1.8181818181818181        301.70570741939207     
   6.3636363636363633        1.8686868686868687        301.70566086623546     
   6.3636363636363633        1.9191919191919191        301.70561570743445     
   6.3636363636363633        1.9696969696969697        301.70557191919886     
   6.3636363636363633        2.0202020202020203        301.70552947750502     
   6.3636363636363633        2.0707070707070705        301.70548835812230     
   6.3636363636363633        2.1212121212121211        301.70544853664018     
   6.3636363636363633        2.1717171717171717        301.70540998849555     
   6.3636363636363633        2.2222222222222223        301.70537268900040     
   6.3636363636363633        2.2727272727272729        301.70533661336998     
   6.3636363636363633        2.3232323232323231        301.70530173675058     
   6.3636363636363633        2.3737373737373737        301.70526803424792     
   6.3636363636363633        2.4242424242424243        301.70523548095525     
   6.3636363636363633        2.4747474747474749        301.70520405198107     
   6.3636363636363633        2.5252525252525251        301.70517372247747     
   6.3636363636363633        2.5757575757575757        301.70514446766737     
   6.3636363636363633        2.6262626262626263        301.70511626287168     
   6.3636363636363633        2.6767676767676769        301.70508908353656     
   6.3636363636363633        2.7272727272727271        301.70506290525987     
   6.3636363636363633        2.7777777777777777        301.70503770381703     
   6.3636363636363633        2.8282828282828283        301.70501345518670     
   6.3636363636363633        2.8787878787878789        301.70499013557566     
   6.3636363636363633        2.9292929292929295        301.70496772144338     
   6.3636363636363633        2.9797979797979797        301.70494618952546     
   6.3636363636363633        3.0303030303030303        301.70492551685732     
   6.3636363636363633        3.0808080808080809        301.70490568079566     
   6.3636363636363633        3.1313131313131315        301.70488665904116     
   6.3636363636363633        3.1818181818181817        301.70486842965903     
   6.3636363636363633        3.2323232323232323        301.70485097109923     
   6.3636363636363633        3.2828282828282829        301.70483426221608     
   6.3636363636363633        3.3333333333333335        301.70481828228719     
   6.3636363636363633        3.3838383838383836        301.70480301103106     
   6.3636363636363633        3.4343434343434343        301.70478842862468     
   6.3636363636363633        3.4848484848484849        301.70477451571952     
   6.3636363636363633        3.5353535353535355        301.70476125345806     
   6.3636363636363633        3.5858585858585861        301.70474862348749     
   6.3636363636363633        3.6363636363636362        301.70473660797478     
   6.3636363636363633        3.6868686868686869        301.70472518961998     
   6.3636363636363633        3.7373737373737375        301.70471435166831     
   6.3636363636363633        3.7878787878787881        301.70470407792271     
   6.3636363636363633        3.8383838383838382        301.70469435275436     
   6.3636363636363633        3.8888888888888888        301.70468516111390     
   6.3636363636363633        3.9393939393939394        301.70467648854043     
   6.3636363636363633        3.9898989898989901        301.70466832117114     
   6.3636363636363633        4.0404040404040407        301.70466064574953     
   6.3636363636363633        4.0909090909090908        301.70465344963287     
   6.3636363636363633        4.1414141414141410        301.70464672079976     
   6.3636363636363633        4.1919191919191920        301.70464044785632     
   6.3636363636363633        4.2424242424242422        301.70463462004216     
   6.3636363636363633        4.2929292929292933        301.70462922723544     
   6.3636363636363633        4.3434343434343434        301.70462425995794     
   6.3636363636363633        4.3939393939393936        301.70461970937868     
   6.3636363636363633        4.4444444444444446        301.70461556731794     
   6.3636363636363633        4.4949494949494948        301.70461182625019     
   6.3636363636363633        4.5454545454545459        301.70460847930616     
   6.3636363636363633        4.5959595959595960        301.70460552027561     
   6.3636363636363633        4.6464646464646462        301.70460294360805     
   6.3636363636363633        4.6969696969696972        301.70460074441434     
   6.3636363636363633        4.7474747474747474        301.70459891846667     
   6.3636363636363633        4.7979797979797976        301.70459746219910     
   6.3636363636363633        4.8484848484848486        301.70459637270665     
   6.3636363636363633        4.8989898989898988        301.70459564774478     
   6.3636363636363633        4.9494949494949498        301.70459528572809     
   6.3636363636363633        5.0000000000000000        301.70459528572815     

   6.4646464646464645        0.0000000000000000        301.60927530126207     
   6.4646464646464645        5.0505050505050504E-002   301.60927530126207     
   6.4646464646464645       0.10101010101010101        301.60920127427886     
   6.4646464646464645       0.15151515151515152        301.60910425774910     
   6.4646464646464645       0.20202020202020202        301.60900104310940     
   6.4646464646464645       0.25252525252525254        301.60889714716825     
   6.4646464646464645       0.30303030303030304        301.60879437668893     
   6.4646464646464645       0.35353535353535354        301.60869331810898     
   6.4646464646464645       0.40404040404040403        301.60859415652533     
   6.4646464646464645       0.45454545454545453        301.60849694494084     
   6.4646464646464645       0.50505050505050508        301.60840169272353     
   6.4646464646464645       0.55555555555555558        301.60830839464518     
   6.4646464646464645       0.60606060606060608        301.60821704040188     
   6.4646464646464645       0.65656565656565657        301.60812761772598     
   6.4646464646464645       0.70707070707070707        301.60804011339678     
   6.4646464646464645       0.75757575757575757        301.60795451356137     
   6.4646464646464645       0.80808080808080807        301.60787080383170     
   6.4646464646464645       0.85858585858585856        301.60778896930827     
   6.4646464646464645       0.90909090909090906        301.60770899458157     
   6.4646464646464645       0.95959595959595956        301.60763086372657     
   6.4646464646464645        1.0101010101010102        301.60755456029790     
   6.4646464646464645        1.0606060606060606        301.60748006732479     
   6.4646464646464645        1.1111111111111112        301.60740736730907     
   6.4646464646464645        1.1616161616161615        301.60733644222501     
   6.4646464646464645        1.2121212121212122        301.60726727352102     
   6.4646464646464645        1.2626262626262625        301.60719984212375     
   6.4646464646464645        1.3131313131313131        301.60713412844530     
   6.4646464646464645        1.3636363636363635        301.60707011239140     
   6.4646464646464645        1.4141414141414141        301.60700777337257     
   6.4646464646464645        1.4646464646464648        301.60694709031645     
   6.4646464646464645        1.5151515151515151        301.60688804168319     
   6.4646464646464645        1.5656565656565657        301.60683060548172     
   6.4646464646464645        1.6161616161616161        301.60677475928844     
   6.4646464646464645        1.6666666666666667        301.60672048026646     
   6.4646464646464645        1.7171717171717171        301.60666774518762     
   6.4646464646464645        1.7676767676767677        301.60661653045474     
   6.4646464646464645        1.8181818181818181        301.60656681212578     
   6.4646464646464645        1.8686868686868687        301.60651856593847     
   6.4646464646464645        1.9191919191919191        301.60647176733647     
   6.4646464646464645        1.9696969696969697        301.60642639149609     
   6.4646464646464645        2.0202020202020203        301.60638241335351     
   6.4646464646464645        2.0707070707070705        301.60633980763288     
   6.4646464646464645        2.1212121212121211        301.60629854887503     
   6.4646464646464645        2.1717171717171717        301.60625861146610     
   6.4646464646464645        2.2222222222222223        301.60621996966694     
   6.4646464646464645        2.2727272727272729        301.60618259764226     
   6.4646464646464645        2.3232323232323231        301.60614646949034     
   6.4646464646464645        2.3737373737373737        301.60611155927222     
   6.4646464646464645        2.4242424242424243        301.60607784104133     
   6.4646464646464645        2.4747474747474749        301.60604528887245     
   6.4646464646464645        2.5252525252525251        301.60601387689110     
   6.4646464646464645        2.5757575757575757        301.60598357930184     
   6.4646464646464645        2.6262626262626263        301.60595437041695     
   6.4646464646464645        2.6767676767676769        301.60592622468420     
   6.4646464646464645        2.7272727272727271        301.60589911671462     
   6.4646464646464645        2.7777777777777777        301.60587302130904     
   6.4646464646464645        2.8282828282828283        301.60584791348481     
   6.4646464646464645        2.8787878787878789        301.60582376850152     
   6.4646464646464645        2.9292929292929295        301.60580056188616     
   6.4646464646464645        2.9797979797979797        301.60577826945786     
   6.4646464646464645        3.0303030303030303        301.60575686735137     
   6.4646464646464645        3.0808080808080809        301.60573633204024     
   6.4646464646464645        3.1313131313131315        301.60571664035928     
   6.4646464646464645        3.1818181818181817        301.60569776952599     
   6.4646464646464645        3.2323232323232323        301.60567969716152     
   6.4646464646464645        3.2828282828282829        301.60566240131067     
   6.4646464646464645        3.3333333333333335        301.60564586046110     
   6.4646464646464645        3.3838383838383836        301.60563005356141     
   6.4646464646464645        3.4343434343434343        301.60561496003936     
   6.4646464646464645        3.4848484848484849        301.60560055981841     
   6.4646464646464645        3.5353535353535355        301.60558683333358     
   6.4646464646464645        3.5858585858585861        301.60557376154668     
   6.4646464646464645        3.6363636363636362        301.60556132596111     
   6.4646464646464645        3.6868686868686869        301.60554950863508     
   6.4646464646464645        3.7373737373737375        301.60553829219475     
   6.4646464646464645        3.7878787878787881        301.60552765984625     
   6.4646464646464645        3.8383838383838382        301.60551759538691     
   6.4646464646464645        3.8888888888888888        301.60550808321597     
   6.4646464646464645        3.9393939393939394        301.60549910834447     
   6.4646464646464645        3.9898989898989901        301.60549065640470     
   6.4646464646464645        4.0404040404040407        301.60548271365815     
   6.4646464646464645        4.0909090909090908        301.60547526700395     
   6.4646464646464645        4.1414141414141410        301.60546830398545     
   6.4646464646464645        4.1919191919191920        301.60546181279727     
   6.4646464646464645        4.2424242424242422        301.60545578229079     
   6.4646464646464645        4.2929292929292933        301.60545020197975     
   6.4646464646464645        4.3434343434343434        301.60544506204468     
   6.4646464646464645        4.3939393939393936        301.60544035333737     
   6.4646464646464645        4.4444444444444446        301.60543606738406     
   6.4646464646464645        4.4949494949494948        301.60543219638873     
   6.4646464646464645        4.5454545454545459        301.60542873323533     
   6.4646464646464645        4.5959595959595960        301.60542567149002     
   6.4646464646464645        4.6464646464646462        301.60542300540249     
   6.4646464646464645        4.6969696969696972        301.60542072990671     
   6.4646464646464645        4.7474747474747474        301.60541884062201     
   6.4646464646464645        4.7979797979797976        301.60541733385202     
   6.4646464646464645        4.8484848484848486        301.60541620658523     
   6.4646464646464645        4.8989898989898988        301.60541545649352     
   6.4646464646464645        4.9494949494949498        301.60541508193063     
   6.4646464646464645        5.0000000000000000        301.60541508193069     

   6.5656565656565657        0.0000000000000000        301.51000799925407     
   6.5656565656565657        5.0505050505050504E-002   301.51000799925407     
   6.5656565656565657       0.10101010101010101        301.50993161276853     
   6.5656565656565657       0.15151515151515152        301.50983146463045     
   6.5656565656565657       0.20202020202020202        301.50972489590339     
   6.5656565656565657       0.25252525252525254        301.50961761321247     
   6.5656565656565657       0.30303030303030304        301.50951148863686     
   6.5656565656565657       0.35353535353535354        301.50940713092814     
   6.5656565656565657       0.40404040404040403        301.50930473266686     
   6.5656565656565657       0.45454545454545453        301.50920434922796     
   6.5656565656565657       0.50505050505050508        301.50910599058670     
   6.5656565656565657       0.55555555555555558        301.50900965150669     
   6.5656565656565657       0.60606060606060608        301.50891532145317     
   6.5656565656565657       0.65656565656565657        301.50882298783932     
   6.5656565656565657       0.70707070707070707        301.50873263708036     
   6.5656565656565657       0.75757575757575757        301.50864425492932     
   6.5656565656565657       0.80808080808080807        301.50855782657703     
   6.5656565656565657       0.85858585858585856        301.50847333667667     
   6.5656565656565657       0.90909090909090906        301.50839076934437     
   6.5656565656565657       0.95959595959595956        301.50831010815347     
   6.5656565656565657        1.0101010101010102        301.50823133612852     
   6.5656565656565657        1.0606060606060606        301.50815443574021     
   6.5656565656565657        1.1111111111111112        301.50807938890341     
   6.5656565656565657        1.1616161616161615        301.50800617697683     
   6.5656565656565657        1.2121212121212122        301.50793478076514     
   6.5656565656565657        1.2626262626262625        301.50786518052394     
   6.5656565656565657        1.3131313131313131        301.50779735596757     
   6.5656565656565657        1.3636363636363635        301.50773128627799     
   6.5656565656565657        1.4141414141414141        301.50766695011714     
   6.5656565656565657        1.4646464646464648        301.50760432564107     
   6.5656565656565657        1.5151515151515151        301.50754339051576     
   6.5656565656565657        1.5656565656565657        301.50748412193531     
   6.5656565656565657        1.6161616161616161        301.50742649664198     
   6.5656565656565657        1.6666666666666667        301.50737049094681     
   6.5656565656565657        1.7171717171717171        301.50731608075353     
   6.5656565656565657        1.7676767676767677        301.50726324158194     
   6.5656565656565657        1.8181818181818181        301.50721194859409     
   6.5656565656565657        1.8686868686868687        301.50716217662017     
   6.5656565656565657        1.9191919191919191        301.50711390018643     
   6.5656565656565657        1.9696969696969697        301.50706709354301     
   6.5656565656565657        2.0202020202020203        301.50702173069362     
   6.5656565656565657        2.0707070707070705        301.50697778542445     
   6.5656565656565657        2.1212121212121211        301.50693523133413     
   6.5656565656565657        2.1717171717171717        301.50689404186448     
   6.5656565656565657        2.2222222222222223        301.50685419033073     
   6.5656565656565657        2.2727272727272729        301.50681564995256     
   6.5656565656565657        2.3232323232323231        301.50677839388442     
   6.5656565656565657        2.3737373737373737        301.50674239524659     
   6.5656565656565657        2.4242424242424243        301.50670762715555     
   6.5656565656565657        2.4747474747474749        301.50667406275466     
   6.5656565656565657        2.5252525252525251        301.50664167524383     
   6.5656565656565657        2.5757575757575757        301.50661043790979     
   6.5656565656565657        2.6262626262626263        301.50658032415504     
   6.5656565656565657        2.6767676767676769        301.50655130752710     
   6.5656565656565657        2.7272727272727271        301.50652336174682     
   6.5656565656565657        2.7777777777777777        301.50649646073589     
   6.5656565656565657        2.8282828282828283        301.50647057864461     
   6.5656565656565657        2.8787878787878789        301.50644568987838     
   6.5656565656565657        2.9292929292929295        301.50642176912277     
   6.5656565656565657        2.9797979797979797        301.50639879137009     
   6.5656565656565657        3.0303030303030303        301.50637673194285     
   6.5656565656565657        3.0808080808080809        301.50635556651787     
   6.5656565656565657        3.1313131313131315        301.50633527114900     
   6.5656565656565657        3.1818181818181817        301.50631582228931     
   6.5656565656565657        3.2323232323232323        301.50629719681251     
   6.5656565656565657        3.2828282828282829        301.50627937203308     
   6.5656565656565657        3.3333333333333335        301.50626232572642     
   6.5656565656565657        3.3838383838383836        301.50624603614716     
   6.5656565656565657        3.4343434343434343        301.50623048204756     
   6.5656565656565657        3.4848484848484849        301.50621564269431     
   6.5656565656565657        3.5353535353535355        301.50620149788517     
   6.5656565656565657        3.5858585858585861        301.50618802796413     
   6.5656565656565657        3.6363636363636362        301.50617521383634     
   6.5656565656565657        3.6868686868686869        301.50616303698183     
   6.5656565656565657        3.7373737373737375        301.50615147946877     
   6.5656565656565657        3.7878787878787881        301.50614052396560     
   6.5656565656565657        3.8383838383838382        301.50613015375228     
   6.5656565656565657        3.8888888888888888        301.50612035273173     
   6.5656565656565657        3.9393939393939394        301.50611110543917     
   6.5656565656565657        3.9898989898989901        301.50610239705196     
   6.5656565656565657        4.0404040404040407        301.50609421339766     
   6.5656565656565657        4.0909090909090908        301.50608654096243     
   6.5656565656565657        4.1414141414141410        301.50607936689795     
   6.5656565656565657        4.1919191919191920        301.50607267902808     
   6.5656565656565657        4.2424242424242422        301.50606646585464     
   6.5656565656565657        4.2929292929292933        301.50606071656318     
   6.5656565656565657        4.3434343434343434        301.50605542102704     
   6.5656565656565657        4.3939393939393936        301.50605056981209     
   6.5656565656565657        4.4444444444444446        301.50604615418001     
   6.5656565656565657        4.4949494949494948        301.50604216609105     
   6.5656565656565657        4.5454545454545459        301.50603859820694     
   6.5656565656565657        4.5959595959595960        301.50603544389264     
   6.5656565656565657        4.6464646464646462        301.50603269721768     
   6.5656565656565657        4.6969696969696972        301.50603035295677     
   6.5656565656565657        4.7474747474747474        301.50602840659121     
   6.5656565656565657        4.7979797979797976        301.50602685430772     
   6.5656565656565657        4.8484848484848486        301.50602569299815     
   6.5656565656565657        4.8989898989898988        301.50602492025911     
   6.5656565656565657        4.9494949494949498        301.50602453438967     
   6.5656565656565657        5.0000000000000000        301.50602453438967     

   6.6666666666666670        0.0000000000000000        301.41050875432620     
   6.6666666666666670        5.0505050505050504E-002   301.41050875432620     
   6.6666666666666670       0.10101010101010101        301.41043029523257     
   6.6666666666666670       0.15151515151515152        301.41032739087899     
   6.6666666666666670       0.20202020202020202        301.41021786663680     
   6.6666666666666670       0.25252525252525254        301.41010759748343     
   6.6666666666666670       0.30303030303030304        301.40999851379667     
   6.6666666666666670       0.35353535353535354        301.40989124438443     
   6.6666666666666670       0.40404040404040403        301.40978598862210     
   6.6666666666666670       0.45454545454545453        301.40968280408731     
   6.6666666666666670       0.50505050505050508        301.40958170136599     
   6.6666666666666670       0.55555555555555558        301.40948267527665     
   6.6666666666666670       0.60606060606060608        301.40938571513902     
   6.6666666666666670       0.65656565656565657        301.40929080814038     
   6.6666666666666670       0.70707070707070707        301.40919794043066     
   6.6666666666666670       0.75757575757575757        301.40910709746970     
   6.6666666666666670       0.80808080808080807        301.40901826413040     
   6.6666666666666670       0.85858585858585856        301.40893142472345     
   6.6666666666666670       0.90909090909090906        301.40884656299647     
   6.6666666666666670       0.95959595959595956        301.40876366212814     
   6.6666666666666670        1.0101010101010102        301.40868270472060     
   6.6666666666666670        1.0606060606060606        301.40860367279453     
   6.6666666666666670        1.1111111111111112        301.40852654778649     
   6.6666666666666670        1.1616161616161615        301.40845131054863     
   6.6666666666666670        1.2121212121212122        301.40837794135177     
   6.6666666666666670        1.2626262626262625        301.40830641989032     
   6.6666666666666670        1.3131313131313131        301.40823672529052     
   6.6666666666666670        1.3636363636363635        301.40816883612109     
   6.6666666666666670        1.4141414141414141        301.40810273040603     
   6.6666666666666670        1.4646464646464648        301.40803838564005     
   6.6666666666666670        1.5151515151515151        301.40797577880585     
   6.6666666666666670        1.5656565656565657        301.40791488639348     
   6.6666666666666670        1.6161616161616161        301.40785568442186     
   6.6666666666666670        1.6666666666666667        301.40779814846132     
   6.6666666666666670        1.7171717171717171        301.40774225365811     
   6.6666666666666670        1.7676767676767677        301.40768797476051     
   6.6666666666666670        1.8181818181818181        301.40763528614525     
   6.6666666666666670        1.8686868686868687        301.40758416184610     
   6.6666666666666670        1.9191919191919191        301.40753457558264     
   6.6666666666666670        1.9696969696969697        301.40748650078979     
   6.6666666666666670        2.0202020202020203        301.40743991064903     
   6.6666666666666670        2.0707070707070705        301.40739477811849     
   6.6666666666666670        2.1212121212121211        301.40735107596464     
   6.6666666666666670        2.1717171717171717        301.40730877679431     
   6.6666666666666670        2.2222222222222223        301.40726785308624     
   6.6666666666666670        2.2727272727272729        301.40722827722294     
   6.6666666666666670        2.3232323232323231        301.40719002152298     
   6.6666666666666670        2.3737373737373737        301.40715305827291     
   6.6666666666666670        2.4242424242424243        301.40711735975850     
   6.6666666666666670        2.4747474747474749        301.40708289829689     
   6.6666666666666670        2.5252525252525251        301.40704964626713     
   6.6666666666666670        2.5757575757575757        301.40701757614130     
   6.6666666666666670        2.6262626262626263        301.40698666051463     
   6.6666666666666670        2.6767676767676769        301.40695687213565     
   6.6666666666666670        2.7272727272727271        301.40692818393484     
   6.6666666666666670        2.7777777777777777        301.40690056905373     
   6.6666666666666670        2.8282828282828283        301.40687400087290     
   6.6666666666666670        2.8787878787878789        301.40684845303883     
   6.6666666666666670        2.9292929292929295        301.40682389949097     
   6.6666666666666670        2.9797979797979797        301.40680031448744     
   6.6666666666666670        3.0303030303030303        301.40677767262969     
   6.6666666666666670        3.0808080808080809        301.40675594888739     
   6.6666666666666670        3.1313131313131315        301.40673511862127     
   6.6666666666666670        3.1818181818181817        301.40671515760602     
   6.6666666666666670        3.2323232323232323        301.40669604205198     
   6.6666666666666670        3.2828282828282829        301.40667774862595     
   6.6666666666666670        3.3333333333333335        301.40666025447132     
   6.6666666666666670        3.3838383838383836        301.40664353722713     
   6.6666666666666670        3.4343434343434343        301.40662757504634     
   6.6666666666666670        3.4848484848484849        301.40661234661354     
   6.6666666666666670        3.5353535353535355        301.40659783116115     
   6.6666666666666670        3.5858585858585861        301.40658400848537     
   6.6666666666666670        3.6363636363636362        301.40657085896117     
   6.6666666666666670        3.6868686868686869        301.40655836355603     
   6.6666666666666670        3.7373737373737375        301.40654650384351     
   6.6666666666666670        3.7878787878787881        301.40653526201544     
   6.6666666666666670        3.8383838383838382        301.40652462089372     
   6.6666666666666670        3.8888888888888888        301.40651456394119     
   6.6666666666666670        3.9393939393939394        301.40650507527181     
   6.6666666666666670        3.9898989898989901        301.40649613965962     
   6.6666666666666670        4.0404040404040407        301.40648774254811     
   6.6666666666666670        4.0909090909090908        301.40647987005758     
   6.6666666666666670        4.1414141414141410        301.40647250899281     
   6.6666666666666670        4.1919191919191920        301.40646564684926     
   6.6666666666666670        4.2424242424242422        301.40645927181953     
   6.6666666666666670        4.2929292929292933        301.40645337279818     
   6.6666666666666670        4.3434343434343434        301.40644793938679     
   6.6666666666666670        4.3939393939393936        301.40644296189805     
   6.6666666666666670        4.4444444444444446        301.40643843135928     
   6.6666666666666670        4.4949494949494948        301.40643433951499     
   6.6666666666666670        4.5454545454545459        301.40643067883013     
   6.6666666666666670        4.5959595959595960        301.40642744249152     
   6.6666666666666670        4.6464646464646462        301.40642462440888     
   6.6666666666666670        4.6969696969696972        301.40642221921632     
   6.6666666666666670        4.7474747474747474        301.40642022227263     
   6.6666666666666670        4.7979797979797976        301.40641862966055     
   6.6666666666666670        4.8484848484848486        301.40641743818674     
   6.6666666666666670        4.8989898989898988        301.40641664538077     
   6.6666666666666670        4.9494949494949498        301.40641624949291     
   6.6666666666666670        5.0000000000000000        301.40641624949296     

   6.7676767676767673        0.0000000000000000        301.31077054967449     
   6.7676767676767673        5.0505050505050504E-002   301.31077054967449     
   6.7676767676767673       0.10101010101010101        301.31069031311728     
   6.7676767676767673       0.15151515151515152        301.31058503889716     
   6.7676767676767673       0.20202020202020202        301.31047296944087     
   6.7676767676767673       0.25252525252525254        301.31036012594302     
   6.7676767676767673       0.30303030303030304        301.31024848983236     
   6.7676767676767673       0.35353535353535354        301.31013870763769     
   6.7676767676767673       0.40404040404040403        301.31003098481608     
   6.7676767676767673       0.45454545454545453        301.30992538097206     
   6.7676767676767673       0.50505050505050508        301.30982190730708     
   6.7676767676767673       0.55555555555555558        301.30972055876049     
   6.7676767676767673       0.60606060606060608        301.30962132459467     
   6.7676767676767673       0.65656565656565657        301.30952419186917     
   6.7676767676767673       0.70707070707070707        301.30942914657049     
   6.7676767676767673       0.75757575757575757        301.30933617397017     
   6.7676767676767673       0.80808080808080807        301.30924525873013     
   6.7676767676767673       0.85858585858585856        301.30915638492627     
   6.7676767676767673       0.90909090909090906        301.30906953604728     
   6.7676767676767673       0.95959595959595956        301.30898469498663     
   6.7676767676767673        1.0101010101010102        301.30890184403484     
   6.7676767676767673        1.0606060606060606        301.30882096487346     
   6.7676767676767673        1.1111111111111112        301.30874203857201     
   6.7676767676767673        1.1616161616161615        301.30866504558799     
   6.7676767676767673        1.2121212121212122        301.30858996576990     
   6.7676767676767673        1.2626262626262625        301.30851677836284     
   6.7676767676767673        1.3131313131313131        301.30844546201746     
   6.7676767676767673        1.3636363636363635        301.30837599480145     
   6.7676767676767673        1.4141414141414141        301.30830835421330     
   6.7676767676767673        1.4646464646464648        301.30824251719912     
   6.7676767676767673        1.5151515151515151        301.30817846017095     
   6.7676767676767673        1.5656565656565657        301.30811615902780     
   6.7676767676767673        1.6161616161616161        301.30805558917831     
   6.7676767676767673        1.6666666666666667        301.30799672556509     
   6.7676767676767673        1.7171717171717171        301.30793954269035     
   6.7676767676767673        1.7676767676767677        301.30788401464361     
   6.7676767676767673        1.8181818181818181        301.30783011513023     
   6.7676767676767673        1.8686868686868687        301.30777781750055     
   6.7676767676767673        1.9191919191919191        301.30772709478066     
   6.7676767676767673        1.9696969696969697        301.30767791970351     
   6.7676767676767673        2.0202020202020203        301.30763026474091     
   6.7676767676767673        2.0707070707070705        301.30758410213593     
   6.7676767676767673        2.1212121212121211        301.30753940393527     
   6.7676767676767673        2.1717171717171717        301.30749614202273     
   6.7676767676767673        2.2222222222222223        301.30745428815180     
   6.7676767676767673        2.2727272727272729        301.30741381397934     
   6.7676767676767673        2.3232323232323231        301.30737469109835     
   6.7676767676767673        2.3737373737373737        301.30733689107120     
   6.7676767676767673        2.4242424242424243        301.30730038546221     
   6.7676767676767673        2.4747474747474749        301.30726514587025     
   6.7676767676767673        2.5252525252525251        301.30723114396096     
   6.7676767676767673        2.5757575757575757        301.30719835149790     
   6.7676767676767673        2.6262626262626263        301.30716674037450     
   6.7676767676767673        2.6767676767676769        301.30713628264397     
   6.7676767676767673        2.7272727272727271        301.30710695054950     
   6.7676767676767673        2.7777777777777777        301.30707871655392     
   6.7676767676767673        2.8282828282828283        301.30705155336813     
   6.7676767676767673        2.8787878787878789        301.30702543397877     
   6.7676767676767673        2.9292929292929295        301.30700033167591     
   6.7676767676767673        2.9797979797979797        301.30697622007904     
   6.7676767676767673        3.0303030303030303        301.30695307316290     
   6.7676767676767673        3.0808080808080809        301.30693086528197     
   6.7676767676767673        3.1313131313131315        301.30690957119430     
   6.7676767676767673        3.1818181818181817        301.30688916608494     
   6.7676767676767673        3.2323232323232323        301.30686962558764     
   6.7676767676767673        3.2828282828282829        301.30685092580620     
   6.7676767676767673        3.3333333333333335        301.30683304333490     
   6.7676767676767673        3.3838383838383836        301.30681595527790     
   6.7676767676767673        3.4343434343434343        301.30679963926775     
   6.7676767676767673        3.4848484848484849        301.30678407348324     
   6.7676767676767673        3.5353535353535355        301.30676923666618     
   6.7676767676767673        3.5858585858585861        301.30675510813705     
   6.7676767676767673        3.6363636363636362        301.30674166781057     
   6.7676767676767673        3.6868686868686869        301.30672889620939     
   6.7676767676767673        3.7373737373737375        301.30671677447782     
   6.7676767676767673        3.7878787878787881        301.30670528439447     
   6.7676767676767673        3.8383838383838382        301.30669440838358     
   6.7676767676767673        3.8888888888888888        301.30668412952656     
   6.7676767676767673        3.9393939393939394        301.30667443157171     
   6.7676767676767673        3.9898989898989901        301.30666529894387     
   6.7676767676767673        4.0404040404040407        301.30665671675314     
   6.7676767676767673        4.0909090909090908        301.30664867080282     
   6.7676767676767673        4.1414141414141410        301.30664114759696     
   6.7676767676767673        4.1919191919191920        301.30663413434667     
   6.7676767676767673        4.2424242424242422        301.30662761897611     
   6.7676767676767673        4.2929292929292933        301.30662159012803     
   6.7676767676767673        4.3434343434343434        301.30661603716834     
   6.7676767676767673        4.3939393939393936        301.30661095019042     
   6.7676767676767673        4.4444444444444446        301.30660632001843     
   6.7676767676767673        4.4949494949494948        301.30660213821017     
   6.7676767676767673        4.5454545454545459        301.30659839705993     
   6.7676767676767673        4.5959595959595960        301.30659508959985     
   6.7676767676767673        4.6464646464646462        301.30659220960166     
   6.7676767676767673        4.6969696969696972        301.30658975157712     
   6.7676767676767673        4.7474747474747474        301.30658771077884     
   6.7676767676767673        4.7979797979797976        301.30658608319959     
   6.7676767676767673        4.8484848484848486        301.30658486557195     
   6.7676767676767673        4.8989898989898988        301.30658405536701     
   6.7676767676767673        4.9494949494949498        301.30658365079302     
   6.7676767676767673        5.0000000000000000        301.30658365079307     

   6.8686868686868685        0.0000000000000000        301.21078727041896     
   6.8686868686868685        5.0505050505050504E-002   301.21078727041896     
   6.8686868686868685       0.10101010101010101        301.21070555860780     
   6.8686868686868685       0.15151515151515152        301.21059831027196     
   6.8686868686868685       0.20202020202020202        301.21048411597775     
   6.8686868686868685       0.25252525252525254        301.21036912042052     
   6.8686868686868685       0.30303030303030304        301.21025534863088     
   6.8686868686868685       0.35353535353535354        301.21014346245505     
   6.8686868686868685       0.40404040404040403        301.21003367269782     
   6.8686868686868685       0.45454545454545453        301.20992604081056     
   6.8686868686868685       0.50505050505050508        301.20982057861562     
   6.8686868686868685       0.55555555555555558        301.20971728124221     
   6.8686868686868685       0.60606060606060608        301.20961613798789     
   6.8686868686868685       0.65656565656565657        301.20951713588579     
   6.8686868686868685       0.70707070707070707        301.20942026086499     
   6.8686868686868685       0.75757575757575757        301.20932549811715     
   6.8686868686868685       0.80808080808080807        301.20923283220316     
   6.8686868686868685       0.85858585858585856        301.20914224707565     
   6.8686868686868685       0.90909090909090906        301.20905372607598     
   6.8686868686868685       0.95959595959595956        301.20896725192529     
   6.8686868686868685        1.0101010101010102        301.20888280671517     
   6.8686868686868685        1.0606060606060606        301.20880037190113     
   6.8686868686868685        1.1111111111111112        301.20871992829922     
   6.8686868686868685        1.1616161616161615        301.20864145608562     
   6.8686868686868685        1.2121212121212122        301.20856493480011     
   6.8686868686868685        1.2626262626262625        301.20849034335214     
   6.8686868686868685        1.3131313131313131        301.20841766003053     
   6.8686868686868685        1.3636363636363635        301.20834686251573     
   6.8686868686868685        1.4141414141414141        301.20827792789458     
   6.8686868686868685        1.4646464646464648        301.20821083267867     
   6.8686868686868685        1.5151515151515151        301.20814555282379     
   6.8686868686868685        1.5656565656565657        301.20808206375227     
   6.8686868686868685        1.6161616161616161        301.20802034037700     
   6.8686868686868685        1.6666666666666667        301.20796035712743     
   6.8686868686868685        1.7171717171717171        301.20790208797672     
   6.8686868686868685        1.7676767676767677        301.20784550647079     
   6.8686868686868685        1.8181818181818181        301.20779058575829     
   6.8686868686868685        1.8686868686868687        301.20773729862128     
   6.8686868686868685        1.9191919191919191        301.20768561750748     
   6.8686868686868685        1.9696969696969697        301.20763551456287     
   6.8686868686868685        2.0202020202020203        301.20758696166467     
   6.8686868686868685        2.0707070707070705        301.20753993045543     
   6.8686868686868685        2.1212121212121211        301.20749439237653     
   6.8686868686868685        2.1717171717171717        301.20745031870268     
   6.8686868686868685        2.2222222222222223        301.20740768057635     
   6.8686868686868685        2.2727272727272729        301.20736644904167     
   6.8686868686868685        2.3232323232323231        301.20732659507877     
   6.8686868686868685        2.3737373737373737        301.20728808963810     
   6.8686868686868685        2.4242424242424243        301.20725090367375     
   6.8686868686868685        2.4747474747474749        301.20721500817700     
   6.8686868686868685        2.5252525252525251        301.20718037420932     
   6.8686868686868685        2.5757575757575757        301.20714697293494     
   6.8686868686868685        2.6262626262626263        301.20711477565249     
   6.8686868686868685        2.6767676767676769        301.20708375382674     
   6.8686868686868685        2.7272727272727271        301.20705387911880     
   6.8686868686868685        2.7777777777777777        301.20702512341649     
   6.8686868686868685        2.8282828282828283        301.20699745886355     
   6.8686868686868685        2.8787878787878789        301.20697085788800     
   6.8686868686868685        2.9292929292929295        301.20694529322998     
   6.8686868686868685        2.9797979797979797        301.20692073796846     
   6.8686868686868685        3.0303030303030303        301.20689716554739     
   6.8686868686868685        3.0808080808080809        301.20687454980072     
   6.8686868686868685        3.1313131313131315        301.20685286497672     
   6.8686868686868685        3.1818181818181817        301.20683208576156     
   6.8686868686868685        3.2323232323232323        301.20681218730113     
   6.8686868686868685        3.2828282828282829        301.20679314522329     
   6.8686868686868685        3.3333333333333335        301.20677493565825     
   6.8686868686868685        3.3838383838383836        301.20675753525808     
   6.8686868686868685        3.4343434343434343        301.20674092121556     
   6.8686868686868685        3.4848484848484849        301.20672507128239     
   6.8686868686868685        3.5353535353535355        301.20670996378584     
   6.8686868686868685        3.5858585858585861        301.20669557764512     
   6.8686868686868685        3.6363636363636362        301.20668189238614     
   6.8686868686868685        3.6868686868686869        301.20666888815646     
   6.8686868686868685        3.7373737373737375        301.20665654573833     
   6.8686868686868685        3.7878787878787881        301.20664484656163     
   6.8686868686868685        3.8383838383838382        301.20663377271558     
   6.8686868686868685        3.8888888888888888        301.20662330695973     
   6.8686868686868685        3.9393939393939394        301.20661343273446     
   6.8686868686868685        3.9898989898989901        301.20660413417011     
   6.8686868686868685        4.0404040404040407        301.20659539609613     
   6.8686868686868685        4.0909090909090908        301.20658720404884     
   6.8686868686868685        4.1414141414141410        301.20657954427890     
   6.8686868686868685        4.1919191919191920        301.20657240375783     
   6.8686868686868685        4.2424242424242422        301.20656577018383     
   6.8686868686868685        4.2929292929292933        301.20655963198789     
   6.8686868686868685        4.3434343434343434        301.20655397833741     
   6.8686868686868685        4.3939393939393936        301.20654879914105     
   6.8686868686868685        4.4444444444444446        301.20654408505192     
   6.8686868686868685        4.4949494949494948        301.20653982747075     
   6.8686868686868685        4.5454545454545459        301.20653601854798     
   6.8686868686868685        4.5959595959595960        301.20653265118585     
   6.8686868686868685        4.6464646464646462        301.20652971903951     
   6.8686868686868685        4.6969696969696972        301.20652721651783     
   6.8686868686868685        4.7474747474747474        301.20652513878389     
   6.8686868686868685        4.7979797979797976        301.20652348175457     
   6.8686868686868685        4.8484848484848486        301.20652224209994     
   6.8686868686868685        4.8989898989898988        301.20652141724179     
   6.8686868686868685        4.9494949494949498        301.20652100535256     
   6.8686868686868685        5.0000000000000000        301.20652100535261     

   6.9696969696969697        0.0000000000000000        301.11055372804913     
   6.9696969696969697        5.0505050505050504E-002   301.11055372804913     
   6.9696969696969697       0.10101010101010101        301.11047084904544     
   6.9696969696969697       0.15151515151515152        301.11036203015493     
   6.9696969696969697       0.20202020202020202        301.11024613978094     
   6.9696969696969697       0.25252525252525254        301.11012942291222     
   6.9696969696969697       0.30303030303030304        301.11001394056109     
   6.9696969696969697       0.35353535353535354        301.10990036743027     
   6.9696969696969697       0.40404040404040403        301.10978891892063     
   6.9696969696969697       0.45454545454545453        301.10967965814694     
   6.9696969696969697       0.50505050505050508        301.10957259755952     
   6.9696969696969697       0.55555555555555558        301.10946773255023     
   6.9696969696969697       0.60606060606060608        301.10936505254756     
   6.9696969696969697       0.65656565656565657        301.10926454466386     
   6.9696969696969697       0.70707070707070707        301.10916619488034     
   6.9696969696969697       0.75757575757575757        301.10906998842086     
   6.9696969696969697       0.80808080808080807        301.10897590985837     
   6.9696969696969697       0.85858585858585856        301.10888394313616     
   6.9696969696969697       0.90909090909090906        301.10879407156307     
   6.9696969696969697       0.95959595959595956        301.10870627780236     
   6.9696969696969697        1.0101010101010102        301.10862054386178     
   6.9696969696969697        1.0606060606060606        301.10853685108566     
   6.9696969696969697        1.1111111111111112        301.10845518015122     
   6.9696969696969697        1.1616161616161615        301.10837551106818     
   6.9696969696969697        1.2121212121212122        301.10829782318245     
   6.9696969696969697        1.2626262626262625        301.10822209518238     
   6.9696969696969697        1.3131313131313131        301.10814830510958     
   6.9696969696969697        1.3636363636363635        301.10807643037197     
   6.9696969696969697        1.4141414141414141        301.10800644775981     
   6.9696969696969697        1.4646464646464648        301.10793833346503     
   6.9696969696969697        1.5151515151515151        301.10787206310226     
   6.9696969696969697        1.5656565656565657        301.10780761173226     
   6.9696969696969697        1.6161616161616161        301.10774495388796     
   6.9696969696969697        1.6666666666666667        301.10768406360120     
   6.9696969696969697        1.7171717171717171        301.10762491443205     
   6.9696969696969697        1.7676767676767677        301.10756747949875     
   6.9696969696969697        1.8181818181818181        301.10751173150953     
   6.9696969696969697        1.8686868686868687        301.10745764279460     
   6.9696969696969697        1.9191919191919191        301.10740518533964     
   6.9696969696969697        1.9696969696969697        301.10735433081993     
   6.9696969696969697        2.0202020202020203        301.10730505063458     
   6.9696969696969697        2.0707070707070705        301.10725731594181     
   6.9696969696969697        2.1212121212121211        301.10721109769366     
   6.9696969696969697        2.1717171717171717        301.10716636667195     
   6.9696969696969697        2.2222222222222223        301.10712309352300     
   6.9696969696969697        2.2727272727272729        301.10708124879335     
   6.9696969696969697        2.3232323232323231        301.10704080296495     
   6.9696969696969697        2.3737373737373737        301.10700172649007     
   6.9696969696969697        2.4242424242424243        301.10696398982577     
   6.9696969696969697        2.4747474747474749        301.10692756346822     
   6.9696969696969697        2.5252525252525251        301.10689241798639     
   6.9696969696969697        2.5757575757575757        301.10685852405538     
   6.9696969696969697        2.6262626262626263        301.10682585248895     
   6.9696969696969697        2.6767676767676769        301.10679437427160     
   6.9696969696969697        2.7272727272727271        301.10676406058946     
   6.9696969696969697        2.7777777777777777        301.10673488286136     
   6.9696969696969697        2.8282828282828283        301.10670681276855     
   6.9696969696969697        2.8787878787878789        301.10667982228313     
   6.9696969696969697        2.9292929292929295        301.10665388369694     
   6.9696969696969697        2.9797979797979797        301.10662896964823     
   6.9696969696969697        3.0303030303030303        301.10660505314843     
   6.9696969696969697        3.0808080808080809        301.10658210760738     
   6.9696969696969697        3.1313131313131315        301.10656010685818     
   6.9696969696969697        3.1818181818181817        301.10653902518050     
   6.9696969696969697        3.2323232323232323        301.10651883732368     
   6.9696969696969697        3.2828282828282829        301.10649951852815     
   6.9696969696969697        3.3333333333333335        301.10648104454668     
   6.9696969696969697        3.3838383838383836        301.10646339166379     
   6.9696969696969697        3.4343434343434343        301.10644653671511     
   6.9696969696969697        3.4848484848484849        301.10643045710526     
   6.9696969696969697        3.5353535353535355        301.10641513082516     
   6.9696969696969697        3.5858585858585861        301.10640053646819     
   6.9696969696969697        3.6363636363636362        301.10638665324501     
   6.9696969696969697        3.6868686868686869        301.10637346099890     
   6.9696969696969697        3.7373737373737375        301.10636094021868     
   6.9696969696969697        3.7878787878787881        301.10634907205156     
   6.9696969696969697        3.8383838383838382        301.10633783831548     
   6.9696969696969697        3.8888888888888888        301.10632722150945     
   6.9696969696969697        3.9393939393939394        301.10631720482456     
   6.9696969696969697        3.9898989898989901        301.10630777215300     
   6.9696969696969697        4.0404040404040407        301.10629890809702     
   6.9696969696969697        4.0909090909090908        301.10629059797691     
   6.9696969696969697        4.1414141414141410        301.10628282783853     
   6.9696969696969697        4.1919191919191920        301.10627558445987     
   6.9696969696969697        4.2424242424242422        301.10626885535675     
   6.9696969696969697        4.2929292929292933        301.10626262878827     
   6.9696969696969697        4.3434343434343434        301.10625689376207     
   6.9696969696969697        4.3939393939393936        301.10625164003733     
   6.9696969696969697        4.4444444444444446        301.10624685812923     
   6.9696969696969697        4.4949494949494948        301.10624253931115     
   6.9696969696969697        4.5454545454545459        301.10623867561765     
   6.9696969696969697        4.5959595959595960        301.10623525984573     
   6.9696969696969697        4.6464646464646462        301.10623228555647     
   6.9696969696969697        4.6969696969696972        301.10622974707542     
   6.9696969696969697        4.7474747474747474        301.10622763949334     
   6.9696969696969697        4.7979797979797976        301.10622595866556     
   6.9696969696969697        4.8484848484848486        301.10622470121132     
   6.9696969696969697        4.8989898989898988        301.10622386451246     
   6.9696969696969697        4.9494949494949498        301.10622344671219     
   6.9696969696969697        5.0000000000000000        301.10622344671225     

   7.0707070707070709        0.0000000000000000        301.01006568116441     
   7.0707070707070709        5.0505050505050504E-002   301.01006568116441     
   7.0707070707070709       0.10101010101010101        301.00998194764588     
   7.0707070707070709       0.15151515151515152        301.00987196795023     
   7.0707070707070709       0.20202020202020202        301.00975481690932     
   7.0707070707070709       0.25252525252525254        301.00963681620084     
   7.0707070707070709       0.30303030303030304        301.00952005505894     
   7.0707070707070709       0.35353535353535354        301.00940521853454     
   7.0707070707070709       0.40404040404040403        301.00929252585900     
   7.0707070707070709       0.45454545454545453        301.00918204162531     
   7.0707070707070709       0.50505050505050508        301.00907377892122     
   7.0707070707070709       0.55555555555555558        301.00896773347756     
   7.0707070707070709       0.60606060606060608        301.00886389495400     
   7.0707070707070709       0.65656565656565657        301.00876225065122     
   7.0707070707070709       0.70707070707070707        301.00866278671606     
   7.0707070707070709       0.75757575757575757        301.00856548851976     
   7.0707070707070709       0.80808080808080807        301.00847034076361     
   7.0707070707070709       0.85858585858585856        301.00837732749812     
   7.0707070707070709       0.90909090909090906        301.00828643211617     
   7.0707070707070709       0.95959595959595956        301.00819763733995     
   7.0707070707070709        1.0101010101010102        301.00811092520951     
   7.0707070707070709        1.0606060606060606        301.00802627707412     
   7.0707070707070709        1.1111111111111112        301.00794367358793     
   7.0707070707070709        1.1616161616161615        301.00786309470982     
   7.0707070707070709        1.2121212121212122        301.00778451970672     
   7.0707070707070709        1.2626262626262625        301.00770792716122     
   7.0707070707070709        1.3131313131313131        301.00763329498267     
   7.0707070707070709        1.3636363636363635        301.00756060042164     
   7.0707070707070709        1.4141414141414141        301.00748982008662     
   7.0707070707070709        1.4646464646464648        301.00742092996512     
   7.0707070707070709        1.5151515151515151        301.00735390544605     
   7.0707070707070709        1.5656565656565657        301.00728872134442     
   7.0707070707070709        1.6161616161616161        301.00722535192864     
   7.0707070707070709        1.6666666666666667        301.00716377094938     
   7.0707070707070709        1.7171717171717171        301.00710395166976     
   7.0707070707070709        1.7676767676767677        301.00704586689699     
   7.0707070707070709        1.8181818181818181        301.00698948901567     
   7.0707070707070709        1.8686868686868687        301.00693479002109     
   7.0707070707070709        1.9191919191919191        301.00688174155431     
   7.0707070707070709        1.9696969696969697        301.00683031493708     
   7.0707070707070709        2.0202020202020203        301.00678048120761     
   7.0707070707070709        2.0707070707070705        301.00673221115710     
   7.0707070707070709        2.1212121212121211        301.00668547536543     
   7.0707070707070709        2.1717171717171717        301.00664024423804     
   7.0707070707070709        2.2222222222222223        301.00659648804213     
   7.0707070707070709        2.2727272727272729        301.00655417694293     
   7.0707070707070709        2.3232323232323231        301.00651328103976     
   7.0707070707070709        2.3737373737373737        301.00647377040212     
   7.0707070707070709        2.4242424242424243        301.00643561510452     
   7.0707070707070709        2.4747474747474749        301.00639878526187     
   7.0707070707070709        2.5252525252525251        301.00636325106359     
   7.0707070707070709        2.5757575757575757        301.00632898280776     
   7.0707070707070709        2.6262626262626263        301.00629595093437     
   7.0707070707070709        2.6767676767676769        301.00626412605737     
   7.0707070707070709        2.7272727272727271        301.00623347899682     
   7.0707070707070709        2.7777777777777777        301.00620398080991     
   7.0707070707070709        2.8282828282828283        301.00617560282132     
   7.0707070707070709        2.8787878787878789        301.00614831665200     
   7.0707070707070709        2.9292929292929295        301.00612209424838     
   7.0707070707070709        2.9797979797979797        301.00609690790952     
   7.0707070707070709        3.0303030303030303        301.00607273031392     
   7.0707070707070709        3.0808080808080809        301.00604953454541     
   7.0707070707070709        3.1313131313131315        301.00602729411770     
   7.0707070707070709        3.1818181818181817        301.00600598299866     
   7.0707070707070709        3.2323232323232323        301.00598557563285     
   7.0707070707070709        3.2828282828282829        301.00596604696364     
   7.0707070707070709        3.3333333333333335        301.00594737245450     
   7.0707070707070709        3.3838383838383836        301.00592952810842     
   7.0707070707070709        3.4343434343434343        301.00591249048762     
   7.0707070707070709        3.4848484848484849        301.00589623673130     
   7.0707070707070709        3.5353535353535355        301.00588074457318     
   7.0707070707070709        3.5858585858585861        301.00586599235766     
   7.0707070707070709        3.6363636363636362        301.00585195905506     
   7.0707070707070709        3.6868686868686869        301.00583862427629     
   7.0707070707070709        3.7373737373737375        301.00582596828662     
   7.0707070707070709        3.7878787878787881        301.00581397201819     
   7.0707070707070709        3.8383838383838382        301.00580261708183     
   7.0707070707070709        3.8888888888888888        301.00579188577876     
   7.0707070707070709        3.9393939393939394        301.00578176111026     
   7.0707070707070709        3.9898989898989901        301.00577222678731     
   7.0707070707070709        4.0404040404040407        301.00576326723996     
   7.0707070707070709        4.0909090909090908        301.00575486762443     
   7.0707070707070709        4.1414141414141410        301.00574701383113     
   7.0707070707070709        4.1919191919191920        301.00573969249098     
   7.0707070707070709        4.2424242424242422        301.00573289098145     
   7.0707070707070709        4.2929292929292933        301.00572659743182     
   7.0707070707070709        4.3434343434343434        301.00572080072794     
   7.0707070707070709        4.3939393939393936        301.00571549051608     
   7.0707070707070709        4.4444444444444446        301.00571065720658     
   7.0707070707070709        4.4949494949494948        301.00570629197659     
   7.0707070707070709        4.5454545454545459        301.00570238677255     
   7.0707070707070709        4.5959595959595960        301.00569893431185     
   7.0707070707070709        4.6464646464646462        301.00569592808398     
   7.0707070707070709        4.6969696969696972        301.00569336235145     
   7.0707070707070709        4.7474747474747474        301.00569123214984     
   7.0707070707070709        4.7979797979797976        301.00568953328775     
   7.0707070707070709        4.8484848484848486        301.00568826234564     
   7.0707070707070709        4.8989898989898988        301.00568741667479     
   7.0707070707070709        4.9494949494949498        301.00568699439572     
   7.0707070707070709        5.0000000000000000        301.00568699439577     

   7.1717171717171722        0.0000000000000000        300.90931985243208     
   7.1717171717171722        5.0505050505050504E-002   300.90931985243208     
   7.1717171717171722       0.10101010101010101        300.90923558043880     
   7.1717171717171722       0.15151515151515152        300.90912485422945     
   7.1717171717171722       0.20202020202020202        300.90900688283534     
   7.1717171717171722       0.25252525252525254        300.90888804071670     
   7.1717171717171722       0.30303030303030304        300.90877043746059     
   7.1717171717171722       0.35353535353535354        300.90865476592188     
   7.1717171717171722       0.40404040404040403        300.90854124838694     
   7.1717171717171722       0.45454545454545453        300.90842995074144     
   7.1717171717171722       0.50505050505050508        300.90832088672306     
   7.1717171717171722       0.55555555555555558        300.90821405248192     
   7.1717171717171722       0.60606060606060608        300.90810943801347     
   7.1717171717171722       0.65656565656565657        300.90800703092020     
   7.1717171717171722       0.70707070707070707        300.90790681763173     
   7.1717171717171722       0.75757575757575757        300.90780878378501     
   7.1717171717171722       0.80808080808080807        300.90771291432873     
   7.1717171717171722       0.85858585858585856        300.90761919353940     
   7.1717171717171722       0.90909090909090906        300.90752760501243     
   7.1717171717171722       0.95959595959595956        300.90743813164681     
   7.1717171717171722        1.0101010101010102        300.90735075563219     
   7.1717171717171722        1.0606060606060606        300.90726545843938     
   7.1717171717171722        1.1111111111111112        300.90718222081568     
   7.1717171717171722        1.1616161616161615        300.90710102278445     
   7.1717171717171722        1.2121212121212122        300.90702184364898     
   7.1717171717171722        1.2626262626262625        300.90694466200097     
   7.1717171717171722        1.3131313131313131        300.90686945573202     
   7.1717171717171722        1.3636363636363635        300.90679620204992     
   7.1717171717171722        1.4141414141414141        300.90672487749640     
   7.1717171717171722        1.4646464646464648        300.90665545796918     
   7.1717171717171722        1.5151515151515151        300.90658791874625     
   7.1717171717171722        1.5656565656565657        300.90652223451207     
   7.1717171717171722        1.6161616161616161        300.90645837938649     
   7.1717171717171722        1.6666666666666667        300.90639632695462     
   7.1717171717171722        1.7171717171717171        300.90633605029882     
   7.1717171717171722        1.7676767676767677        300.90627752203210     
   7.1717171717171722        1.8181818181818181        300.90622071433216     
   7.1717171717171722        1.8686868686868687        300.90616559897671     
   7.1717171717171722        1.9191919191919191        300.90611214737925     
   7.1717171717171722        1.9696969696969697        300.90606033062562     
   7.1717171717171722        2.0202020202020203        300.90601011951111     
   7.1717171717171722        2.0707070707070705        300.90596148457718     
   7.1717171717171722        2.1212121212121211        300.90591439614957     
   7.1717171717171722        2.1717171717171717        300.90586882437486     
   7.1717171717171722        2.2222222222222223        300.90582473925838     
   7.1717171717171722        2.2727272727272729        300.90578211070095     
   7.1717171717171722        2.3232323232323231        300.90574090853613     
   7.1717171717171722        2.3737373737373737        300.90570110256647     
   7.1717171717171722        2.4242424242424243        300.90566266259947     
   7.1717171717171722        2.4747474747474749        300.90562555848351     
   7.1717171717171722        2.5252525252525251        300.90558976014262     
   7.1717171717171722        2.5757575757575757        300.90555523761100     
   7.1717171717171722        2.6262626262626263        300.90552196106660     
   7.1717171717171722        2.6767676767676769        300.90548990086410     
   7.1717171717171722        2.7272727272727271        300.90545902756725     
   7.1717171717171722        2.7777777777777777        300.90542931198019     
   7.1717171717171722        2.8282828282828283        300.90540072517797     
   7.1717171717171722        2.8787878787878789        300.90537323853630     
   7.1717171717171722        2.9292929292929295        300.90534682376028     
   7.1717171717171722        2.9797979797979797        300.90532145291218     
   7.1717171717171722        3.0303030303030303        300.90529709843861     
   7.1717171717171722        3.0808080808080809        300.90527373319634     
   7.1717171717171722        3.1313131313131315        300.90525133047703     
   7.1717171717171722        3.1818181818181817        300.90522986403204     
   7.1717171717171722        3.2323232323232323        300.90520930809447     
   7.1717171717171722        3.2828282828282829        300.90518963740197     
   7.1717171717171722        3.3333333333333335        300.90517082721794     
   7.1717171717171722        3.3838383838383836        300.90515285335084     
   7.1717171717171722        3.4343434343434343        300.90513569217433     
   7.1717171717171722        3.4848484848484849        300.90511932064470     
   7.1717171717171722        3.5353535353535355        300.90510371631888     
   7.1717171717171722        3.5858585858585861        300.90508885737029     
   7.1717171717171722        3.6363636363636362        300.90507472260413     
   7.1717171717171722        3.6868686868686869        300.90506129147246     
   7.1717171717171722        3.7373737373737375        300.90504854408732     
   7.1717171717171722        3.7878787878787881        300.90503646123386     
   7.1717171717171722        3.8383838383838382        300.90502502438198     
   7.1717171717171722        3.8888888888888888        300.90501421569769     
   7.1717171717171722        3.9393939393939394        300.90500401805321     
   7.1717171717171722        3.9898989898989901        300.90499441503653     
   7.1717171717171722        4.0404040404040407        300.90498539096018     
   7.1717171717171722        4.0909090909090908        300.90497693086922     
   7.1717171717171722        4.1414141414141410        300.90496902054866     
   7.1717171717171722        4.1919191919191920        300.90496164652978     
   7.1717171717171722        4.2424242424242422        300.90495479609626     
   7.1717171717171722        4.2929292929292933        300.90494845728944     
   7.1717171717171722        4.3434343434343434        300.90494261891297     
   7.1717171717171722        4.3939393939393936        300.90493727053649     
   7.1717171717171722        4.4444444444444446        300.90493240249964     
   7.1717171717171722        4.4949494949494948        300.90492800591426     
   7.1717171717171722        4.5454545454545459        300.90492407266731     
   7.1717171717171722        4.5959595959595960        300.90492059542214     
   7.1717171717171722        4.6464646464646462        300.90491756761986     
   7.1717171717171722        4.6969696969696972        300.90491498348001     
   7.1717171717171722        4.7474747474747474        300.90491283800088     
   7.1717171717171722        4.7979797979797976        300.90491112695889     
   7.1717171717171722        4.8484848484848486        300.90490984690814     
   7.1717171717171722        4.8989898989898988        300.90490899517880     
   7.1717171717171722        4.9494949494949498        300.90490856987566     
   7.1717171717171722        5.0000000000000000        300.90490856987572     

   7.2727272727272725        0.0000000000000000        300.80831394169962     
   7.2727272727272725        5.0505050505050504E-002   300.80831394169962     
   7.2727272727272725       0.10101010101010101        300.80822944936773     
   7.2727272727272725       0.15151515151515152        300.80811839381346     
   7.2727272727272725       0.20202020202020202        300.80800004550679     
   7.2727272727272725       0.25252525252525254        300.80788080757748     
   7.2727272727272725       0.30303030303030304        300.80776280202116     
   7.2727272727272725       0.35353535353535354        300.80764672692663     
   7.2727272727272725       0.40404040404040403        300.80753280685411     
   7.2727272727272725       0.45454545454545453        300.80742110879754     
   7.2727272727272725       0.50505050505050508        300.80731164716133     
   7.2727272727272725       0.55555555555555558        300.80720441860001     
   7.2727272727272725       0.60606060606060608        300.80709941355400     
   7.2727272727272725       0.65656565656565657        300.80699662004531     
   7.2727272727272725       0.70707070707070707        300.80689602490708     
   7.2727272727272725       0.75757575757575757        300.80679761416388     
   7.2727272727272725       0.80808080808080807        300.80670137313280     
   7.2727272727272725       0.85858585858585856        300.80660728643755     
   7.2727272727272725       0.90909090909090906        300.80651533799573     
   7.2727272727272725       0.95959595959595956        300.80642551100181     
   7.2727272727272725        1.0101010101010102        300.80633778791281     
   7.2727272727272725        1.0606060606060606        300.80625215043756     
   7.2727272727272725        1.1111111111111112        300.80616857953225     
   7.2727272727272725        1.1616161616161615        300.80608705539959     
   7.2727272727272725        1.2121212121212122        300.80600755749367     
   7.2727272727272725        1.2626262626262625        300.80593006452915     
   7.2727272727272725        1.3131313131313131        300.80585455449375     
   7.2727272727272725        1.3636363636363635        300.80578100466579     
   7.2727272727272725        1.4141414141414141        300.80570939163368     
   7.2727272727272725        1.4646464646464648        300.80563969131919     
   7.2727272727272725        1.5151515151515151        300.80557187900348     
   7.2727272727272725        1.5656565656565657        300.80550592935469     
   7.2727272727272725        1.6161616161616161        300.80544181645848     
   7.2727272727272725        1.6666666666666667        300.80537951384974     
   7.2727272727272725        1.7171717171717171        300.80531899454570     
   7.2727272727272725        1.7676767676767677        300.80526023108087     
   7.2727272727272725        1.8181818181818181        300.80520319554262     
   7.2727272727272725        1.8686868686868687        300.80514785960759     
   7.2727272727272725        1.9191919191919191        300.80509419457900     
   7.2727272727272725        1.9696969696969697        300.80504217142425     
   7.2727272727272725        2.0202020202020203        300.80499176081281     
   7.2727272727272725        2.0707070707070705        300.80494293315456     
   7.2727272727272725        2.1212121212121211        300.80489565863843     
   7.2727272727272725        2.1717171717171717        300.80484990727001     
   7.2727272727272725        2.2222222222222223        300.80480564891019     
   7.2727272727272725        2.2727272727272729        300.80476285331275     
   7.2727272727272725        2.3232323232323231        300.80472149016231     
   7.2727272727272725        2.3737373737373737        300.80468152911089     
   7.2727272727272725        2.4242424242424243        300.80464293981515     
   7.2727272727272725        2.4747474747474749        300.80460569197214     
   7.2727272727272725        2.5252525252525251        300.80456975535486     
   7.2727272727272725        2.5757575757575757        300.80453509984727     
   7.2727272727272725        2.6262626262626263        300.80450169547805     
   7.2727272727272725        2.6767676767676769        300.80446951245438     
   7.2727272727272725        2.7272727272727271        300.80443852119402     
   7.2727272727272725        2.7777777777777777        300.80440869235701     
   7.2727272727272725        2.8282828282828283        300.80437999687700     
   7.2727272727272725        2.8787878787878789        300.80435240599064     
   7.2727272727272725        2.9292929292929295        300.80432589126667     
   7.2727272727272725        2.9797979797979797        300.80430042463394     
   7.2727272727272725        3.0303030303030303        300.80427597840867     
   7.2727272727272725        3.0808080808080809        300.80425252532029     
   7.2727272727272725        3.1313131313131315        300.80423003853673     
   7.2727272727272725        3.1818181818181817        300.80420849168837     
   7.2727272727272725        3.2323232323232323        300.80418785889140     
   7.2727272727272725        3.2828282828282829        300.80416811476960     
   7.2727272727272725        3.3333333333333335        300.80414923447614     
   7.2727272727272725        3.3838383838383836        300.80413119371298     
   7.2727272727272725        3.4343434343434343        300.80411396875041     
   7.2727272727272725        3.4848484848484849        300.80409753644562     
   7.2727272727272725        3.5353535353535355        300.80408187425934     
   7.2727272727272725        3.5858585858585861        300.80406696027245     
   7.2727272727272725        3.6363636363636362        300.80405277320170     
   7.2727272727272725        3.6868686868686869        300.80403929241368     
   7.2727272727272725        3.7373737373737375        300.80402649793876     
   7.2727272727272725        3.7878787878787881        300.80401437048386     
   7.2727272727272725        3.8383838383838382        300.80400289144399     
   7.2727272727272725        3.8888888888888888        300.80399204291371     
   7.2727272727272725        3.9393939393939394        300.80398180769731     
   7.2727272727272725        3.9898989898989901        300.80397216931800     
   7.2727272727272725        4.0404040404040407        300.80396311202691     
   7.2727272727272725        4.0909090909090908        300.80395462081106     
   7.2727272727272725        4.1414141414141410        300.80394668140036     
   7.2727272727272725        4.1919191919191920        300.80393928027428     
   7.2727272727272725        4.2424242424242422        300.80393240466793     
   7.2727272727272725        4.2929292929292933        300.80392604257696     
   7.2727272727272725        4.3434343434343434        300.80392018276240     
   7.2727272727272725        4.3939393939393936        300.80391481475448     
   7.2727272727272725        4.4444444444444446        300.80390992885600     
   7.2727272727272725        4.4949494949494948        300.80390551614516     
   7.2727272727272725        4.5454545454545459        300.80390156847812     
   7.2727272727272725        4.5959595959595960        300.80389807849019     
   7.2727272727272725        4.6464646464646462        300.80389503959731     
   7.2727272727272725        4.6969696969696972        300.80389244599655     
   7.2727272727272725        4.7474747474747474        300.80389029266649     
   7.2727272727272725        4.7979797979797976        300.80388857536695     
   7.2727272727272725        4.8484848484848486        300.80388729063759     
   7.2727272727272725        4.8989898989898988        300.80388643579710     
   7.2727272727272725        4.9494949494949498        300.80388600894145     
   7.2727272727272725        5.0000000000000000        300.80388600894145     

   7.3737373737373737        0.0000000000000000        300.70704663521474     
   7.3737373737373737        5.0505050505050504E-002   300.70704663521474     
   7.3737373737373737       0.10101010101010101        300.70696224150186     
   7.3737373737373737       0.15151515151515152        300.70685127497239     
   7.3737373737373737       0.20202020202020202        300.70673299453296     
   7.3737373737373737       0.25252525252525254        300.70661380776039     
   7.3737373737373737       0.30303030303030304        300.70649584107122     
   7.3737373737373737       0.35353535353535354        300.70637979520438     
   7.3737373737373737       0.40404040404040403        300.70626589621133     
   7.3737373737373737       0.45454545454545453        300.70615421201330     
   7.3737373737373737       0.50505050505050508        300.70604475770307     
   7.3737373737373737       0.55555555555555558        300.70593753053026     
   7.3737373737373737       0.60606060606060608        300.70583252149441     
   7.3737373737373737       0.65656565656565657        300.70572971915954     
   7.3737373737373737       0.70707070707070707        300.70562911088689     
   7.3737373737373737       0.75757575757575757        300.70553068321300     
   7.3737373737373737       0.80808080808080807        300.70543442194770     
   7.3737373737373737       0.85858585858585856        300.70534031218369     
   7.3737373737373737       0.90909090909090906        300.70524833828159     
   7.3737373737373737       0.95959595959595956        300.70515848385043     
   7.3737373737373737        1.0101010101010102        300.70507073173172     
   7.3737373737373737        1.0606060606060606        300.70498506398849     
   7.3737373737373737        1.1111111111111112        300.70490146190019     
   7.3737373737373737        1.1616161616161615        300.70481990596261     
   7.3737373737373737        1.2121212121212122        300.70474037589349     
   7.3737373737373737        1.2626262626262625        300.70466285064236     
   7.3737373737373737        1.3131313131313131        300.70458730840517     
   7.3737373737373737        1.3636363636363635        300.70451372664240     
   7.3737373737373737        1.4141414141414141        300.70444208210091     
   7.3737373737373737        1.4646464646464648        300.70437235083853     
   7.3737373737373737        1.5151515151515151        300.70430450825171     
   7.3737373737373737        1.5656565656565657        300.70423852910500     
   7.3737373737373737        1.6161616161616161        300.70417438756311     
   7.3737373737373737        1.6666666666666667        300.70411205722411     
   7.3737373737373737        1.7171717171717171        300.70405151115449     
   7.3737373737373737        1.7676767676767677        300.70399272192492     
   7.3737373737373737        1.8181818181818181        300.70393566164773     
   7.3737373737373737        1.8686868686868687        300.70388030201440     
   7.3737373737373737        1.9191919191919191        300.70382661433399     
   7.3737373737373737        1.9696969696969697        300.70377456957186     
   7.3737373737373737        2.0202020202020203        300.70372413838891     
   7.3737373737373737        2.0707070707070705        300.70367529118045     
   7.3737373737373737        2.1212121212121211        300.70362799811568     
   7.3737373737373737        2.1717171717171717        300.70358222917662     
   7.3737373737373737        2.2222222222222223        300.70353795419686     
   7.3737373737373737        2.2727272727272729        300.70349514290046     
   7.3737373737373737        2.3232323232323231        300.70345376493941     
   7.3737373737373737        2.3737373737373737        300.70341378993203     
   7.3737373737373737        2.4242424242424243        300.70337518749972     
   7.3737373737373737        2.4747474747474749        300.70333792730355     
   7.3737373737373737        2.5252525252525251        300.70330197908032     
   7.3737373737373737        2.5757575757575757        300.70326731267710     
   7.3737373737373737        2.6262626262626263        300.70323389808658     
   7.3737373737373737        2.6767676767676769        300.70320170547984     
   7.3737373737373737        2.7272727272727271        300.70317070523936     
   7.3737373737373737        2.7777777777777777        300.70314086799084     
   7.3737373737373737        2.8282828282828283        300.70311216463443     
   7.3737373737373737        2.8787878787878789        300.70308456637440     
   7.3737373737373737        2.9292929292929295        300.70305804474839     
   7.3737373737373737        2.9797979797979797        300.70303257165551     
   7.3737373737373737        3.0303030303030303        300.70300811938341     
   7.3737373737373737        3.0808080808080809        300.70298466063440     
   7.3737373737373737        3.1313131313131315        300.70296216855087     
   7.3737373737373737        3.1818181818181817        300.70294061673900     
   7.3737373737373737        3.2323232323232323        300.70291997929218     
   7.3737373737373737        3.2828282828282829        300.70290023081304     
   7.3737373737373737        3.3333333333333335        300.70288134643459     
   7.3737373737373737        3.3838383838383836        300.70286330184047     
   7.3737373737373737        3.4343434343434343        300.70284607328375     
   7.3737373737373737        3.4848484848484849        300.70282963760582     
   7.3737373737373737        3.5353535353535355        300.70281397225267     
   7.3737373737373737        3.5858585858585861        300.70279905529208     
   7.3737373737373737        3.6363636363636362        300.70278486542833     
   7.3737373737373737        3.6868686868686869        300.70277138201698     
   7.3737373737373737        3.7373737373737375        300.70275858507824     
   7.3737373737373737        3.7878787878787881        300.70274645530986     
   7.3737373737373737        3.8383838383838382        300.70273497409863     
   7.3737373737373737        3.8888888888888888        300.70272412353182     
   7.3737373737373737        3.9393939393939394        300.70271388640680     
   7.3737373737373737        3.9898989898989901        300.70270424624096     
   7.3737373737373737        4.0404040404040407        300.70269518728026     
   7.3737373737373737        4.0909090909090908        300.70268669450678     
   7.3737373737373737        4.1414141414141410        300.70267875364624     
   7.3737373737373737        4.1919191919191920        300.70267135117456     
   7.3737373737373737        4.2424242424242422        300.70266447432329     
   7.3737373737373737        4.2929292929292933        300.70265811108516     
   7.3737373737373737        4.3434343434343434        300.70265225021848     
   7.3737373737373737        4.3939393939393936        300.70264688125098     
   7.3737373737373737        4.4444444444444446        300.70264199448320     
   7.3737373737373737        4.4949494949494948        300.70263758099151     
   7.3737373737373737        4.5454545454545459        300.70263363262973     
   7.3737373737373737        4.5959595959595960        300.70263014203147     
   7.3737373737373737        4.6464646464646462        300.70262710261085     
   7.3737373737373737        4.6969696969696972        300.70262450856319     
   7.3737373737373737        4.7474747474747474        300.70262235486535     
   7.3737373737373737        4.7979797979797976        300.70262063727523     
   7.3737373737373737        4.8484848484848486        300.70261935233071     
   7.3737373737373737        4.8989898989898988        300.70261849734874     
   7.3737373737373737        4.9494949494949498        300.70261807042328     
   7.3737373737373737        5.0000000000000000        300.70261807042334     

   7.4747474747474749        0.0000000000000000        300.60551761092211     
   7.4747474747474749        5.0505050505050504E-002   300.60551761092211     
   7.4747474747474749       0.10101010101010101        300.60543363432936     
   7.4747474747474749       0.15151515151515152        300.60532317471336     
   7.4747474747474749       0.20202020202020202        300.60520540646513     
   7.4747474747474749       0.25252525252525254        300.60508671737438     
   7.4747474747474749       0.30303030303030304        300.60496923028040     
   7.4747474747474749       0.35353535353535354        300.60485364598657     
   7.4747474747474749       0.40404040404040403        300.60474019125576     
   7.4747474747474749       0.45454545454545453        300.60462893476165     
   7.4747474747474749       0.50505050505050508        300.60451989231308     
   7.4747474747474749       0.55555555555555558        300.60441306185169     
   7.4747474747474749       0.60606060606060608        300.60430843505588     
   7.4747474747474749       0.65656565656565657        300.60420600115896     
   7.4747474747474749       0.70707070707070707        300.60410574817888     
   7.4747474747474749       0.75757575757575757        300.60400766329201     
   7.4747474747474749       0.80808080808080807        300.60391173292618     
   7.4747474747474749       0.85858585858585856        300.60381794276680     
   7.4747474747474749       0.90909090909090906        300.60372627773819     
   7.4747474747474749       0.95959595959595956        300.60363672198253     
   7.4747474747474749        1.0101010101010102        300.60354925884229     
   7.4747474747474749        1.0606060606060606        300.60346387084894     
   7.4747474747474749        1.1111111111111112        300.60338053971810     
   7.4747474747474749        1.1616161616161615        300.60329924634999     
   7.4747474747474749        1.2121212121212122        300.60321997083628     
   7.4747474747474749        1.2626262626262625        300.60314269247129     
   7.4747474747474749        1.3131313131313131        300.60306738976828     
   7.4747474747474749        1.3636363636363635        300.60299404047942     
   7.4747474747474749        1.4141414141414141        300.60292262161886     
   7.4747474747474749        1.4646464646464648        300.60285310948996     
   7.4747474747474749        1.5151515151515151        300.60278547971450     
   7.4747474747474749        1.5656565656565657        300.60271970726370     
   7.4747474747474749        1.6161616161616161        300.60265576649232     
   7.4747474747474749        1.6666666666666667        300.60259363117336     
   7.4747474747474749        1.7171717171717171        300.60253327453466     
   7.4747474747474749        1.7676767676767677        300.60247466929610     
   7.4747474747474749        1.8181818181818181        300.60241778770870     
   7.4747474747474749        1.8686868686868687        300.60236260159286     
   7.4747474747474749        1.9191919191919191        300.60230908237844     
   7.4747474747474749        1.9696969696969697        300.60225720114408     
   7.4747474747474749        2.0202020202020203        300.60220692865761     
   7.4747474747474749        2.0707070707070705        300.60215823541597     
   7.4747474747474749        2.1212121212121211        300.60211109168512     
   7.4747474747474749        2.1717171717171717        300.60206546753960     
   7.4747474747474749        2.2222222222222223        300.60202133290250     
   7.4747474747474749        2.2727272727272729        300.60197865758397     
   7.4747474747474749        2.3232323232323231        300.60193741132002     
   7.4747474747474749        2.3737373737373737        300.60189756381089     
   7.4747474747474749        2.4242424242424243        300.60185908475813     
   7.4747474747474749        2.4747474747474749        300.60182194390165     
   7.4747474747474749        2.5252525252525251        300.60178611105601     
   7.4747474747474749        2.5757575757575757        300.60175155614547     
   7.4747474747474749        2.6262626262626263        300.60171824923856     
   7.4747474747474749        2.6767676767676769        300.60168616058212     
   7.4747474747474749        2.7272727272727271        300.60165526063389     
   7.4747474747474749        2.7777777777777777        300.60162552009439     
   7.4747474747474749        2.8282828282828283        300.60159690993822     
   7.4747474747474749        2.8787878787878789        300.60156940144395     
   7.4747474747474749        2.9292929292929295        300.60154296622306     
   7.4747474747474749        2.9797979797979797        300.60151757624845     
   7.4747474747474749        3.0303030303030303        300.60149320388120     
   7.4747474747474749        3.0808080808080809        300.60146982189673     
   7.4747474747474749        3.1313131313131315        300.60144740351006     
   7.4747474747474749        3.1818181818181817        300.60142592239947     
   7.4747474747474749        3.2323232323232323        300.60140535273024     
   7.4747474747474749        3.2828282828282829        300.60138566917612     
   7.4747474747474749        3.3333333333333335        300.60136684694049     
   7.4747474747474749        3.3838383838383836        300.60134886177673     
   7.4747474747474749        3.4343434343434343        300.60133169000682     
   7.4747474747474749        3.4848484848484849        300.60131530853977     
   7.4747474747474749        3.5353535353535355        300.60129969488861     
   7.4747474747474749        3.5858585858585861        300.60128482718665     
   7.4747474747474749        3.6363636363636362        300.60127068420269     
   7.4747474747474749        3.6868686868686869        300.60125724535527     
   7.4747474747474749        3.7373737373737375        300.60124449072623     
   7.4747474747474749        3.7878787878787881        300.60123240107333     
   7.4747474747474749        3.8383838383838382        300.60122095784180     
   7.4747474747474749        3.8888888888888888        300.60121014317536     
   7.4747474747474749        3.9393939393939394        300.60119993992646     
   7.4747474747474749        3.9898989898989901        300.60119033166535     
   7.4747474747474749        4.0404040404040407        300.60118130268864     
   7.4747474747474749        4.0909090909090908        300.60117283802731     
   7.4747474747474749        4.1414141414141410        300.60116492345372     
   7.4747474747474749        4.1919191919191920        300.60115754548821     
   7.4747474747474749        4.2424242424242422        300.60115069140426     
   7.4747474747474749        4.2929292929292933        300.60114434923418     
   7.4747474747474749        4.3434343434343434        300.60113850777378     
   7.4747474747474749        4.3939393939393936        300.60113315658532     
   7.4747474747474749        4.4444444444444446        300.60112828600160     
   7.4747474747474749        4.4949494949494948        300.60112388712849     
   7.4747474747474749        4.5454545454545459        300.60111995184695     
   7.4747474747474749        4.5959595959595960        300.60111647281474     
   7.4747474747474749        4.6464646464646462        300.60111344346763     
   7.4747474747474749        4.6969696969696972        300.60111085801987     
   7.4747474747474749        4.7474747474747474        300.60110871146441     
   7.4747474747474749        4.7979797979797976        300.60110699957249     
   7.4747474747474749        4.8484848484848486        300.60110571889265     
   7.4747474747474749        4.8989898989898988        300.60110486674961     
   7.4747474747474749        4.9494949494949498        300.60110444124257     
   7.4747474747474749        5.0000000000000000        300.60110444124257     

   7.5757575757575761        0.0000000000000000        300.50372753982066     
   7.5757575757575761        5.0505050505050504E-002   300.50372753982066     
   7.5757575757575761       0.10101010101010101        300.50364429711692     
   7.5757575757575761       0.15151515151515152        300.50353476014067     
   7.5757575757575761       0.20202020202020202        300.50341794615571     
   7.5757575757575761       0.25252525252525254        300.50330019901662     
   7.5757575757575761       0.30303030303030304        300.50318363001077     
   7.5757575757575761       0.35353535353535354        300.50306893743016     
   7.5757575757575761       0.40404040404040403        300.50295634797766     
   7.5757575757575761       0.45454545454545453        300.50284593091169     
   7.5757575757575761       0.50505050505050508        300.50273770279370     
   7.5757575757575761       0.55555555555555558        300.50263166236095     
   7.5757575757575761       0.60606060606060608        300.50252780209740     
   7.5757575757575761       0.65656565656565657        300.50242611203771     
   7.5757575757575761       0.70707070707070707        300.50232658098912     
   7.5757575757575761       0.75757575757575757        300.50222919689827     
   7.5757575757575761       0.80808080808080807        300.50213394693844     
   7.5757575757575761       0.85858585858585856        300.50204081751156     
   7.5757575757575761       0.90909090909090906        300.50194979422633     
   7.5757575757575761       0.95959595959595956        300.50186086187523     
   7.5757575757575761        1.0101010101010102        300.50177400441618     
   7.5757575757575761        1.0606060606060606        300.50168920496134     
   7.5757575757575761        1.1111111111111112        300.50160644577232     
   7.5757575757575761        1.1616161616161615        300.50152570826219     
   7.5757575757575761        1.2121212121212122        300.50144697300362     
   7.5757575757575761        1.2626262626262625        300.50137021974228     
   7.5757575757575761        1.3131313131313131        300.50129542741456     
   7.5757575757575761        1.3636363636363635        300.50122257416973     
   7.5757575757575761        1.4141414141414141        300.50115163739571     
   7.5757575757575761        1.4646464646464648        300.50108259374753     
   7.5757575757575761        1.5151515151515151        300.50101541917894     
   7.5757575757575761        1.5656565656565657        300.50095008897529     
   7.5757575757575761        1.6161616161616161        300.50088657778963     
   7.5757575757575761        1.6666666666666667        300.50082485967869     
   7.5757575757575761        1.7171717171717171        300.50076490814160     
   7.5757575757575761        1.7676767676767677        300.50070669615826     
   7.5757575757575761        1.8181818181818181        300.50065019622940     
   7.5757575757575761        1.8686868686868687        300.50059538041700     
   7.5757575757575761        1.9191919191919191        300.50054222038409     
   7.5757575757575761        1.9696969696969697        300.50049068743652     
   7.5757575757575761        2.0202020202020203        300.50044075256312     
   7.5757575757575761        2.0707070707070705        300.50039238647679     
   7.5757575757575761        2.1212121212121211        300.50034555965505     
   7.5757575757575761        2.1717171717171717        300.50030024238026     
   7.5757575757575761        2.2222222222222223        300.50025640477975     
   7.5757575757575761        2.2727272727272729        300.50021401686524     
   7.5757575757575761        2.3232323232323231        300.50017304857181     
   7.5757575757575761        2.3737373737373737        300.50013346979625     
   7.5757575757575761        2.4242424242424243        300.50009525043487     
   7.5757575757575761        2.4747474747474749        300.50005836042044     
   7.5757575757575761        2.5252525252525251        300.50002276975852     
   7.5757575757575761        2.5757575757575757        300.49998844856287     
   7.5757575757575761        2.6262626262626263        300.49995536709019     
   7.5757575757575761        2.6767676767676769        300.49992349577371     
   7.5757575757575761        2.7272727272727271        300.49989280525620     
   7.5757575757575761        2.7777777777777777        300.49986326642170     
   7.5757575757575761        2.8282828282828283        300.49983485042668     
   7.5757575757575761        2.8787878787878789        300.49980752872995     
   7.5757575757575761        2.9292929292929295        300.49978127312176     
   7.5757575757575761        2.9797979797979797        300.49975605575156     
   7.5757575757575761        3.0303030303030303        300.49973184915524     
   7.5757575757575761        3.0808080808080809        300.49970862628112     
   7.5757575757575761        3.1313131313131315        300.49968636051483     
   7.5757575757575761        3.1818181818181817        300.49966502570288     
   7.5757575757575761        3.2323232323232323        300.49964459617632     
   7.5757575757575761        3.2828282828282829        300.49962504677217     
   7.5757575757575761        3.3333333333333335        300.49960635285436     
   7.5757575757575761        3.3838383838383836        300.49958849033379     
   7.5757575757575761        3.4343434343434343        300.49957143568690     
   7.5757575757575761        3.4848484848484849        300.49955516597413     
   7.5757575757575761        3.5353535353535355        300.49953965885646     
   7.5757575757575761        3.5858585858585861        300.49952489261159     
   7.5757575757575761        3.6363636363636362        300.49951084614918     
   7.5757575757575761        3.6868686868686869        300.49949749902476     
   7.5757575757575761        3.7373737373737375        300.49948483145329     
   7.5757575757575761        3.7878787878787881        300.49947282432157     
   7.5757575757575761        3.8383838383838382        300.49946145919967     
   7.5757575757575761        3.8888888888888888        300.49945071835191     
   7.5757575757575761        3.9393939393939394        300.49944058474682     
   7.5757575757575761        3.9898989898989901        300.49943104206619     
   7.5757575757575761        4.0404040404040407        300.49942207471344     
   7.5757575757575761        4.0909090909090908        300.49941366782184     
   7.5757575757575761        4.1414141414141410        300.49940580726104     
   7.5757575757575761        4.1919191919191920        300.49939847964362     
   7.5757575757575761        4.2424242424242422        300.49939167233060     
   7.5757575757575761        4.2929292929292933        300.49938537343650     
   7.5757575757575761        4.3434343434343434        300.49937957183386     
   7.5757575757575761        4.3939393939393936        300.49937425715723     
   7.5757575757575761        4.4444444444444446        300.49936941980570     
   7.5757575757575761        4.4949494949494948        300.49936505094649     
   7.5757575757575761        4.5454545454545459        300.49936114251619     
   7.5757575757575761        4.5959595959595960        300.49935768722321     
   7.5757575757575761        4.6464646464646462        300.49935467854817     
   7.5757575757575761        4.6969696969696972        300.49935211074484     
   7.5757575757575761        4.7474747474747474        300.49934997884014     
   7.5757575757575761        4.7979797979797976        300.49934827863376     
   7.5757575757575761        4.8484848484848486        300.49934700669723     
   7.5757575757575761        4.8989898989898988        300.49934616037302     
   7.5757575757575761        4.9494949494949498        300.49934573777210     
   7.5757575757575761        5.0000000000000000        300.49934573777216     

   7.6767676767676765        0.0000000000000000        300.40167808338481     
   7.6767676767676765        5.0505050505050504E-002   300.40167808338481     
   7.6767676767676765       0.10101010101010101        300.40159588833637     
   7.6767676767676765       0.15151515151515152        300.40148768588853     
   7.6767676767676765       0.20202020202020202        300.40137226419637     
   7.6767676767676765       0.25252525252525254        300.40125589921485     
   7.6767676767676765       0.30303030303030304        300.40114068276182     
   7.6767676767676765       0.35353535353535354        300.40102730806484     
   7.6767676767676765       0.40404040404040403        300.40091600100823     
   7.6767676767676765       0.45454545454545453        300.40080683127945     
   7.6767676767676765       0.50505050505050508        300.40069981623776     
   7.6767676767676765       0.55555555555555558        300.40059495552896     
   7.6767676767676765       0.60606060606060608        300.40049224257564     
   7.6767676767676765       0.65656565656565657        300.40039166835209     
   7.6767676767676765       0.70707070707070707        300.40029322259142     
   7.6767676767676765       0.75757575757575757        300.40019689414339     
   7.6767676767676765       0.80808080808080807        300.40010267105544     
   7.6767676767676765       0.85858585858585856        300.40001054056955     
   7.6767676767676765       0.90909090909090906        300.39992048909835     
   7.6767676767676765       0.95959595959595956        300.39983250219984     
   7.6767676767676765        1.0101010101010102        300.39974656455928     
   7.6767676767676765        1.0606060606060606        300.39966265997788     
   7.6767676767676765        1.1111111111111112        300.39958077136947     
   7.6767676767676765        1.1616161616161615        300.39950088076438     
   7.6767676767676765        1.2121212121212122        300.39942296931940     
   7.6767676767676765        1.2626262626262625        300.39934701733341     
   7.6767676767676765        1.3131313131313131        300.39927300426780     
   7.6767676767676765        1.3636363636363635        300.39920090877069     
   7.6767676767676765        1.4141414141414141        300.39913070870534     
   7.6767676767676765        1.4646464646464648        300.39906238118090     
   7.6767676767676765        1.5151515151515151        300.39899590258597     
   7.6767676767676765        1.5656565656565657        300.39893124862414     
   7.6767676767676765        1.6161616161616161        300.39886839435110     
   7.6767676767676765        1.6666666666666667        300.39880731421340     
   7.6767676767676765        1.7171717171717171        300.39874798208803     
   7.6767676767676765        1.7676767676767677        300.39869037132257     
   7.6767676767676765        1.8181818181818181        300.39863445477658     
   7.6767676767676765        1.8686868686868687        300.39858020486253     
   7.6767676767676765        1.9191919191919191        300.39852759358780     
   7.6767676767676765        1.9696969696969697        300.39847659259630     
   7.6767676767676765        2.0202020202020203        300.39842717320977     
   7.6767676767676765        2.0707070707070705        300.39837930646951     
   7.6767676767676765        2.1212121212121211        300.39833296317755     
   7.6767676767676765        2.1717171717171717        300.39828811393727     
   7.6767676767676765        2.2222222222222223        300.39824472919389     
   7.6767676767676765        2.2727272727272729        300.39820277927419     
   7.6767676767676765        2.3232323232323231        300.39816223442563     
   7.6767676767676765        2.3737373737373737        300.39812306485493     
   7.6767676767676765        2.4242424242424243        300.39808524076614     
   7.6767676767676765        2.4747474747474749        300.39804873239746     
   7.6767676767676765        2.5252525252525251        300.39801351005781     
   7.6767676767676765        2.5757575757575757        300.39797954416167     
   7.6767676767676765        2.6262626262626263        300.39794680526455     
   7.6767676767676765        2.6767676767676769        300.39791526409590     
   7.6767676767676765        2.7272727272727271        300.39788489159207     
   7.6767676767676765        2.7777777777777777        300.39785565892845     
   7.6767676767676765        2.8282828282828283        300.39782753754980     
   7.6767676767676765        2.8787878787878789        300.39780049920023     
   7.6767676767676765        2.9292929292929295        300.39777451595228     
   7.6767676767676765        2.9797979797979797        300.39774956023439     
   7.6767676767676765        3.0303030303030303        300.39772560485773     
   7.6767676767676765        3.0808080808080809        300.39770262304245     
   7.6767676767676765        3.1313131313131315        300.39768058844169     
   7.6767676767676765        3.1818181818181817        300.39765947516582     
   7.6767676767676765        3.2323232323232323        300.39763925780500     
   7.6767676767676765        3.2828282828282829        300.39761991145082     
   7.6767676767676765        3.3333333333333335        300.39760141171718     
   7.6767676767676765        3.3838383838383836        300.39758373475968     
   7.6767676767676765        3.4343434343434343        300.39756685729452     
   7.6767676767676765        3.4848484848484849        300.39755075661611     
   7.6767676767676765        3.5353535353535355        300.39753541061401     
   7.6767676767676765        3.5858585858585861        300.39752079778879     
   7.6767676767676765        3.6363636363636362        300.39750689726668     
   7.6767676767676765        3.6868686868686869        300.39749368881377     
   7.6767676767676765        3.7373737373737375        300.39748115284908     
   7.6767676767676765        3.7878787878787881        300.39746927045707     
   7.6767676767676765        3.8383838383838382        300.39745802339866     
   7.6767676767676765        3.8888888888888888        300.39744739412220     
   7.6767676767676765        3.9393939393939394        300.39743736577316     
   7.6767676767676765        3.9898989898989901        300.39742792220312     
   7.6767676767676765        4.0404040404040407        300.39741904797830     
   7.6767676767676765        4.0909090909090908        300.39741072838706     
   7.6767676767676765        4.1414141414141410        300.39740294944676     
   7.6767676767676765        4.1919191919191920        300.39739569790981     
   7.6767676767676765        4.2424242424242422        300.39738896126983     
   7.6767676767676765        4.2929292929292933        300.39738272776583     
   7.6767676767676765        4.3434343434343434        300.39737698638709     
   7.6767676767676765        4.3939393939393936        300.39737172687660     
   7.6767676767676765        4.4444444444444446        300.39736693973447     
   7.6767676767676765        4.4949494949494948        300.39736261622033     
   7.6767676767676765        4.5454545454545459        300.39735874835549     
   7.6767676767676765        4.5959595959595960        300.39735532892456     
   7.6767676767676765        4.6464646464646462        300.39735235147646     
   7.6767676767676765        4.6969696969696972        300.39734981032478     
   7.6767676767676765        4.7474747474747474        300.39734770054838     
   7.6767676767676765        4.7979797979797976        300.39734601799040     
   7.6767676767676765        4.8484848484848486        300.39734475925775     
   7.6767676767676765        4.8989898989898988        300.39734392171988     
   7.6767676767676765        4.9494949494949498        300.39734350350676     
   7.6767676767676765        5.0000000000000000        300.39734350350676     

   7.7777777777777777        0.0000000000000000        300.29937188706543     
   7.7777777777777777        5.0505050505050504E-002   300.29937188706543     
   7.7777777777777777       0.10101010101010101        300.29929104917721     
   7.7777777777777777       0.15151515151515152        300.29918458764536     
   7.7777777777777777       0.20202020202020202        300.29907099045261     
   7.7777777777777777       0.25252525252525254        300.29895644197069     
   7.7777777777777777       0.30303030303030304        300.29884300672143     
   7.7777777777777777       0.35353535353535354        300.29873137035025     
   7.7777777777777777       0.40404040404040403        300.29862175718472     
   7.7777777777777777       0.45454545454545453        300.29851423719913     
   7.7777777777777777       0.50505050505050508        300.29840882860788     
   7.7777777777777777       0.55555555555555558        300.29830553208808     
   7.7777777777777777       0.60606060606060608        300.29820434214230     
   7.7777777777777777       0.65656565656565657        300.29810525082866     
   7.7777777777777777       0.70707070707070707        300.29800824894687     
   7.7777777777777777       0.75757575757575757        300.29791332638501     
   7.7777777777777777       0.80808080808080807        300.29782047219339     
   7.7777777777777777       0.85858585858585856        300.29772967457745     
   7.7777777777777777       0.90909090909090906        300.29764092087055     
   7.7777777777777777       0.95959595959595956        300.29755419750865     
   7.7777777777777777        1.0101010101010102        300.29746949001179     
   7.7777777777777777        1.0606060606060606        300.29738678297440     
   7.7777777777777777        1.1111111111111112        300.29730606006422     
   7.7777777777777777        1.1616161616161615        300.29722730402790     
   7.7777777777777777        1.2121212121212122        300.29715049670403     
   7.7777777777777777        1.2626262626262625        300.29707561904189     
   7.7777777777777777        1.3131313131313131        300.29700265112422     
   7.7777777777777777        1.3636363636363635        300.29693157219464     
   7.7777777777777777        1.4141414141414141        300.29686236068875     
   7.7777777777777777        1.4646464646464648        300.29679499426737     
   7.7777777777777777        1.5151515151515151        300.29672944985276     
   7.7777777777777777        1.5656565656565657        300.29666570366595     
   7.7777777777777777        1.6161616161616161        300.29660373126643     
   7.7777777777777777        1.6666666666666667        300.29654350759233     
   7.7777777777777777        1.7171717171717171        300.29648500700142     
   7.7777777777777777        1.7676767676767677        300.29642820331350     
   7.7777777777777777        1.8181818181818181        300.29637306985205     
   7.7777777777777777        1.8686868686868687        300.29631957948703     
   7.7777777777777777        1.9191919191919191        300.29626770467740     
   7.7777777777777777        1.9696969696969697        300.29621741751356     
   7.7777777777777777        2.0202020202020203        300.29616868975955     
   7.7777777777777777        2.0707070707070705        300.29612149289511     
   7.7777777777777777        2.1212121212121211        300.29607579815729     
   7.7777777777777777        2.1717171717171717        300.29603157658141     
   7.7777777777777777        2.2222222222222223        300.29598879904165     
   7.7777777777777777        2.2727272727272729        300.29594743629156     
   7.7777777777777777        2.3232323232323231        300.29590745900225     
   7.7777777777777777        2.3737373737373737        300.29586883780212     
   7.7777777777777777        2.4242424242424243        300.29583154331391     
   7.7777777777777777        2.4747474747474749        300.29579554619215     
   7.7777777777777777        2.5252525252525251        300.29576081715942     
   7.7777777777777777        2.5757575757575757        300.29572732704082     
   7.7777777777777777        2.6262626262626263        300.29569504679961     
   7.7777777777777777        2.6767676767676769        300.29566394756961     
   7.7777777777777777        2.7272727272727271        300.29563400068827     
   7.7777777777777777        2.7777777777777777        300.29560517772825     
   7.7777777777777777        2.8282828282828283        300.29557745052767     
   7.7777777777777777        2.8787878787878789        300.29555079121985     
   7.7777777777777777        2.9292929292929295        300.29552517226193     
   7.7777777777777777        2.9797979797979797        300.29550056646218     
   7.7777777777777777        3.0303030303030303        300.29547694700665     
   7.7777777777777777        3.0808080808080809        300.29545428748469     
   7.7777777777777777        3.1313131313131315        300.29543256191334     
   7.7777777777777777        3.1818181818181817        300.29541174476060     
   7.7777777777777777        3.2323232323232323        300.29539181096834     
   7.7777777777777777        3.2828282828282829        300.29537273597305     
   7.7777777777777777        3.3333333333333335        300.29535449572683     
   7.7777777777777777        3.3838383838383836        300.29533706671634     
   7.7777777777777777        3.4343434343434343        300.29532042598163     
   7.7777777777777777        3.4848484848484849        300.29530455113320     
   7.7777777777777777        3.5353535353535355        300.29528942036870     
   7.7777777777777777        3.5858585858585861        300.29527501248901     
   7.7777777777777777        3.6363636363636362        300.29526130691204     
   7.7777777777777777        3.6868686868686869        300.29524828368704     
   7.7777777777777777        3.7373737373737375        300.29523592350762     
   7.7777777777777777        3.7878787878787881        300.29522420772338     
   7.7777777777777777        3.8383838383838382        300.29521311835163     
   7.7777777777777777        3.8888888888888888        300.29520263808752     
   7.7777777777777777        3.9393939393939394        300.29519275031373     
   7.7777777777777777        3.9898989898989901        300.29518343910945     
   7.7777777777777777        4.0404040404040407        300.29517468925849     
   7.7777777777777777        4.0909090909090908        300.29516648625702     
   7.7777777777777777        4.1414141414141410        300.29515881631988     
   7.7777777777777777        4.1919191919191920        300.29515166638686     
   7.7777777777777777        4.2424242424242422        300.29514502412815     
   7.7777777777777777        4.2929292929292933        300.29513887794951     
   7.7777777777777777        4.3434343434343434        300.29513321699596     
   7.7777777777777777        4.3939393939393936        300.29512803115580     
   7.7777777777777777        4.4444444444444446        300.29512331106349     
   7.7777777777777777        4.4949494949494948        300.29511904810255     
   7.7777777777777777        4.5454545454545459        300.29511523440721     
   7.7777777777777777        4.5959595959595960        300.29511186286402     
   7.7777777777777777        4.6464646464646462        300.29510892711306     
   7.7777777777777777        4.6969696969696972        300.29510642154850     
   7.7777777777777777        4.7474747474747474        300.29510434131805     
   7.7777777777777777        4.7979797979797976        300.29510268232372     
   7.7777777777777777        4.8484848484848486        300.29510144121974     
   7.7777777777777777        4.8989898989898988        300.29510061541214     
   7.7777777777777777        4.9494949494949498        300.29510020305668     
   7.7777777777777777        5.0000000000000000        300.29510020305673     

   7.8787878787878789        0.0000000000000000        300.19681256990481     
   7.8787878787878789        5.0505050505050504E-002   300.19681256990481     
   7.8787878787878789       0.10101010101010101        300.19673339317580     
   7.8787878787878789       0.15151515151515152        300.19662907180071     
   7.8787878787878789       0.20202020202020202        300.19651772372652     
   7.8787878787878789       0.25252525252525254        300.19640541843580     
   7.8787878787878789       0.30303030303030304        300.19629418545412     
   7.8787878787878789       0.35353535353535354        300.19618470037682     
   7.8787878787878789       0.40404040404040403        300.19607718526191     
   7.8787878787878789       0.45454545454545453        300.19597171024645     
   7.8787878787878789       0.50505050505050508        300.19586829447235     
   7.8787878787878789       0.55555555555555558        300.19576693978200     
   7.8787878787878789       0.60606060606060608        300.19566764190887     
   7.8787878787878789       0.65656565656565657        300.19557039414519     
   7.8787878787878789       0.70707070707070707        300.19547518850214     
   7.8787878787878789       0.75757575757575757        300.19538201604297     
   7.8787878787878789       0.80808080808080807        300.19529086694979     
   7.8787878787878789       0.85858585858585856        300.19520173051205     
   7.8787878787878789       0.90909090909090906        300.19511459509800     
   7.8787878787878789       0.95959595959595956        300.19502944812899     
   7.8787878787878789        1.0101010101010102        300.19494627606252     
   7.8787878787878789        1.0606060606060606        300.19486506438477     
   7.8787878787878789        1.1111111111111112        300.19478579761238     
   7.8787878787878789        1.1616161616161615        300.19470845930152     
   7.8787878787878789        1.2121212121212122        300.19463303206419     
   7.8787878787878789        1.2626262626262625        300.19455949759060     
   7.8787878787878789        1.3131313131313131        300.19448783667531     
   7.8787878787878789        1.3636363636363635        300.19441802924825     
   7.8787878787878789        1.4141414141414141        300.19435005440874     
   7.8787878787878789        1.4646464646464648        300.19428389046169     
   7.8787878787878789        1.5151515151515151        300.19421951495610     
   7.8787878787878789        1.5656565656565657        300.19415690472539     
   7.8787878787878789        1.6161616161616161        300.19409603592885     
   7.8787878787878789        1.6666666666666667        300.19403688409352     
   7.8787878787878789        1.7171717171717171        300.19397942415725     
   7.8787878787878789        1.7676767676767677        300.19392363051207     
   7.8787878787878789        1.8181818181818181        300.19386947704737     
   7.8787878787878789        1.8686868686868687        300.19381693719339     
   7.8787878787878789        1.9191919191919191        300.19376598396508     
   7.8787878787878789        1.9696969696969697        300.19371659000444     
   7.8787878787878789        2.0202020202020203        300.19366872762401     
   7.8787878787878789        2.0707070707070705        300.19362236884893     
   7.8787878787878789        2.1212121212121211        300.19357748545883     
   7.8787878787878789        2.1717171717171717        300.19353404902944     
   7.8787878787878789        2.2222222222222223        300.19349203097278     
   7.8787878787878789        2.2727272727272729        300.19345140257752     
   7.8787878787878789        2.3232323232323231        300.19341213504805     
   7.8787878787878789        2.3737373737373737        300.19337419954320     
   7.8787878787878789        2.4242424242424243        300.19333756721346     
   7.8787878787878789        2.4747474747474749        300.19330220923837     
   7.8787878787878789        2.5252525252525251        300.19326809686214     
   7.8787878787878789        2.5757575757575757        300.19323520142865     
   7.8787878787878789        2.6262626262626263        300.19320349441563     
   7.8787878787878789        2.6767676767676769        300.19317294746764     
   7.8787878787878789        2.7272727272727271        300.19314353242868     
   7.8787878787878789        2.7777777777777777        300.19311522137298     
   7.8787878787878789        2.8282828282828283        300.19308798663525     
   7.8787878787878789        2.8787878787878789        300.19306180083998     
   7.8787878787878789        2.9292929292929295        300.19303663692966     
   7.8787878787878789        2.9797979797979797        300.19301246819168     
   7.8787878787878789        3.0303030303030303        300.19298926828458     
   7.8787878787878789        3.0808080808080809        300.19296701126331     
   7.8787878787878789        3.1313131313131315        300.19294567160318     
   7.8787878787878789        3.1818181818181817        300.19292522422273     
   7.8787878787878789        3.2323232323232323        300.19290564450603     
   7.8787878787878789        3.2828282828282829        300.19288690832371     
   7.8787878787878789        3.3333333333333335        300.19286899205309     
   7.8787878787878789        3.3838383838383836        300.19285187259686     
   7.8787878787878789        3.4343434343434343        300.19283552740154     
   7.8787878787878789        3.4848484848484849        300.19281993447470     
   7.8787878787878789        3.5353535353535355        300.19280507240080     
   7.8787878787878789        3.5858585858585861        300.19279092035680     
   7.8787878787878789        3.6363636363636362        300.19277745812661     
   7.8787878787878789        3.6868686868686869        300.19276466611421     
   7.8787878787878789        3.7373737373737375        300.19275252535687     
   7.8787878787878789        3.7878787878787881        300.19274101753643     
   7.8787878787878789        3.8383838383838382        300.19273012499082     
   7.8787878787878789        3.8888888888888888        300.19271983072383     
   7.8787878787878789        3.9393939393939394        300.19271011841494     
   7.8787878787878789        3.9898989898989901        300.19270097242782     
   7.8787878787878789        4.0404040404040407        300.19269237781822     
   7.8787878787878789        4.0909090909090908        300.19268432034164     
   7.8787878787878789        4.1414141414141410        300.19267678645963     
   7.8787878787878789        4.1919191919191920        300.19266976334580     
   7.8787878787878789        4.2424242424242422        300.19266323889138     
   7.8787878787878789        4.2929292929292933        300.19265720170961     
   7.8787878787878789        4.3434343434343434        300.19265164114006     
   7.8787878787878789        4.3939393939393936        300.19264654725225     
   7.8787878787878789        4.4444444444444446        300.19264191084858     
   7.8787878787878789        4.4949494949494948        300.19263772346687     
   7.8787878787878789        4.5454545454545459        300.19263397738229     
   7.8787878787878789        4.5959595959595960        300.19263066560893     
   7.8787878787878789        4.6464646464646462        300.19262778190057     
   7.8787878787878789        4.6969696969696972        300.19262532075163     
   7.8787878787878789        4.7474747474747474        300.19262327739676     
   7.8787878787878789        4.7979797979797976        300.19262164781077     
   7.8787878787878789        4.8484848484848486        300.19262042870758     
   7.8787878787878789        4.8989898989898988        300.19261961753921     
   7.8787878787878789        4.9494949494949498        300.19261921249381     
   7.8787878787878789        5.0000000000000000        300.19261921249387     

   7.9797979797979801        0.0000000000000000        300.09400471031631     
   7.9797979797979801        5.0505050505050504E-002   300.09400471031631     
   7.9797979797979801       0.10101010101010101        300.09392749201447     
   7.9797979797979801       0.15151515151515152        300.09382570126519     
   7.9797979797979801       0.20202020202020202        300.09371701759613     
   7.9797979797979801       0.25252525252525254        300.09360737276955     
   7.9797979797979801       0.30303030303030304        300.09349875377507     
   7.9797979797979801       0.35353535353535354        300.09339182375385     
   7.9797979797979801       0.40404040404040403        300.09328680181534     
   7.9797979797979801       0.45454545454545453        300.09318375815860     
   7.9797979797979801       0.50505050505050508        300.09308271294225     
   7.9797979797979801       0.55555555555555558        300.09298366932194     
   7.9797979797979801       0.60606060606060608        300.09288662442299     
   7.9797979797979801       0.65656565656565657        300.09279157292917     
   7.9797979797979801       0.70707070707070707        300.09269850821153     
   7.9797979797979801       0.75757575757575757        300.09260742264627     
   7.9797979797979801       0.80808080808080807        300.09251830767477     
   7.9797979797979801       0.85858585858585856        300.09243115378791     
   7.9797979797979801       0.90909090909090906        300.09234595049782     
   7.9797979797979801       0.95959595959595956        300.09226268631289     
   7.9797979797979801        1.0101010101010102        300.09218134872407     
   7.9797979797979801        1.0606060606060606        300.09210192420039     
   7.9797979797979801        1.1111111111111112        300.09202439819529     
   7.9797979797979801        1.1616161616161615        300.09194875515988     
   7.9797979797979801        1.2121212121212122        300.09187497856368     
   7.9797979797979801        1.2626262626262625        300.09180305092121     
   7.9797979797979801        1.3131313131313131        300.09173295382249     
   7.9797979797979801        1.3636363636363635        300.09166466796762     
   7.9797979797979801        1.4141414141414141        300.09159817320460     
   7.9797979797979801        1.4646464646464648        300.09153344856844     
   7.9797979797979801        1.5151515151515151        300.09147047232278     
   7.9797979797979801        1.5656565656565657        300.09140922200265     
   7.9797979797979801        1.6161616161616161        300.09134967445783     
   7.9797979797979801        1.6666666666666667        300.09129180589707     
   7.9797979797979801        1.7171717171717171        300.09123559193245     
   7.9797979797979801        1.7676767676767677        300.09118100762430     
   7.9797979797979801        1.8181818181818181        300.09112802752526     
   7.9797979797979801        1.8686868686868687        300.09107662572512     
   7.9797979797979801        1.9191919191919191        300.09102677589470     
   7.9797979797979801        1.9696969696969697        300.09097845132965     
   7.9797979797979801        2.0202020202020203        300.09093162499352     
   7.9797979797979801        2.0707070707070705        300.09088626956043     
   7.9797979797979801        2.1212121212121211        300.09084235745740     
   7.9797979797979801        2.1717171717171717        300.09079986090529     
   7.9797979797979801        2.2222222222222223        300.09075875195964     
   7.9797979797979801        2.2727272727272729        300.09071900255060     
   7.9797979797979801        2.3232323232323231        300.09068058452181     
   7.9797979797979801        2.3737373737373737        300.09064346966892     
   7.9797979797979801        2.4242424242424243        300.09060762977651     
   7.9797979797979801        2.4747474747474749        300.09057303665497     
   7.9797979797979801        2.5252525252525251        300.09053966217630     
   7.9797979797979801        2.5757575757575757        300.09050747830781     
   7.9797979797979801        2.6262626262626263        300.09047645714679     
   7.9797979797979801        2.6767676767676769        300.09044657095257     
   7.9797979797979801        2.7272727272727271        300.09041779217836     
   7.9797979797979801        2.7777777777777777        300.09039009350226     
   7.9797979797979801        2.8282828282828283        300.09036344785676     
   7.9797979797979801        2.8787878787878789        300.09033782845745     
   7.9797979797979801        2.9292929292929295        300.09031320883065     
   7.9797979797979801        2.9797979797979797        300.09028956284010     
   7.9797979797979801        3.0303030303030303        300.09026686471276     
   7.9797979797979801        3.0808080808080809        300.09024508906344     
   7.9797979797979801        3.1313131313131315        300.09022421091822     
   7.9797979797979801        3.1818181818181817        300.09020420573694     
   7.9797979797979801        3.2323232323232323        300.09018504943538     
   7.9797979797979801        3.2828282828282829        300.09016671840538     
   7.9797979797979801        3.3333333333333335        300.09014918953471     
   7.9797979797979801        3.3838383838383836        300.09013244022555     
   7.9797979797979801        3.4343434343434343        300.09011644841223     
   7.9797979797979801        3.4848484848484849        300.09010119257846     
   7.9797979797979801        3.5353535353535355        300.09008665177242     
   7.9797979797979801        3.5858585858585861        300.09007280562241     
   7.9797979797979801        3.6363636363636362        300.09005963435061     
   7.9797979797979801        3.6868686868686869        300.09004711878600     
   7.9797979797979801        3.7373737373737375        300.09003524037769     
   7.9797979797979801        3.7878787878787881        300.09002398120526     
   7.9797979797979801        3.8383838383838382        300.09001332399043     
   7.9797979797979801        3.8888888888888888        300.09000325210656     
   7.9797979797979801        3.9393939393939394        300.08999374958796     
   7.9797979797979801        3.9898989898989901        300.08998480113871     
   7.9797979797979801        4.0404040404040407        300.08997639213993     
   7.9797979797979801        4.0909090909090908        300.08996850865731     
   7.9797979797979801        4.1414141414141410        300.08996113744723     
   7.9797979797979801        4.1919191919191920        300.08995426596306     
   7.9797979797979801        4.2424242424242422        300.08994788235975     
   7.9797979797979801        4.2929292929292933        300.08994197549879     
   7.9797979797979801        4.3434343434343434        300.08993653495230     
   7.9797979797979801        4.3939393939393936        300.08993155100643     
   7.9797979797979801        4.4444444444444446        300.08992701466400     
   7.9797979797979801        4.4949494949494948        300.08992291764753     
   7.9797979797979801        4.5454545454545459        300.08991925240053     
   7.9797979797979801        4.5959595959595960        300.08991601208942     
   7.9797979797979801        4.6464646464646462        300.08991319060414     
   7.9797979797979801        4.6969696969696972        300.08991078255889     
   7.9797979797979801        4.7474747474747474        300.08990878329206     
   7.9797979797979801        4.7979797979797976        300.08990718886611     
   7.9797979797979801        4.8484848484848486        300.08990599606625     
   7.9797979797979801        4.8989898989898988        300.08990520239962     
   7.9797979797979801        4.9494949494949498        300.08990480609367     
   7.9797979797979801        5.0000000000000000        300.08990480609373     

   8.0808080808080813        0.0000000000000000        299.99095382809594     
   8.0808080808080813        5.0505050505050504E-002   299.99095382809594     
   8.0808080808080813       0.10101010101010101        299.99087885755472     
   8.0808080808080813       0.15151515151515152        299.99077997752920     
   8.0808080808080813       0.20202020202020202        299.99067436249800     
   8.0808080808080813       0.25252525252525254        299.99056778424108     
   8.0808080808080813       0.30303030303030304        299.99046217986995     
   8.0808080808080813       0.35353535353535354        299.99035819774764     
   8.0808080808080813       0.40404040404040403        299.99025605339830     
   8.0808080808080813       0.45454545454545453        299.99015581700996     
   8.0808080808080813       0.50505050505050508        299.99005750986868     
   8.0808080808080813       0.55555555555555558        299.98996113660763     
   8.0808080808080813       0.60606060606060608        299.98986669591585     
   8.0808080808080813       0.65656565656565657        299.98977418403302     
   8.0808080808080813       0.70707070707070707        299.98968359584160     
   8.0808080808080813       0.75757575757575757        299.98959492516849     
   8.0808080808080813       0.80808080808080807        299.98950816483836     
   8.0808080808080813       0.85858585858585856        299.98942330665636     
   8.0808080808080813       0.90909090909090906        299.98934034138045     
   8.0808080808080813       0.95959595959595956        299.98925925870026     
   8.0808080808080813        1.0101010101010102        299.98918004722714     
   8.0808080808080813        1.0606060606060606        299.98910269449567     
   8.0808080808080813        1.1111111111111112        299.98902718697474     
   8.0808080808080813        1.1616161616161615        299.98895351008701     
   8.0808080808080813        1.2121212121212122        299.98888164823501     
   8.0808080808080813        1.2626262626262625        299.98881158483266     
   8.0808080808080813        1.3131313131313131        299.98874330234088     
   8.0808080808080813        1.3636363636363635        299.98867678230641     
   8.0808080808080813        1.4141414141414141        299.98861200540358     
   8.0808080808080813        1.4646464646464648        299.98854895147707     
   8.0808080808080813        1.5151515151515151        299.98848759958634     
   8.0808080808080813        1.5656565656565657        299.98842792805095     
   8.0808080808080813        1.6161616161616161        299.98836991449662     
   8.0808080808080813        1.6666666666666667        299.98831353590094     
   8.0808080808080813        1.7171717171717171        299.98825876863947     
   8.0808080808080813        1.7676767676767677        299.98820558853180     
   8.0808080808080813        1.8181818181818181        299.98815397088691     
   8.0808080808080813        1.8686868686868687        299.98810389054847     
   8.0808080808080813        1.9191919191919191        299.98805532193967     
   8.0808080808080813        1.9696969696969697        299.98800823910699     
   8.0808080808080813        2.0202020202020203        299.98796261576388     
   8.0808080808080813        2.0707070707070705        299.98791842533348     
   8.0808080808080813        2.1212121212121211        299.98787564099086     
   8.0808080808080813        2.1717171717171717        299.98783423570387     
   8.0808080808080813        2.2222222222222223        299.98779418227366     
   8.0808080808080813        2.2727272727272729        299.98775545337463     
   8.0808080808080813        2.3232323232323231        299.98771802159268     
   8.0808080808080813        2.3737373737373737        299.98768185946352     
   8.0808080808080813        2.4242424242424243        299.98764693950892     
   8.0808080808080813        2.4747474747474749        299.98761323427357     
   8.0808080808080813        2.5252525252525251        299.98758071635945     
   8.0808080808080813        2.5757575757575757        299.98754935846034     
   8.0808080808080813        2.6262626262626263        299.98751913339453     
   8.0808080808080813        2.6767676767676769        299.98749001413728     
   8.0808080808080813        2.7272727272727271        299.98746197385191     
   8.0808080808080813        2.7777777777777777        299.98743498591966     
   8.0808080808080813        2.8282828282828283        299.98740902396924     
   8.0808080808080813        2.8787878787878789        299.98738406190466     
   8.0808080808080813        2.9292929292929295        299.98736007393256     
   8.0808080808080813        2.9797979797979797        299.98733703458788     
   8.0808080808080813        3.0303030303030303        299.98731491875930     
   8.0808080808080813        3.0808080808080809        299.98729370171338     
   8.0808080808080813        3.1313131313131315        299.98727335911752     
   8.0808080808080813        3.1818181818181817        299.98725386706184     
   8.0808080808080813        3.2323232323232323        299.98723520208040     
   8.0808080808080813        3.2828282828282829        299.98721734117169     
   8.0808080808080813        3.3333333333333335        299.98720026181718     
   8.0808080808080813        3.3838383838383836        299.98718394200000     
   8.0808080808080813        3.4343434343434343        299.98716836022186     
   8.0808080808080813        3.4848484848484849        299.98715349551958     
   8.0808080808080813        3.5353535353535355        299.98713932748080     
   8.0808080808080813        3.5858585858585861        299.98712583625792     
   8.0808080808080813        3.6363636363636362        299.98711300258236     
   8.0808080808080813        3.6868686868686869        299.98710080777727     
   8.0808080808080813        3.7373737373737375        299.98708923376927     
   8.0808080808080813        3.7878787878787881        299.98707826310027     
   8.0808080808080813        3.8383838383838382        299.98706787893747     
   8.0808080808080813        3.8888888888888888        299.98705806508315     
   8.0808080808080813        3.9393939393939394        299.98704880598370     
   8.0808080808080813        3.9898989898989901        299.98704008673781     
   8.0808080808080813        4.0404040404040407        299.98703189310424     
   8.0808080808080813        4.0909090909090908        299.98702421150841     
   8.0808080808080813        4.1414141414141410        299.98701702904913     
   8.0808080808080813        4.1919191919191920        299.98701033350375     
   8.0808080808080813        4.2424242424242422        299.98700411333334     
   8.0808080808080813        4.2929292929292933        299.98699835768747     
   8.0808080808080813        4.3434343434343434        299.98699305640764     
   8.0808080808080813        4.3939393939393936        299.98698820003113     
   8.0808080808080813        4.4444444444444446        299.98698377979355     
   8.0808080808080813        4.4949494949494948        299.98697978763107     
   8.0808080808080813        4.5454545454545459        299.98697621618282     
   8.0808080808080813        4.5959595959595960        299.98697305879176     
   8.0808080808080813        4.6464646464646462        299.98697030950558     
   8.0808080808080813        4.6969696969696972        299.98696796307775     
   8.0808080808080813        4.7474747474747474        299.98696601496704     
   8.0808080808080813        4.7979797979797976        299.98696446133749     
   8.0808080808080813        4.8484848484848486        299.98696329905727     
   8.0808080808080813        4.8989898989898988        299.98696252569778     
   8.0808080808080813        4.9494949494949498        299.98696213953184     
   8.0808080808080813        5.0000000000000000        299.98696213953184     

   8.1818181818181817        0.0000000000000000        299.88766636274732     
   8.1818181818181817        5.0505050505050504E-002   299.88766636274732     
   8.1818181818181817       0.10101010101010101        299.88759392018778     
   8.1818181818181817       0.15151515151515152        299.88749831904096     
   8.1818181818181817       0.20202020202020202        299.88739616412909     
   8.1818181818181817       0.25252525252525254        299.88729304565300     
   8.1818181818181817       0.30303030303030304        299.88719084373867     
   8.1818181818181817       0.35353535353535354        299.88709018974447     
   8.1818181818181817       0.40404040404040403        299.88699129502464     
   8.1818181818181817       0.45454545454545453        299.88689422971817     
   8.1818181818181817       0.50505050505050508        299.88679901637482     
   8.1818181818181817       0.55555555555555558        299.88670566128769     
   8.1818181818181817       0.60606060606060608        299.88661416489367     
   8.1818181818181817       0.65656565656565657        299.88652452515976     
   8.1818181818181817       0.70707070707070707        299.88643673863317     
   8.1818181818181817       0.75757575757575757        299.88635080072709     
   8.1818181818181817       0.80808080808080807        299.88626670576883     
   8.1818181818181817       0.85858585858585856        299.88618444698255     
   8.1818181818181817       0.90909090909090906        299.88610401646548     
   8.1818181818181817       0.95959595959595956        299.88602540517218     
   8.1818181818181817        1.0101010101010102        299.88594860291147     
   8.1818181818181817        1.0606060606060606        299.88587359835486     
   8.1818181818181817        1.1111111111111112        299.88580037905507     
   8.1818181818181817        1.1616161616161615        299.88572893147250     
   8.1818181818181817        1.2121212121212122        299.88565924100817     
   8.1818181818181817        1.2626262626262625        299.88559129204100     
   8.1818181818181817        1.3131313131313131        299.88552506796941     
   8.1818181818181817        1.3636363636363635        299.88546055125482     
   8.1818181818181817        1.4141414141414141        299.88539772346769     
   8.1818181818181817        1.4646464646464648        299.88533656533428     
   8.1818181818181817        1.5151515151515151        299.88527705678399     
   8.1818181818181817        1.5656565656565657        299.88521917699785     
   8.1818181818181817        1.6161616161616161        299.88516290445648     
   8.1818181818181817        1.6666666666666667        299.88510821698748     
   8.1818181818181817        1.7171717171717171        299.88505509181374     
   8.1818181818181817        1.7676767676767677        299.88500350559985     
   8.1818181818181817        1.8181818181818181        299.88495343449915     
   8.1818181818181817        1.8686868686868687        299.88490485419896     
   8.1818181818181817        1.9191919191919191        299.88485773996632     
   8.1818181818181817        1.9696969696969697        299.88481206669172     
   8.1818181818181817        2.0202020202020203        299.88476780893319     
   8.1818181818181817        2.0707070707070705        299.88472494095862     
   8.1818181818181817        2.1212121212121211        299.88468343678784     
   8.1818181818181817        2.1717171717171717        299.88464327023360     
   8.1818181818181817        2.2222222222222223        299.88460441494129     
   8.1818181818181817        2.2727272727272729        299.88456684442838     
   8.1818181818181817        2.3232323232323231        299.88453053212260     
   8.1818181818181817        2.3737373737373737        299.88449545139929     
   8.1818181818181817        2.4242424242424243        299.88446157561748     
   8.1818181818181817        2.4747474747474749        299.88442887815557     
   8.1818181818181817        2.5252525252525251        299.88439733244536     
   8.1818181818181817        2.5757575757575757        299.88436691200599     
   8.1818181818181817        2.6262626262626263        299.88433759047581     
   8.1818181818181817        2.6767676767676769        299.88430934164398     
   8.1818181818181817        2.7272727272727271        299.88428213948112     
   8.1818181818181817        2.7777777777777777        299.88425595816841     
   8.1818181818181817        2.8282828282828283        299.88423077212644     
   8.1818181818181817        2.8787878787878789        299.88420655604216     
   8.1818181818181817        2.9292929292929295        299.88418328489576     
   8.1818181818181817        2.9797979797979797        299.88416093398558     
   8.1818181818181817        3.0303030303030303        299.88413947895299     
   8.1818181818181817        3.0808080808080809        299.88411889580573     
   8.1818181818181817        3.1313131313131315        299.88409916094002     
   8.1818181818181817        3.1818181818181817        299.88408025116263     
   8.1818181818181817        3.2323232323232323        299.88406214371076     
   8.1818181818181817        3.2828282828282829        299.88404481627202     
   8.1818181818181817        3.3333333333333335        299.88402824700285     
   8.1818181818181817        3.3838383838383836        299.88401241454631     
   8.1818181818181817        3.4343434343434343        299.88399729804883     
   8.1818181818181817        3.4848484848484849        299.88398287717581     
   8.1818181818181817        3.5353535353535355        299.88396913212699     
   8.1818181818181817        3.5858585858585861        299.88395604365058     
   8.1818181818181817        3.6363636363636362        299.88394359305607     
   8.1818181818181817        3.6868686868686869        299.88393176222718     
   8.1818181818181817        3.7373737373737375        299.88392053363344     
   8.1818181818181817        3.7878787878787881        299.88390989034093     
   8.1818181818181817        3.8383838383838382        299.88389981602262     
   8.1818181818181817        3.8888888888888888        299.88389029496739     
   8.1818181818181817        3.9393939393939394        299.88388131208922     
   8.1818181818181817        3.9898989898989901        299.88387285293464     
   8.1818181818181817        4.0404040404040407        299.88386490369089     
   8.1818181818181817        4.0909090909090908        299.88385745119137     
   8.1818181818181817        4.1414141414141410        299.88385048292304     
   8.1818181818181817        4.1919191919191920        299.88384398703090     
   8.1818181818181817        4.2424242424242422        299.88383795232329     
   8.1818181818181817        4.2929292929292933        299.88383236827616     
   8.1818181818181817        4.3434343434343434        299.88382722503673     
   8.1818181818181817        4.3939393939393936        299.88382251342694     
   8.1818181818181817        4.4444444444444446        299.88381822494620     
   8.1818181818181817        4.4949494949494948        299.88381435177359     
   8.1818181818181817        4.5454545454545459        299.88381088676948     
   8.1818181818181817        4.5959595959595960        299.88380782347718     
   8.1818181818181817        4.6464646464646462        299.88380515612357     
   8.1818181818181817        4.6969696969696972        299.88380287961985     
   8.1818181818181817        4.7474747474747474        299.88380098956145     
   8.1818181818181817        4.7979797979797976        299.88379948222774     
   8.1818181818181817        4.8484848484848486        299.88379835458107     
   8.1818181818181817        4.8989898989898988        299.88379760426568     
   8.1818181818181817        4.9494949494949498        299.88379722960633     
   8.1818181818181817        5.0000000000000000        299.88379722960639     

   8.2828282828282820        0.0000000000000000        299.78414964822127     
   8.2828282828282820        5.0505050505050504E-002   299.78414964822127     
   8.2828282828282820       0.10101010101010101        299.78408000360025     
   8.2828282828282820       0.15151515151515152        299.78398803600118     
   8.2828282828282820       0.20202020202020202        299.78388971826644     
   8.2828282828282820       0.25252525252525254        299.78379043818165     
   8.2828282828282820       0.30303030303030304        299.78369201205390     
   8.2828282828282820       0.35353535353535354        299.78359505212796     
   8.2828282828282820       0.40404040404040403        299.78349976506763     
   8.2828282828282820       0.45454545454545453        299.78340622096772     
   8.2828282828282820       0.50505050505050508        299.78331444380848     
   8.2828282828282820       0.55555555555555558        299.78322444174580     
   8.2828282828282820       0.60606060606060608        299.78313621716194     
   8.2828282828282820       0.65656565656565657        299.78304976992774     
   8.2828282828282820       0.70707070707070707        299.78296509840868     
   8.2828282828282820       0.75757575757575757        299.78288219973552     
   8.2828282828282820       0.80808080808080807        299.78280106984920     
   8.2828282828282820       0.85858585858585856        299.78272170348754     
   8.2828282828282820       0.90909090909090906        299.78264409416857     
   8.2828282828282820       0.95959595959595956        299.78256823418303     
   8.2828282828282820        1.0101010101010102        299.78249411460087     
   8.2828282828282820        1.0606060606060606        299.78242172528940     
   8.2828282828282820        1.1111111111111112        299.78235105494093     
   8.2828282828282820        1.1616161616161615        299.78228209110813     
   8.2828282828282820        1.2121212121212122        299.78221482024452     
   8.2828282828282820        1.2626262626262625        299.78214922774930     
   8.2828282828282820        1.3131313131313131        299.78208529801486     
   8.2828282828282820        1.3636363636363635        299.78202301447629     
   8.2828282828282820        1.4141414141414141        299.78196235966146     
   8.2828282828282820        1.4646464646464648        299.78190331524195     
   8.2828282828282820        1.5151515151515151        299.78184586208408     
   8.2828282828282820        1.5656565656565657        299.78178998029989     
   8.2828282828282820        1.6161616161616161        299.78173564929722     
   8.2828282828282820        1.6666666666666667        299.78168284782919     
   8.2828282828282820        1.7171717171717171        299.78163155404349     
   8.2828282828282820        1.7676767676767677        299.78158174553033     
   8.2828282828282820        1.8181818181818181        299.78153339936961     
   8.2828282828282820        1.8686868686868687        299.78148649217735     
   8.2828282828282820        1.9191919191919191        299.78144100015083     
   8.2828282828282820        1.9696969696969697        299.78139689911325     
   8.2828282828282820        2.0202020202020203        299.78135416455700     
   8.2828282828282820        2.0707070707070705        299.78131277168615     
   8.2828282828282820        2.1212121212121211        299.78127269545803     
   8.2828282828282820        2.1717171717171717        299.78123391062365     
   8.2828282828282820        2.2222222222222223        299.78119639176697     
   8.2828282828282820        2.2727272727272729        299.78116011334384     
   8.2828282828282820        2.3232323232323231        299.78112504971926     
   8.2828282828282820        2.3737373737373737        299.78109117520410     
   8.2828282828282820        2.4242424242424243        299.78105846409045     
   8.2828282828282820        2.4747474747474749        299.78102689068669     
   8.2828282828282820        2.5252525252525251        299.78099642935041     
   8.2828282828282820        2.5757575757575757        299.78096705452157     
   8.2828282828282820        2.6262626262626263        299.78093874075381     
   8.2828282828282820        2.6767676767676769        299.78091146274494     
   8.2828282828282820        2.7272727272727271        299.78088519536686     
   8.2828282828282820        2.7777777777777777        299.78085991369403     
   8.2828282828282820        2.8282828282828283        299.78083559303116     
   8.2828282828282820        2.8787878787878789        299.78081220893955     
   8.2828282828282820        2.9292929292929295        299.78078973726332     
   8.2828282828282820        2.9797979797979797        299.78076815415318     
   8.2828282828282820        3.0303030303030303        299.78074743609102     
   8.2828282828282820        3.0808080808080809        299.78072755991207     
   8.2828282828282820        3.1313131313131315        299.78070850282666     
   8.2828282828282820        3.1818181818181817        299.78069024244138     
   8.2828282828282820        3.2323232323232323        299.78067275677842     
   8.2828282828282820        3.2828282828282829        299.78065602429473     
   8.2828282828282820        3.3333333333333335        299.78064002390022     
   8.2828282828282820        3.3838383838383836        299.78062473497442     
   8.2828282828282820        3.4343434343434343        299.78061013738318     
   8.2828282828282820        3.4848484848484849        299.78059621149333     
   8.2828282828282820        3.5353535353535355        299.78058293818776     
   8.2828282828282820        3.5858585858585861        299.78057029887907     
   8.2828282828282820        3.6363636363636362        299.78055827552186     
   8.2828282828282820        3.6868686868686869        299.78054685062529     
   8.2828282828282820        3.7373737373737375        299.78053600726400     
   8.2828282828282820        3.7878787878787881        299.78052572908899     
   8.2828282828282820        3.8383838383838382        299.78051600033695     
   8.2828282828282820        3.8888888888888888        299.78050680583971     
   8.2828282828282820        3.9393939393939394        299.78049813103218     
   8.2828282828282820        3.9898989898989901        299.78048996196065     
   8.2828282828282820        4.0404040404040407        299.78048228528939     
   8.2828282828282820        4.0909090909090908        299.78047508830713     
   8.2828282828282820        4.1414141414141410        299.78046835893326     
   8.2828282828282820        4.1919191919191920        299.78046208572266     
   8.2828282828282820        4.2424242424242422        299.78045625787053     
   8.2828282828282820        4.2929292929292933        299.78045086521672     
   8.2828282828282820        4.3434343434343434        299.78044589824918     
   8.2828282828282820        4.3939393939393936        299.78044134810716     
   8.2828282828282820        4.4444444444444446        299.78043720658400     
   8.2828282828282820        4.4949494949494948        299.78043346612930     
   8.2828282828282820        4.5454545454545459        299.78043011985028     
   8.2828282828282820        4.5959595959595960        299.78042716151350     
   8.2828282828282820        4.6464646464646462        299.78042458554557     
   8.2828282828282820        4.6969696969696972        299.78042238703347     
   8.2828282828282820        4.7474747474747474        299.78042056172512     
   8.2828282828282820        4.7979797979797976        299.78041910602832     
   8.2828282828282820        4.8484848484848486        299.78041801701062     
   8.2828282828282820        4.8989898989898988        299.78041729239766     
   8.2828282828282820        4.9494949494949498        299.78041693057224     
   8.2828282828282820        5.0000000000000000        299.78041693057230     

   8.3838383838383841        0.0000000000000000        299.68041188418721     
   8.3838383838383841        5.0505050505050504E-002   299.68041188418721     
   8.3838383838383841       0.10101010101010101        299.68034529607286     
   8.3838383838383841       0.15151515151515152        299.68025730168836     
   8.3838383838383841       0.20202020202020202        299.68016318211340     
   8.3838383838383841       0.25252525252525254        299.68006810273971     
   8.3838383838383841       0.30303030303030304        299.67997380953864     
   8.3838383838383841       0.35353535353535354        299.67988089367316     
   8.3838383838383841       0.40404040404040403        299.67978955667525     
   8.3838383838383841       0.45454545454545453        299.67969986865222     
   8.3838383838383841       0.50505050505050508        299.67961185521671     
   8.3838383838383841       0.55555555555555558        299.67952552661416     
   8.3838383838383841       0.60606060606060608        299.67944088738153     
   8.3838383838383841       0.65656565656565657        299.67935793947447     
   8.3838383838383841       0.70707070707070707        299.67927668322704     
   8.3838383838383841       0.75757575757575757        299.67919711761010     
   8.3838383838383841       0.80808080808080807        299.67911924027766     
   8.3838383838383841       0.85858585858585856        299.67904304756189     
   8.3838383838383841       0.90909090909090906        299.67896853446734     
   8.3838383838383841       0.95959595959595956        299.67889569467650     
   8.3838383838383841        1.0101010101010102        299.67882452056870     
   8.3838383838383841        1.0606060606060606        299.67875500325079     
   8.3838383838383841        1.1111111111111112        299.67868713259611     
   8.3838383838383841        1.1616161616161615        299.67862089729027     
   8.3838383838383841        1.2121212121212122        299.67855628488121     
   8.3838383838383841        1.2626262626262625        299.67849328183189     
   8.3838383838383841        1.3131313131313131        299.67843187357477     
   8.3838383838383841        1.3636363636363635        299.67837204456691     
   8.3838383838383841        1.4141414141414141        299.67831377834608     
   8.3838383838383841        1.4646464646464648        299.67825705758474     
   8.3838383838383841        1.5151515151515151        299.67820186414497     
   8.3838383838383841        1.5656565656565657        299.67814817913199     
   8.3838383838383841        1.6161616161616161        299.67809598294645     
   8.3838383838383841        1.6666666666666667        299.67804525533569     
   8.3838383838383841        1.7171717171717171        299.67799597544393     
   8.3838383838383841        1.7676767676767677        299.67794812186122     
   8.3838383838383841        1.8181818181818181        299.67790167267128     
   8.3838383838383841        1.8686868686868687        299.67785660549788     
   8.3838383838383841        1.9191919191919191        299.67781289755044     
   8.3838383838383841        1.9696969696969697        299.67777052566800     
   8.3838383838383841        2.0202020202020203        299.67772946636268     
   8.3838383838383841        2.0707070707070705        299.67768969586120     
   8.3838383838383841        2.1212121212121211        299.67765119014643     
   8.3838383838383841        2.1717171717171717        299.67761392499665     
   8.3838383838383841        2.2222222222222223        299.67757787602454     
   8.3838383838383841        2.2727272727272729        299.67754301871491     
   8.3838383838383841        2.3232323232323231        299.67750932846144     
   8.3838383838383841        2.3737373737373737        299.67747678060221     
   8.3838383838383841        2.4242424242424243        299.67744535045443     
   8.3838383838383841        2.4747474747474749        299.67741501334831     
   8.3838383838383841        2.5252525252525251        299.67738574465926     
   8.3838383838383841        2.5757575757575757        299.67735751983980     
   8.3838383838383841        2.6262626262626263        299.67733031445016     
   8.3838383838383841        2.6767676767676769        299.67730410418773     
   8.3838383838383841        2.7272727272727271        299.67727886491616     
   8.3838383838383841        2.7777777777777777        299.67725457269262     
   8.3838383838383841        2.8282828282828283        299.67723120379486     
   8.3838383838383841        2.8787878787878789        299.67720873474656     
   8.3838383838383841        2.9292929292929295        299.67718714234206     
   8.3838383838383841        2.9797979797979797        299.67716640367064     
   8.3838383838383841        3.0303030303030303        299.67714649613885     
   8.3838383838383841        3.0808080808080809        299.67712739749277     
   8.3838383838383841        3.1313131313131315        299.67710908583854     
   8.3838383838383841        3.1818181818181817        299.67709153966285     
   8.3838383838383841        3.2323232323232323        299.67707473785168     
   8.3838383838383841        3.2828282828282829        299.67705865970873     
   8.3838383838383841        3.3333333333333335        299.67704328497268     
   8.3838383838383841        3.3838383838383836        299.67702859383337     
   8.3838383838383841        3.4343434343434343        299.67701456694789     
   8.3838383838383841        3.4848484848484849        299.67700118545497     
   8.3838383838383841        3.5353535353535355        299.67698843098901     
   8.3838383838383841        3.5858585858585861        299.67697628569306     
   8.3838383838383841        3.6363636363636362        299.67696473223140     
   8.3838383838383841        3.6868686868686869        299.67695375380083     
   8.3838383838383841        3.7373737373737375        299.67694333414164     
   8.3838383838383841        3.7878787878787881        299.67693345754776     
   8.3838383838383841        3.8383838383838382        299.67692410887599     
   8.3838383838383841        3.8888888888888888        299.67691527355476     
   8.3838383838383841        3.9393939393939394        299.67690693759204     
   8.3838383838383841        3.9898989898989901        299.67689908758308     
   8.3838383838383841        4.0404040404040407        299.67689171071692     
   8.3838383838383841        4.0909090909090908        299.67688479478267     
   8.3838383838383841        4.1414141414141410        299.67687832817489     
   8.3838383838383841        4.1919191919191920        299.67687229989906     
   8.3838383838383841        4.2424242424242422        299.67686669957573     
   8.3838383838383841        4.2929292929292933        299.67686151744448     
   8.3838383838383841        4.3434343434343434        299.67685674436785     
   8.3838383838383841        4.3939393939393936        299.67685237183383     
   8.3838383838383841        4.4444444444444446        299.67684839195897     
   8.3838383838383841        4.4949494949494948        299.67684479748976     
   8.3838383838383841        4.5454545454545459        299.67684158180492     
   8.3838383838383841        4.5959595959595960        299.67683873891650     
   8.3838383838383841        4.6464646464646462        299.67683626347053     
   8.3838383838383841        4.6969696969696972        299.67683415074737     
   8.3838383838383841        4.7474747474747474        299.67683239666246     
   8.3838383838383841        4.7979797979797976        299.67683099776485     
   8.3838383838383841        4.8484848484848486        299.67682995123789     
   8.3838383838383841        4.8989898989898988        299.67682925489680     
   8.3838383838383841        4.9494949494949498        299.67682890718834     
   8.3838383838383841        5.0000000000000000        299.67682890718839     

   8.4848484848484844        0.0000000000000000        299.57646210396928     
   8.4848484848484844        5.0505050505050504E-002   299.57646210396928     
   8.4848484848484844       0.10101010101010101        299.57639881844210     
   8.4848484848484844       0.15151515151515152        299.57631512044304     
   8.4848484848484844       0.20202020202020202        299.57622554229766     
   8.4848484848484844       0.25252525252525254        299.57613500798209     
   8.4848484848484844       0.30303030303030304        299.57604518697974     
   8.4848484848484844       0.35353535353535354        299.57595664757207     
   8.4848484848484844       0.40404040404040403        299.57586958581430     
   8.4848484848484844       0.45454545454545453        299.57578407194546     
   8.4848484848484844       0.50505050505050508        299.57570013345389     
   8.4848484848484844       0.55555555555555558        299.57561778292569     
   8.4848484848484844       0.60606060606060608        299.57553702727284     
   8.4848484848484844       0.65656565656565657        299.57545787071638     
   8.4848484848484844       0.70707070707070707        299.57538031570158     
   8.4848484848484844       0.75757575757575757        299.57530436314875     
   8.4848484848484844       0.80808080808080807        299.57523001250712     
   8.4848484848484844       0.85858585858585856        299.57515726176496     
   8.4848484848484844       0.90909090909090906        299.57508610745992     
   8.4848484848484844       0.95959595959595956        299.57501654470218     
   8.4848484848484844        1.0101010101010102        299.57494856720996     
   8.4848484848484844        1.0606060606060606        299.57488216735578     
   8.4848484848484844        1.1111111111111112        299.57481733621916     
   8.4848484848484844        1.1616161616161615        299.57475406364460     
   8.4848484848484844        1.2121212121212122        299.57469233830221     
   8.4848484848484844        1.2626262626262625        299.57463214774953     
   8.4848484848484844        1.3131313131313131        299.57457347849368     
   8.4848484848484844        1.3636363636363635        299.57451631605232     
   8.4848484848484844        1.4141414141414141        299.57446064501522     
   8.4848484848484844        1.4646464646464648        299.57440644910247     
   8.4848484848484844        1.5151515151515151        299.57435371122256     
   8.4848484848484844        1.5656565656565657        299.57430241352864     
   8.4848484848484844        1.6161616161616161        299.57425253747255     
   8.4848484848484844        1.6666666666666667        299.57420406385779     
   8.4848484848484844        1.7171717171717171        299.57415697289048     
   8.4848484848484844        1.7676767676767677        299.57411124422885     
   8.4848484848484844        1.8181818181818181        299.57406685703171     
   8.4848484848484844        1.8686868686868687        299.57402379000445     
   8.4848484848484844        1.9191919191919191        299.57398202144435     
   8.4848484848484844        1.9696969696969697        299.57394152928498     
   8.4848484848484844        2.0202020202020203        299.57390229113787     
   8.4848484848484844        2.0707070707070705        299.57386428433432     
   8.4848484848484844        2.1212121212121211        299.57382748596581     
   8.4848484848484844        2.1717171717171717        299.57379187292219     
   8.4848484848484844        2.2222222222222223        299.57375742193022     
   8.4848484848484844        2.2727272727272729        299.57372410958988     
   8.4848484848484844        2.3232323232323231        299.57369191241014     
   8.4848484848484844        2.3737373737373737        299.57366080684375     
   8.4848484848484844        2.4242424242424243        299.57363076932063     
   8.4848484848484844        2.4747474747474749        299.57360177628027     
   8.4848484848484844        2.5252525252525251        299.57357380420365     
   8.4848484848484844        2.5757575757575757        299.57354682964342     
   8.4848484848484844        2.6262626262626263        299.57352082925365     
   8.4848484848484844        2.6767676767676769        299.57349577981824     
   8.4848484848484844        2.7272727272727271        299.57347165827878     
   8.4848484848484844        2.7777777777777777        299.57344844176100     
   8.4848484848484844        2.8282828282828283        299.57342610760031     
   8.4848484848484844        2.8787878787878789        299.57340463336664     
   8.4848484848484844        2.9292929292929295        299.57338399688803     
   8.4848484848484844        2.9797979797979797        299.57336417627408     
   8.4848484848484844        3.0303030303030303        299.57334514993698     
   8.4848484848484844        3.0808080808080809        299.57332689661314     
   8.4848484848484844        3.1313131313131315        299.57330939538292     
   8.4848484848484844        3.1818181818181817        299.57329262568999     
   8.4848484848484844        3.2323232323232323        299.57327656735958     
   8.4848484848484844        3.2828282828282829        299.57326120061589     
   8.4848484848484844        3.3333333333333335        299.57324650609883     
   8.4848484848484844        3.3838383838383836        299.57323246487942     
   8.4848484848484844        3.4343434343434343        299.57321905847499     
   8.4848484848484844        3.4848484848484849        299.57320626886326     
   8.4848484848484844        3.5353535353535355        299.57319407849536     
   8.4848484848484844        3.5858585858585861        299.57318247030884     
   8.4848484848484844        3.6363636363636362        299.57317142773900     
   8.4848484848484844        3.6868686868686869        299.57316093473031     
   8.4848484848484844        3.7373737373737375        299.57315097574639     
   8.4848484848484844        3.7878787878787881        299.57314153578000     
   8.4848484848484844        3.8383838383838382        299.57313260036170     
   8.4848484848484844        3.8888888888888888        299.57312415556834     
   8.4848484848484844        3.9393939393939394        299.57311618803078     
   8.4848484848484844        3.9898989898989901        299.57310868494068     
   8.4848484848484844        4.0404040404040407        299.57310163405725     
   8.4848484848484844        4.0909090909090908        299.57309502371317     
   8.4848484848484844        4.1414141414141410        299.57308884281963     
   8.4848484848484844        4.1919191919191920        299.57308308087130     
   8.4848484848484844        4.2424242424242422        299.57307772795093     
   8.4848484848484844        4.2929292929292933        299.57307277473262     
   8.4848484848484844        4.3434343434343434        299.57306821248568     
   8.4848484848484844        4.3939393939393936        299.57306403307706     
   8.4848484848484844        4.4444444444444446        299.57306022897416     
   8.4848484848484844        4.4949494949494948        299.57305679324651     
   8.4848484848484844        4.5454545454545459        299.57305371956772     
   8.4848484848484844        4.5959595959595960        299.57305100221623     
   8.4848484848484844        4.6464646464646462        299.57304863607663     
   8.4848484848484844        4.6969696969696972        299.57304661663949     
   8.4848484848484844        4.7474747474747474        299.57304494000203     
   8.4848484848484844        4.7979797979797976        299.57304360286741     
   8.4848484848484844        4.8484848484848486        299.57304260254426     
   8.4848484848484844        4.8989898989898988        299.57304193694563     
   8.4848484848484844        4.9494949494949498        299.57304160458756     
   8.4848484848484844        5.0000000000000000        299.57304160458756     

   8.5858585858585865        0.0000000000000000        299.47231013930337     
   8.5858585858585865        5.0505050505050504E-002   299.47231013930337     
   8.5858585858585865       0.10101010101010101        299.47225038887774     
   8.5858585858585865       0.15151515151515152        299.47217129245655     
   8.5858585858585865       0.20202020202020202        299.47208657965979     
   8.5858585858585865       0.25252525252525254        299.47200091508881     
   8.5858585858585865       0.30303030303030304        299.47191588600680     
   8.5858585858585865       0.35353535353535354        299.47183203621591     
   8.5858585858585865       0.40404040404040403        299.47174955606749     
   8.5858585858585865       0.45454545454545453        299.47166851612684     
   8.5858585858585865       0.50505050505050508        299.47158894604775     
   8.5858585858585865       0.55555555555555558        299.47151086103116     
   8.5858585858585865       0.60606060606060608        299.47143427059160     
   8.5858585858585865       0.65656565656565657        299.47135918139014     
   8.5858585858585865       0.70707070707070707        299.47128559811063     
   8.5858585858585865       0.75757575757575757        299.47121352371119     
   8.5858585858585865       0.80808080808080807        299.47114295949558     
   8.5858585858585865       0.85858585858585856        299.47107390514458     
   8.5858585858585865       0.90909090909090906        299.47100635875097     
   8.5858585858585865       0.95959595959595956        299.47094031686527     
   8.5858585858585865        1.0101010101010102        299.47087577455238     
   8.5858585858585865        1.0606060606060606        299.47081272545614     
   8.5858585858585865        1.1111111111111112        299.47075116186915     
   8.5858585858585865        1.1616161616161615        299.47069107480428     
   8.5858585858585865        1.2121212121212122        299.47063245406667     
   8.5858585858585865        1.2626262626262625        299.47057528832607     
   8.5858585858585865        1.3131313131313131        299.47051956518635     
   8.5858585858585865        1.3636363636363635        299.47046527125354     
   8.5858585858585865        1.4141414141414141        299.47041239220181     
   8.5858585858585865        1.4646464646464648        299.47036091283655     
   8.5858585858585865        1.5151515151515151        299.47031081715488     
   8.5858585858585865        1.5656565656565657        299.47026208840481     
   8.5858585858585865        1.6161616161616161        299.47021470914058     
   8.5858585858585865        1.6666666666666667        299.47016866127683     
   8.5858585858585865        1.7171717171717171        299.47012392614045     
   8.5858585858585865        1.7676767676767677        299.47008048452028     
   8.5858585858585865        1.8181818181818181        299.47003831671515     
   8.5858585858585865        1.8686868686868687        299.46999740258019     
   8.5858585858585865        1.9191919191919191        299.46995772157140     
   8.5858585858585865        1.9696969696969697        299.46991925278934     
   8.5858585858585865        2.0202020202020203        299.46988197501997     
   8.5858585858585865        2.0707070707070705        299.46984586677576     
   8.5858585858585865        2.1212121212121211        299.46981090633460     
   8.5858585858585865        2.1717171717171717        299.46977707177746     
   8.5858585858585865        2.2222222222222223        299.46974434102555     
   8.5858585858585865        2.2727272727272729        299.46971269187520     
   8.5858585858585865        2.3232323232323231        299.46968210203289     
   8.5858585858585865        2.3737373737373737        299.46965254914841     
   8.5858585858585865        2.4242424242424243        299.46962401084716     
   8.5858585858585865        2.4747474747474749        299.46959646476125     
   8.5858585858585865        2.5252525252525251        299.46956988856016     
   8.5858585858585865        2.5757575757575757        299.46954425997984     
   8.5858585858585865        2.6262626262626263        299.46951955685120     
   8.5858585858585865        2.6767676767676769        299.46949575712688     
   8.5858585858585865        2.7272727272727271        299.46947283890842     
   8.5858585858585865        2.7777777777777777        299.46945078047128     
   8.5858585858585865        2.8282828282828283        299.46942956028948     
   8.5858585858585865        2.8787878787878789        299.46940915705909     
   8.5858585858585865        2.9292929292929295        299.46938954972114     
   8.5858585858585865        2.9797979797979797        299.46937071748295     
   8.5858585858585865        3.0303030303030303        299.46935263983954     
   8.5858585858585865        3.0808080808080809        299.46933529659350     
   8.5858585858585865        3.1313131313131315        299.46931866787378     
   8.5858585858585865        3.1818181818181817        299.46930273415444     
   8.5858585858585865        3.2323232323232323        299.46928747627175     
   8.5858585858585865        3.2828282828282829        299.46927287544082     
   8.5858585858585865        3.3333333333333335        299.46925891327169     
   8.5858585858585865        3.3838383838383836        299.46924557178374     
   8.5858585858585865        3.4343434343434343        299.46923283342045     
   8.5858585858585865        3.4848484848484849        299.46922068106238     
   8.5858585858585865        3.5353535353535355        299.46920909804010     
   8.5858585858585865        3.5858585858585861        299.46919806814600     
   8.5858585858585865        3.6363636363636362        299.46918757564532     
   8.5858585858585865        3.6868686868686869        299.46917760528703     
   8.5858585858585865        3.7373737373737375        299.46916814231326     
   8.5858585858585865        3.7878787878787881        299.46915917246884     
   8.5858585858585865        3.8383838383838382        299.46915068200934     
   8.5858585858585865        3.8888888888888888        299.46914265770948     
   8.5858585858585865        3.9393939393939394        299.46913508687004     
   8.5858585858585865        3.9898989898989901        299.46912795732470     
   8.5858585858585865        4.0404040404040407        299.46912125744615     
   8.5858585858585865        4.0909090909090908        299.46911497615162     
   8.5858585858585865        4.1414141414141410        299.46910910290836     
   8.5858585858585865        4.1919191919191920        299.46910362773764     
   8.5858585858585865        4.2424242424242422        299.46909854121918     
   8.5858585858585865        4.2929292929292933        299.46909383449452     
   8.5858585858585865        4.3434343434343434        299.46908949927064     
   8.5858585858585865        4.3939393939393936        299.46908552782219     
   8.5858585858585865        4.4444444444444446        299.46908191299411     
   8.5858585858585865        4.4949494949494948        299.46907864820349     
   8.5858585858585865        4.5454545454545459        299.46907572744101     
   8.5858585858585865        4.5959595959595960        299.46907314527192     
   8.5858585858585865        4.6464646464646462        299.46907089683737     
   8.5858585858585865        4.6969696969696972        299.46906897785425     
   8.5858585858585865        4.7474747474747474        299.46906738461536     
   8.5858585858585865        4.7979797979797976        299.46906611398953     
   8.5858585858585865        4.8484848484848486        299.46906516342051     
   8.5858585858585865        4.8989898989898988        299.46906453092640     
   8.5858585858585865        4.9494949494949498        299.46906421509823     
   8.5858585858585865        5.0000000000000000        299.46906421509823     

   8.6868686868686869        0.0000000000000000        299.36796658208766     
   8.6868686868686869        5.0505050505050504E-002   299.36796658208766     
   8.6868686868686869       0.10101010101010101        299.36791058464445     
   8.6868686868686869       0.15151515151515152        299.36783637552611     
   8.6868686868686869       0.20202020202020202        299.36775683098506     
   8.6868686868686869       0.25252525252525254        299.36767633946778     
   8.6868686868686869       0.30303030303030304        299.36759640077111     
   8.6868686868686869       0.35353535353535354        299.36751753286518     
   8.6868686868686869       0.40404040404040403        299.36743992031410     
   8.6868686868686869       0.45454545454545453        299.36736363429162     
   8.6868686868686869       0.50505050505050508        299.36728870695543     
   8.6868686868686869       0.55555555555555558        299.36721515641636     
   8.6868686868686869       0.60606060606060608        299.36714299501688     
   8.6868686868686869       0.65656565656565657        299.36707223201699     
   8.6868686868686869       0.70707070707070707        299.36700287444131     
   8.6868686868686869       0.75757575757575757        299.36693492734423     
   8.6868686868686869       0.80808080808080807        299.36686839391029     
   8.6868686868686869       0.85858585858585856        299.36680327551835     
   8.6868686868686869       0.90909090909090906        299.36673957180773     
   8.6868686868686869       0.95959595959595956        299.36667728075383     
   8.6868686868686869        1.0101010101010102        299.36661639875041     
   8.6868686868686869        1.0606060606060606        299.36655692069638     
   8.6868686868686869        1.1111111111111112        299.36649884008381     
   8.6868686868686869        1.1616161616161615        299.36644214908517     
   8.6868686868686869        1.2121212121212122        299.36638683863845     
   8.6868686868686869        1.2626262626262625        299.36633289852864     
   8.6868686868686869        1.3131313131313131        299.36628031746659     
   8.6868686868686869        1.3636363636363635        299.36622908316292     
   8.6868686868686869        1.4141414141414141        299.36617918239875     
   8.6868686868686869        1.4646464646464648        299.36613060109300     
   8.6868686868686869        1.5151515151515151        299.36608332436560     
   8.6868686868686869        1.5656565656565657        299.36603733659820     
   8.6868686868686869        1.6161616161616161        299.36599262149150     
   8.6868686868686869        1.6666666666666667        299.36594916211965     
   8.6868686868686869        1.7171717171717171        299.36590694098254     
   8.6868686868686869        1.7676767676767677        299.36586594005541     
   8.6868686868686869        1.8181818181818181        299.36582614083665     
   8.6868686868686869        1.8686868686868687        299.36578752439334     
   8.6868686868686869        1.9191919191919191        299.36575007140505     
   8.6868686868686869        1.9696969696969697        299.36571376220655     
   8.6868686868686869        2.0202020202020203        299.36567857682769     
   8.6868686868686869        2.0707070707070705        299.36564449503305     
   8.6868686868686869        2.1212121212121211        299.36561149636009     
   8.6868686868686869        2.1717171717171717        299.36557956015491     
   8.6868686868686869        2.2222222222222223        299.36554866560829     
   8.6868686868686869        2.2727272727272729        299.36551879178944     
   8.6868686868686869        2.3232323232323231        299.36548991767921     
   8.6868686868686869        2.3737373737373737        299.36546202220194     
   8.6868686868686869        2.4242424242424243        299.36543508425649     
   8.6868686868686869        2.4747474747474749        299.36540908274588     
   8.6868686868686869        2.5252525252525251        299.36538399660657     
   8.6868686868686869        2.5757575757575757        299.36535980483592     
   8.6868686868686869        2.6262626262626263        299.36533648651954     
   8.6868686868686869        2.6767676767676769        299.36531402085700     
   8.6868686868686869        2.7272727272727271        299.36529238718697     
   8.6868686868686869        2.7777777777777777        299.36527156501171     
   8.6868686868686869        2.8282828282828283        299.36525153401993     
   8.6868686868686869        2.8787878787878789        299.36523227410942     
   8.6868686868686869        2.9292929292929295        299.36521376540838     
   8.6868686868686869        2.9797979797979797        299.36519598829619     
   8.6868686868686869        3.0303030303030303        299.36517892342346     
   8.6868686868686869        3.0808080808080809        299.36516255173024     
   8.6868686868686869        3.1313131313131315        299.36514685446485     
   8.6868686868686869        3.1818181818181817        299.36513181320078     
   8.6868686868686869        3.2323232323232323        299.36511740985338     
   8.6868686868686869        3.2828282828282829        299.36510362669549     
   8.6868686868686869        3.3333333333333335        299.36509044637222     
   8.6868686868686869        3.3838383838383836        299.36507785191526     
   8.6868686868686869        3.4343434343434343        299.36506582675634     
   8.6868686868686869        3.4848484848484849        299.36505435473970     
   8.6868686868686869        3.5353535353535355        299.36504342013410     
   8.6868686868686869        3.5858585858585861        299.36503300764417     
   8.6868686868686869        3.6363636363636362        299.36502310242088     
   8.6868686868686869        3.6868686868686869        299.36501369007175     
   8.6868686868686869        3.7373737373737375        299.36500475666952     
   8.6868686868686869        3.7878787878787881        299.36499628876135     
   8.6868686868686869        3.8383838383838382        299.36498827337664     
   8.6868686868686869        3.8888888888888888        299.36498069803446     
   8.6868686868686869        3.9393939393939394        299.36497355075051     
   8.6868686868686869        3.9898989898989901        299.36496682004332     
   8.6868686868686869        4.0404040404040407        299.36496049494014     
   8.6868686868686869        4.0909090909090908        299.36495456498210     
   8.6868686868686869        4.1414141414141410        299.36494902022929     
   8.6868686868686869        4.1919191919191920        299.36494385126485     
   8.6868686868686869        4.2424242424242422        299.36493904919871     
   8.6868686868686869        4.2929292929292933        299.36493460567124     
   8.6868686868686869        4.3434343434343434        299.36493051285623     
   8.6868686868686869        4.3939393939393936        299.36492676346336     
   8.6868686868686869        4.4444444444444446        299.36492335074013     
   8.6868686868686869        4.4949494949494948        299.36492026847452     
   8.6868686868686869        4.5454545454545459        299.36491751099527     
   8.6868686868686869        4.5959595959595960        299.36491507317402     
   8.6868686868686869        4.6464646464646462        299.36491295042532     
   8.6868686868686869        4.6969696969696972        299.36491113870755     
   8.6868686868686869        4.7474747474747474        299.36490963452235     
   8.6868686868686869        4.7979797979797976        299.36490843491509     
   8.6868686868686869        4.8484848484848486        299.36490753747398     
   8.6868686868686869        4.8989898989898988        299.36490694032921     
   8.6868686868686869        4.9494949494949498        299.36490664215160     
   8.6868686868686869        5.0000000000000000        299.36490664215171     

   8.7878787878787872        0.0000000000000000        299.26344274332791     
   8.7878787878787872        5.0505050505050504E-002   299.26344274332791     
   8.7878787878787872       0.10101010101010101        299.26339070104075     
   8.7878787878787872       0.15151515151515152        299.26332164395501     
   8.7878787878787872       0.20202020202020202        299.26324754784252     
   8.7878787878787872       0.25252525252525254        299.26317250952894     
   8.7878787878787872       0.30303030303030304        299.26309793666968     
   8.7878787878787872       0.35353535353535354        299.26302432034822     
   8.7878787878787872       0.40404040404040403        299.26295183943211     
   8.7878787878787872       0.45454545454545453        299.26288056608479     
   8.7878787878787872       0.50505050505050508        299.26281053535376     
   8.7878787878787872       0.55555555555555558        299.26274176856469     
   8.7878787878787872       0.60606060606060608        299.26267428109867     
   8.7878787878787872       0.65656565656565657        299.26260808494203     
   8.7878787878787872       0.70707070707070707        299.26254318952260     
   8.7878787878787872       0.75757575757575757        299.26247960200681     
   8.7878787878787872       0.80808080808080807        299.26241732744393     
   8.7878787878787872       0.85858585858585856        299.26235636887566     
   8.7878787878787872       0.90909090909090906        299.26229672744336     
   8.7878787878787872       0.95959595959595956        299.26223840249924     
   8.7878787878787872        1.0101010101010102        299.26218139171948     
   8.7878787878787872        1.0606060606060606        299.26212569121611     
   8.7878787878787872        1.1111111111111112        299.26207129564597     
   8.7878787878787872        1.1616161616161615        299.26201819831380     
   8.7878787878787872        1.2121212121212122        299.26196639127107     
   8.7878787878787872        1.2626262626262625        299.26191586540790     
   8.7878787878787872        1.3131313131313131        299.26186661053913     
   8.7878787878787872        1.3636363636363635        299.26181861548497     
   8.7878787878787872        1.4141414141414141        299.26177186814630     
   8.7878787878787872        1.4646464646464648        299.26172635557481     
   8.7878787878787872        1.5151515151515151        299.26168206403884     
   8.7878787878787872        1.5656565656565657        299.26163897908543     
   8.7878787878787872        1.6161616161616161        299.26159708559834     
   8.7878787878787872        1.6666666666666667        299.26155636785262     
   8.7878787878787872        1.7171717171717171        299.26151680956713     
   8.7878787878787872        1.7676767676767677        299.26147839395327     
   8.7878787878787872        1.8181818181818181        299.26144110376219     
   8.7878787878787872        1.8686868686868687        299.26140492132924     
   8.7878787878787872        1.9191919191919191        299.26136982861698     
   8.7878787878787872        1.9696969696969697        299.26133580725576     
   8.7878787878787872        2.0202020202020203        299.26130283858333     
   8.7878787878787872        2.0707070707070705        299.26127090368232     
   8.7878787878787872        2.1212121212121211        299.26123998341671     
   8.7878787878787872        2.1717171717171717        299.26121005846687     
   8.7878787878787872        2.2222222222222223        299.26118110936312     
   8.7878787878787872        2.2727272727272729        299.26115311651824     
   8.7878787878787872        2.3232323232323231        299.26112606025941     
   8.7878787878787872        2.3737373737373737        299.26109992085804     
   8.7878787878787872        2.4242424242424243        299.26107467855900     
   8.7878787878787872        2.4747474747474749        299.26105031360964     
   8.7878787878787872        2.5252525252525251        299.26102680628628     
   8.7878787878787872        2.5757575757575757        299.26100413692137     
   8.7878787878787872        2.6262626262626263        299.26098228592821     
   8.7878787878787872        2.6767676767676769        299.26096123382609     
   8.7878787878787872        2.7272727272727271        299.26094096126360     
   8.7878787878787872        2.7777777777777777        299.26092144904163     
   8.7878787878787872        2.8282828282828283        299.26090267813521     
   8.7878787878787872        2.8787878787878789        299.26088462971467     
   8.7878787878787872        2.9292929292929295        299.26086728516560     
   8.7878787878787872        2.9797979797979797        299.26085062610849     
   8.7878787878787872        3.0303030303030303        299.26083463441756     
   8.7878787878787872        3.0808080808080809        299.26081929223818     
   8.7878787878787872        3.1313131313131315        299.26080458200386     
   8.7878787878787872        3.1818181818181817        299.26079048645278     
   8.7878787878787872        3.2323232323232323        299.26077698864327     
   8.7878787878787872        3.2828282828282829        299.26076407196820     
   8.7878787878787872        3.3333333333333335        299.26075172016942     
   8.7878787878787872        3.3838383838383836        299.26073991735063     
   8.7878787878787872        3.4343434343434343        299.26072864799028     
   8.7878787878787872        3.4848484848484849        299.26071789695322     
   8.7878787878787872        3.5353535353535355        299.26070764950208     
   8.7878787878787872        3.5858585858585861        299.26069789130764     
   8.7878787878787872        3.6363636363636362        299.26068860845902     
   8.7878787878787872        3.6868686868686869        299.26067978747272     
   8.7878787878787872        3.7373737373737375        299.26067141530149     
   8.7878787878787872        3.7878787878787881        299.26066347934216     
   8.7878787878787872        3.8383838383838382        299.26065596744354     
   8.7878787878787872        3.8888888888888888        299.26064886791301     
   8.7878787878787872        3.9393939393939394        299.26064216952341     
   8.7878787878787872        3.9898989898989901        299.26063586151855     
   8.7878787878787872        4.0404040404040407        299.26062993361870     
   8.7878787878787872        4.0909090909090908        299.26062437602582     
   8.7878787878787872        4.1414141414141410        299.26061917942781     
   8.7878787878787872        4.1919191919191920        299.26061433500274     
   8.7878787878787872        4.2424242424242422        299.26060983442198     
   8.7878787878787872        4.2929292929292933        299.26060566985416     
   8.7878787878787872        4.3434343434343434        299.26060183396720     
   8.7878787878787872        4.3939393939393936        299.26059831993149     
   8.7878787878787872        4.4444444444444446        299.26059512142126     
   8.7878787878787872        4.4949494949494948        299.26059223261655     
   8.7878787878787872        4.5454545454545459        299.26058964820476     
   8.7878787878787872        4.5959595959595960        299.26058736338143     
   8.7878787878787872        4.6464646464646462        299.26058537385092     
   8.7878787878787872        4.6969696969696972        299.26058367582704     
   8.7878787878787872        4.7474747474747474        299.26058226603294     
   8.7878787878787872        4.7979797979797976        299.26058114170092     
   8.7878787878787872        4.8484848484848486        299.26058030057209     
   8.7878787878787872        4.8989898989898988        299.26057974089525     
   8.7878787878787872        4.9494949494949498        299.26057946142629     
   8.7878787878787872        5.0000000000000000        299.26057946142629     

   8.8888888888888893        0.0000000000000000        299.15875060950947     
   8.8888888888888893        5.0505050505050504E-002   299.15875060950947     
   8.8888888888888893       0.10101010101010101        299.15870270773297     
   8.8888888888888893       0.15151515151515152        299.15863904479511     
   8.8888888888888893       0.20202020202020202        299.15857065270507     
   8.8888888888888893       0.25252525252525254        299.15850132268531     
   8.8888888888888893       0.30303030303030304        299.15843236625653     
   8.8888888888888893       0.35353535353535354        299.15836424692662     
   8.8888888888888893       0.40404040404040403        299.15829713816254     
   8.8888888888888893       0.45454545454545453        299.15823111360487     
   8.8888888888888893       0.50505050505050508        299.15816621161309     
   8.8888888888888893       0.55555555555555558        299.15810245702323     
   8.8888888888888893       0.60606060606060608        299.15803986842735     
   8.8888888888888893       0.65656565656565657        299.15797846061236     
   8.8888888888888893       0.70707070707070707        299.15791824541293     
   8.8888888888888893       0.75757575757575757        299.15785923206431     
   8.8888888888888893       0.80808080808080807        299.15780142740982     
   8.8888888888888893       0.85858585858585856        299.15774483606970     
   8.8888888888888893       0.90909090909090906        299.15768946059893     
   8.8888888888888893       0.95959595959595956        299.15763530164168     
   8.8888888888888893        1.0101010101010102        299.15758235807851     
   8.8888888888888893        1.0606060606060606        299.15753062716607     
   8.8888888888888893        1.1111111111111112        299.15748010466797     
   8.8888888888888893        1.1616161616161615        299.15743078497508     
   8.8888888888888893        1.2121212121212122        299.15738266121673     
   8.8888888888888893        1.2626262626262625        299.15733572536305     
   8.8888888888888893        1.3131313131313131        299.15728996831820     
   8.8888888888888893        1.3636363636363635        299.15724538000649     
   8.8888888888888893        1.4141414141414141        299.15720194945141     
   8.8888888888888893        1.4646464646464648        299.15715966484822     
   8.8888888888888893        1.5151515151515151        299.15711851363130     
   8.8888888888888893        1.5656565656565657        299.15707848253709     
   8.8888888888888893        1.6161616161616161        299.15703955766213     
   8.8888888888888893        1.6666666666666667        299.15700172451773     
   8.8888888888888893        1.7171717171717171        299.15696496808084     
   8.8888888888888893        1.7676767676767677        299.15692927284294     
   8.8888888888888893        1.8181818181818181        299.15689462285519     
   8.8888888888888893        1.8686868686868687        299.15686100177186     
   8.8888888888888893        1.9191919191919191        299.15682839289178     
   8.8888888888888893        1.9696969696969697        299.15679677919718     
   8.8888888888888893        2.0202020202020203        299.15676614339174     
   8.8888888888888893        2.0707070707070705        299.15673646793635     
   8.8888888888888893        2.1212121212121211        299.15670773508344     
   8.8888888888888893        2.1717171717171717        299.15667992691078     
   8.8888888888888893        2.2222222222222223        299.15665302535297     
   8.8888888888888893        2.2727272727272729        299.15662701223192     
   8.8888888888888893        2.3232323232323231        299.15660186928744     
   8.8888888888888893        2.3737373737373737        299.15657757820480     
   8.8888888888888893        2.4242424242424243        299.15655412064280     
   8.8888888888888893        2.4747474747474749        299.15653147826055     
   8.8888888888888893        2.5252525252525251        299.15650963274265     
   8.8888888888888893        2.5757575757575757        299.15648856582419     
   8.8888888888888893        2.6262626262626263        299.15646825931458     
   8.8888888888888893        2.6767676767676769        299.15644869512022     
   8.8888888888888893        2.7272727272727271        299.15642985526728     
   8.8888888888888893        2.7777777777777777        299.15641172192244     
   8.8888888888888893        2.8282828282828283        299.15639427741343     
   8.8888888888888893        2.8787878787878789        299.15637750424901     
   8.8888888888888893        2.9292929292929295        299.15636138513753     
   8.8888888888888893        2.9797979797979797        299.15634590300505     
   8.8888888888888893        3.0303030303030303        299.15633104101300     
   8.8888888888888893        3.0808080808080809        299.15631678257461     
   8.8888888888888893        3.1313131313131315        299.15630311137045     
   8.8888888888888893        3.1818181818181817        299.15629001136404     
   8.8888888888888893        3.2323232323232323        299.15627746681599     
   8.8888888888888893        3.2828282828282829        299.15626546229799     
   8.8888888888888893        3.3333333333333335        299.15625398270538     
   8.8888888888888893        3.3838383838383836        299.15624301326977     
   8.8888888888888893        3.4343434343434343        299.15623253957096     
   8.8888888888888893        3.4848484848484849        299.15622254754766     
   8.8888888888888893        3.5353535353535355        299.15621302350797     
   8.8888888888888893        3.5858585858585861        299.15620395413930     
   8.8888888888888893        3.6363636363636362        299.15619532651755     
   8.8888888888888893        3.6868686868686869        299.15618712811590     
   8.8888888888888893        3.7373737373737375        299.15617934681239     
   8.8888888888888893        3.7878787878787881        299.15617197089813     
   8.8888888888888893        3.8383838383838382        299.15616498908372     
   8.8888888888888893        3.8888888888888888        299.15615839050611     
   8.8888888888888893        3.9393939393939394        299.15615216473441     
   8.8888888888888893        3.9898989898989901        299.15614630177549     
   8.8888888888888893        4.0404040404040407        299.15614079207876     
   8.8888888888888893        4.0909090909090908        299.15613562654124     
   8.8888888888888893        4.1414141414141410        299.15613079651132     
   8.8888888888888893        4.1919191919191920        299.15612629379274     
   8.8888888888888893        4.2424242424242422        299.15612211064780     
   8.8888888888888893        4.2929292929292933        299.15611823980049     
   8.8888888888888893        4.3434343434343434        299.15611467443892     
   8.8888888888888893        4.3939393939393936        299.15611140821773     
   8.8888888888888893        4.4444444444444446        299.15610843525997     
   8.8888888888888893        4.4949494949494948        299.15610575015859     
   8.8888888888888893        4.5454545454545459        299.15610334797788     
   8.8888888888888893        4.5959595959595960        299.15610122425420     
   8.8888888888888893        4.6464646464646462        299.15609937499681     
   8.8888888888888893        4.6969696969696972        299.15609779668830     
   8.8888888888888893        4.7474747474747474        299.15609648628464     
   8.8888888888888893        4.7979797979797976        299.15609544121486     
   8.8888888888888893        4.8484848484848486        299.15609465938098     
   8.8888888888888893        4.8989898989898988        299.15609413915678     
   8.8888888888888893        4.9494949494949498        299.15609387938730     
   8.8888888888888893        5.0000000000000000        299.15609387938730     

   8.9898989898989896        0.0000000000000000        299.05390279667137     
   8.9898989898989896        5.0505050505050504E-002   299.05390279667137     
   8.9898989898989896       0.10101010101010101        299.05385920273710     
   8.9898989898989896       0.15151515151515152        299.05380115164513     
   8.9898989898989896       0.20202020202020202        299.05373869252787     
   8.9898989898989896       0.25252525252525254        299.05367529873138     
   8.9898989898989896       0.30303030303030304        299.05361218247850     
   8.9898989898989896       0.35353535353535354        299.05354977946018     
   8.9898989898989896       0.40404040404040403        299.05348825827457     
   8.9898989898989896       0.45454545454545453        299.05342769462436     
   8.9898989898989896       0.50505050505050508        299.05336813061291     
   8.9898989898989896       0.55555555555555558        299.05330959483632     
   8.9898989898989896       0.60606060606060608        299.05325210919722     
   8.9898989898989896       0.65656565656565657        299.05319569127306     
   8.9898989898989896       0.70707070707070707        299.05314035522440     
   8.9898989898989896       0.75757575757575757        299.05308611223467     
   8.9898989898989896       0.80808080808080807        299.05303297080178     
   8.9898989898989896       0.85858585858585856        299.05298093698104     
   8.9898989898989896       0.90909090909090906        299.05293001460393     
   8.9898989898989896       0.95959595959595956        299.05288020547988     
   8.9898989898989896        1.0101010101010102        299.05283150958223     
   8.9898989898989896        1.0606060606060606        299.05278392521603     
   8.9898989898989896        1.1111111111111112        299.05273744917088     
   8.9898989898989896        1.1616161616161615        299.05269207685797     
   8.9898989898989896        1.2121212121212122        299.05264780243323     
   8.9898989898989896        1.2626262626262625        299.05260461890850     
   8.9898989898989896        1.3131313131313131        299.05256251825085     
   8.9898989898989896        1.3636363636363635        299.05252149147316     
   8.9898989898989896        1.4141414141414141        299.05248152871513     
   8.9898989898989896        1.4646464646464648        299.05244261931836     
   8.9898989898989896        1.5151515151515151        299.05240475189362     
   8.9898989898989896        1.5656565656565657        299.05236791438404     
   8.9898989898989896        1.6161616161616161        299.05233209412211     
   8.9898989898989896        1.6666666666666667        299.05229727788395     
   8.9898989898989896        1.7171717171717171        299.05226345193842     
   8.9898989898989896        1.7676767676767677        299.05223060209448     
   8.9898989898989896        1.8181818181818181        299.05219871374499     
   8.9898989898989896        1.8686868686868687        299.05216777190805     
   8.9898989898989896        1.9191919191919191        299.05213776126652     
   8.9898989898989896        1.9696969696969697        299.05210866620490     
   8.9898989898989896        2.0202020202020203        299.05208047084534     
   8.9898989898989896        2.0707070707070705        299.05205315908148     
   8.9898989898989896        2.1212121212121211        299.05202671461075     
   8.9898989898989896        2.1717171717171717        299.05200112096588     
   8.9898989898989896        2.2222222222222223        299.05197636154452     
   8.9898989898989896        2.2727272727272729        299.05195241963810     
   8.9898989898989896        2.3232323232323231        299.05192927845951     
   8.9898989898989896        2.3737373737373737        299.05190692116963     
   8.9898989898989896        2.4242424242424243        299.05188533090296     
   8.9898989898989896        2.4747474747474749        299.05186449079281     
   8.9898989898989896        2.5252525252525251        299.05184438399448     
   8.9898989898989896        2.5757575757575757        299.05182499370841     
   8.9898989898989896        2.6262626262626263        299.05180630320257     
   8.9898989898989896        2.6767676767676769        299.05178829583332     
   8.9898989898989896        2.7272727272727271        299.05177095506610     
   8.9898989898989896        2.7777777777777777        299.05175426449529     
   8.9898989898989896        2.8282828282828283        299.05173820786285     
   8.9898989898989896        2.8787878787878789        299.05172276907672     
   8.9898989898989896        2.9292929292929295        299.05170793222800     
   8.9898989898989896        2.9797979797979797        299.05169368160807     
   8.9898989898989896        3.0303030303030303        299.05168000172426     
   8.9898989898989896        3.0808080808080809        299.05166687731531     
   8.9898989898989896        3.1313131313131315        299.05165429336603     
   8.9898989898989896        3.1818181818181817        299.05164223512122     
   8.9898989898989896        3.2323232323232323        299.05163068809895     
   8.9898989898989896        3.2828282828282829        299.05161963810320     
   8.9898989898989896        3.3333333333333335        299.05160907123593     
   8.9898989898989896        3.3838383838383836        299.05159897390831     
   8.9898989898989896        3.4343434343434343        299.05158933285173     
   8.9898989898989896        3.4848484848484849        299.05158013512778     
   8.9898989898989896        3.5353535353535355        299.05157136813807     
   8.9898989898989896        3.5858585858585861        299.05156301963314     
   8.9898989898989896        3.6363636363636362        299.05155507772076     
   8.9898989898989896        3.6868686868686869        299.05154753087442     
   8.9898989898989896        3.7373737373737375        299.05154036794011     
   8.9898989898989896        3.7878787878787881        299.05153357814373     
   8.9898989898989896        3.8383838383838382        299.05152715109745     
   8.9898989898989896        3.8888888888888888        299.05152107680533     
   8.9898989898989896        3.9393939393939394        299.05151534566943     
   8.9898989898989896        3.9898989898989901        299.05150994849447     
   8.9898989898989896        4.0404040404040407        299.05150487649229     
   8.9898989898989896        4.0909090909090908        299.05150012128667     
   8.9898989898989896        4.1414141414141410        299.05149567491679     
   8.9898989898989896        4.1919191919191920        299.05149152984063     
   8.9898989898989896        4.2424242424242422        299.05148767893832     
   8.9898989898989896        4.2929292929292933        299.05148411551465     
   8.9898989898989896        4.3434343434343434        299.05148083330158     
   8.9898989898989896        4.3939393939393936        299.05147782646031     
   8.9898989898989896        4.4444444444444446        299.05147508958305     
   8.9898989898989896        4.4949494949494948        299.05147261769457     
   8.9898989898989896        4.5454545454545459        299.05147040625309     
   8.9898989898989896        4.5959595959595960        299.05146845115149     
   8.9898989898989896        4.6464646464646462        299.05146674871787     
   8.9898989898989896        4.6969696969696972        299.05146529571584     
   8.9898989898989896        4.7474747474747474        299.05146408934485     
   8.9898989898989896        4.7979797979797976        299.05146312723969     
   8.9898989898989896        4.8484848484848486        299.05146240747047     
   8.9898989898989896        4.8989898989898988        299.05146192854181     
   8.9898989898989896        4.9494949494949498        299.05146168939206     
   8.9898989898989896        5.0000000000000000        299.05146168939211     

   9.0909090909090917        0.0000000000000000        298.94891250252601     
   9.0909090909090917        5.0505050505050504E-002   298.94891250252601     
   9.0909090909090917       0.10101010101010101        298.94887336434596     
   9.0909090909090917       0.15151515151515152        298.94882111623826     
   9.0909090909090917       0.20202020202020202        298.94876478995747     
   9.0909090909090917       0.25252525252525254        298.94870753073116     
   9.0909090909090917       0.30303030303030304        298.94865044935261     
   9.0909090909090917       0.35353535353535354        298.94859395399516     
   9.0909090909090917       0.40404040404040403        298.94853820916632     
   9.0909090909090917       0.45454545454545453        298.94848329327874     
   9.0909090909090917       0.50505050505050508        298.94842925256415     
   9.0909090909090917       0.55555555555555558        298.94837611952568     
   9.0909090909090917       0.60606060606060608        298.94832391935006     
   9.0909090909090917       0.65656565656565657        298.94827267226958     
   9.0909090909090917       0.70707070707070707        298.94822239457557     
   9.0909090909090917       0.75757575757575757        298.94817309917903     
   9.0909090909090917       0.80808080808080807        298.94812479601012     
   9.0909090909090917       0.85858585858585856        298.94807749234820     
   9.0909090909090917       0.90909090909090906        298.94803119310882     
   9.0909090909090917       0.95959595959595956        298.94798590109752     
   9.0909090909090917        1.0101010101010102        298.94794161723325     
   9.0909090909090917        1.0606060606060606        298.94789834074561     
   9.0909090909090917        1.1111111111111112        298.94785606934744     
   9.0909090909090917        1.1616161616161615        298.94781479938666     
   9.0909090909090917        1.2121212121212122        298.94777452597992     
   9.0909090909090917        1.2626262626262625        298.94773524312990     
   9.0909090909090917        1.3131313131313131        298.94769694382990     
   9.0909090909090917        1.3636363636363635        298.94765962015640     
   9.0909090909090917        1.4141414141414141        298.94762326335177     
   9.0909090909090917        1.4646464646464648        298.94758786389900     
   9.0909090909090917        1.5151515151515151        298.94755341158890     
   9.0909090909090917        1.5656565656565657        298.94751989558210     
   9.0909090909090917        1.6161616161616161        298.94748730446440     
   9.0909090909090917        1.6666666666666667        298.94745562629947     
   9.0909090909090917        1.7171717171717171        298.94742484867595     
   9.0909090909090917        1.7676767676767677        298.94739495875245     
   9.0909090909090917        1.8181818181818181        298.94736594329947     
   9.0909090909090917        1.8686868686868687        298.94733778873803     
   9.0909090909090917        1.9191919191919191        298.94731048117711     
   9.0909090909090917        1.9696969696969697        298.94728400644851     
   9.0909090909090917        2.0202020202020203        298.94725835013980     
   9.0909090909090917        2.0707070707070705        298.94723349762631     
   9.0909090909090917        2.1212121212121211        298.94720943410113     
   9.0909090909090917        2.1717171717171717        298.94718614460402     
   9.0909090909090917        2.2222222222222223        298.94716361404897     
   9.0909090909090917        2.2727272727272729        298.94714182725107     
   9.0909090909090917        2.3232323232323231        298.94712076895155     
   9.0909090909090917        2.3737373737373737        298.94710042384264     
   9.0909090909090917        2.4242424242424243        298.94708077659106     
   9.0909090909090917        2.4747474747474749        298.94706181186064     
   9.0909090909090917        2.5252525252525251        298.94704351433450     
   9.0909090909090917        2.5757575757575757        298.94702586873547     
   9.0909090909090917        2.6262626262626263        298.94700885984702     
   9.0909090909090917        2.6767676767676769        298.94699247253220     
   9.0909090909090917        2.7272727272727271        298.94697669175270     
   9.0909090909090917        2.7777777777777777        298.94696150258687     
   9.0909090909090917        2.8282828282828283        298.94694689024669     
   9.0909090909090917        2.8787878787878789        298.94693284009492     
   9.0909090909090917        2.9292929292929295        298.94691933766052     
   9.0909090909090917        2.9797979797979797        298.94690636865420     
   9.0909090909090917        3.0303030303030303        298.94689391898294     
   9.0909090909090917        3.0808080808080809        298.94688197476398     
   9.0909090909090917        3.1313131313131315        298.94687052233832     
   9.0909090909090917        3.1818181818181817        298.94685954828316     
   9.0909090909090917        3.2323232323232323        298.94684903942431     
   9.0909090909090917        3.2828282828282829        298.94683898284734     
   9.0909090909090917        3.3333333333333335        298.94682936590908     
   9.0909090909090917        3.3838383838383836        298.94682017624740     
   9.0909090909090917        3.4343434343434343        298.94681140179131     
   9.0909090909090917        3.4848484848484849        298.94680303077035     
   9.0909090909090917        3.5353535353535355        298.94679505172331     
   9.0909090909090917        3.5858585858585861        298.94678745350626     
   9.0909090909090917        3.6363636363636362        298.94678022530036     
   9.0909090909090917        3.6868686868686869        298.94677335661930     
   9.0909090909090917        3.7373737373737375        298.94676683731569     
   9.0909090909090917        3.7878787878787881        298.94676065758784     
   9.0909090909090917        3.8383838383838382        298.94675480798526     
   9.0909090909090917        3.8888888888888888        298.94674927941412     
   9.0909090909090917        3.9393939393939394        298.94674406314255     
   9.0909090909090917        3.9898989898989901        298.94673915080489     
   9.0909090909090917        4.0404040404040407        298.94673453440623     
   9.0909090909090917        4.0909090909090908        298.94673020632604     
   9.0909090909090917        4.1414141414141410        298.94672615932177     
   9.0909090909090917        4.1919191919191920        298.94672238653209     
   9.0909090909090917        4.2424242424242422        298.94671888147934     
   9.0909090909090917        4.2929292929292933        298.94671563807248     
   9.0909090909090917        4.3434343434343434        298.94671265060896     
   9.0909090909090917        4.3939393939393936        298.94670991377694     
   9.0909090909090917        4.4444444444444446        298.94670742265646     
   9.0909090909090917        4.4949494949494948        298.94670517272118     
   9.0909090909090917        4.5454545454545459        298.94670315983927     
   9.0909090909090917        4.5959595959595960        298.94670138027431     
   9.0909090909090917        4.6464646464646462        298.94669983068599     
   9.0909090909090917        4.6969696969696972        298.94669850813023     
   9.0909090909090917        4.7474747474747474        298.94669741005930     
   9.0909090909090917        4.7979797979797976        298.94669653432220     
   9.0909090909090917        4.8484848484848486        298.94669587916388     
   9.0909090909090917        4.8989898989898988        298.94669544322505     
   9.0909090909090917        4.9494949494949498        298.94669522554096     
   9.0909090909090917        5.0000000000000000        298.94669522554096     

   9.1919191919191920        0.0000000000000000        298.84379345707532     
   9.1919191919191920        5.0505050505050504E-002   298.84379345707532     
   9.1919191919191920       0.10101010101010101        298.84375890136579     
   9.1919191919191920       0.15151515151515152        298.84371261806149     
   9.1919191919191920       0.20202020202020202        298.84366259231439     
   9.1919191919191920       0.25252525252525254        298.84361163350616     
   9.1919191919191920       0.30303030303030304        298.84356075016626     
   9.1919191919191920       0.35353535353535354        298.84351032387082     
   9.1919191919191920       0.40404040404040403        298.84346051602648     
   9.1919191919191920       0.45454545454545453        298.84341140837614     
   9.1919191919191920       0.50505050505050508        298.84336305151584     
   9.1919191919191920       0.55555555555555558        298.84331548180779     
   9.1919191919191920       0.60606060606060608        298.84326872749966     
   9.1919191919191920       0.65656565656565657        298.84322281116562     
   9.1919191919191920       0.70707070707070707        298.84317775088260     
   9.1919191919191920       0.75757575757575757        298.84313356094719     
   9.1919191919191920       0.80808080808080807        298.84309025240339     
   9.1919191919191920       0.85858585858585856        298.84304783346914     
   9.1919191919191920       0.90909090909090906        298.84300630989480     
   9.1919191919191920       0.95959595959595956        298.84296568526804     
   9.1919191919191920        1.0101010101010102        298.84292596127375     
   9.1919191919191920        1.0606060606060606        298.84288713791602     
   9.1919191919191920        1.1111111111111112        298.84284921370806     
   9.1919191919191920        1.1616161616161615        298.84281218583538     
   9.1919191919191920        1.2121212121212122        298.84277605029627     
   9.1919191919191920        1.2626262626262625        298.84274080202368     
   9.1919191919191920        1.3131313131313131        298.84270643499138     
   9.1919191919191920        1.3636363636363635        298.84267294230727     
   9.1919191919191920        1.4141414141414141        298.84264031629544     
   9.1919191919191920        1.4646464646464648        298.84260854856961     
   9.1919191919191920        1.5151515151515151        298.84257763009850     
   9.1919191919191920        1.5656565656565657        298.84254755126551     
   9.1919191919191920        1.6161616161616161        298.84251830192170     
   9.1919191919191920        1.6666666666666667        298.84248987143559     
   9.1919191919191920        1.7171717171717171        298.84246224873812     
   9.1919191919191920        1.7676767676767677        298.84243542236442     
   9.1919191919191920        1.8181818181818181        298.84240938049300     
   9.1919191919191920        1.8686868686868687        298.84238411098181     
   9.1919191919191920        1.9191919191919191        298.84235960140302     
   9.1919191919191920        1.9696969696969697        298.84233583907451     
   9.1919191919191920        2.0202020202020203        298.84231281109089     
   9.1919191919191920        2.0707070707070705        298.84229050435255     
   9.1919191919191920        2.1212121212121211        298.84226890559307     
   9.1919191919191920        2.1717171717171717        298.84224800140572     
   9.1919191919191920        2.2222222222222223        298.84222777826841     
   9.1919191919191920        2.2727272727272729        298.84220822256822     
   9.1919191919191920        2.3232323232323231        298.84218932062430     
   9.1919191919191920        2.3737373737373737        298.84217105871011     
   9.1919191919191920        2.4242424242424243        298.84215342307510     
   9.1919191919191920        2.4747474747474749        298.84213639996466     
   9.1919191919191920        2.5252525252525251        298.84211997564046     
   9.1919191919191920        2.5757575757575757        298.84210413639937     
   9.1919191919191920        2.6262626262626263        298.84208886859142     
   9.1919191919191920        2.6767676767676769        298.84207415863750     
   9.1919191919191920        2.7272727272727271        298.84205999304675     
   9.1919191919191920        2.7777777777777777        298.84204635843201     
   9.1919191919191920        2.8282828282828283        298.84203324152600     
   9.1919191919191920        2.8787878787878789        298.84202062919610     
   9.1919191919191920        2.9292929292929295        298.84200850845855     
   9.1919191919191920        2.9797979797979797        298.84199686649254     
   9.1919191919191920        3.0303030303030303        298.84198569065313     
   9.1919191919191920        3.0808080808080809        298.84197496848361     
   9.1919191919191920        3.1313131313131315        298.84196468772814     
   9.1919191919191920        3.1818181818181817        298.84195483634250     
   9.1919191919191920        3.2323232323232323        298.84194540250536     
   9.1919191919191920        3.2828282828282829        298.84193637462863     
   9.1919191919191920        3.3333333333333335        298.84192774136739     
   9.1919191919191920        3.3838383838383836        298.84191949162869     
   9.1919191919191920        3.4343434343434343        298.84191161458108     
   9.1919191919191920        3.4848484848484849        298.84190409966254     
   9.1919191919191920        3.5353535353535355        298.84189693658828     
   9.1919191919191920        3.5858585858585861        298.84189011535847     
   9.1919191919191920        3.6363636363636362        298.84188362626497     
   9.1919191919191920        3.6868686868686869        298.84187745989772     
   9.1919191919191920        3.7373737373737375        298.84187160715112     
   9.1919191919191920        3.7878787878787881        298.84186605922946     
   9.1919191919191920        3.8383838383838382        298.84186080765221     
   9.1919191919191920        3.8888888888888888        298.84185584425910     
   9.1919191919191920        3.9393939393939394        298.84185116121427     
   9.1919191919191920        3.9898989898989901        298.84184675101079     
   9.1919191919191920        4.0404040404040407        298.84184260647419     
   9.1919191919191920        4.0909090909090908        298.84183872076608     
   9.1919191919191920        4.1414141414141410        298.84183508738721     
   9.1919191919191920        4.1919191919191920        298.84183170018031     
   9.1919191919191920        4.2424242424242422        298.84182855333245     
   9.1919191919191920        4.2929292929292933        298.84182564137774     
   9.1919191919191920        4.3434343434343434        298.84182295919879     
   9.1919191919191920        4.3939393939393936        298.84182050202884     
   9.1919191919191920        4.4444444444444446        298.84181826545284     
   9.1919191919191920        4.4949494949494948        298.84181624540906     
   9.1919191919191920        4.5454545454545459        298.84181443818972     
   9.1919191919191920        4.5959595959595960        298.84181284044200     
   9.1919191919191920        4.6464646464646462        298.84181144916840     
   9.1919191919191920        4.6969696969696972        298.84181026172735     
   9.1919191919191920        4.7474747474747474        298.84180927583304     
   9.1919191919191920        4.7979797979797976        298.84180848955583     
   9.1919191919191920        4.8484848484848486        298.84180790132154     
   9.1919191919191920        4.8989898989898988        298.84180750991158     
   9.1919191919191920        4.9494949494949498        298.84180731446173     
   9.1919191919191920        5.0000000000000000        298.84180731446173     

   9.2929292929292924        0.0000000000000000        298.73855987236902     
   9.2929292929292924        5.0505050505050504E-002   298.73855987236902     
   9.2929292929292924       0.10101010101010101        298.73853000212483     
   9.2929292929292924       0.15151515151515152        298.73848981223711     
   9.2929292929292924       0.20202020202020202        298.73844621841687     
   9.2929292929292924       0.25252525252525254        298.73840168972777     
   9.2929292929292924       0.30303030303030304        298.73835713321392     
   9.2929292929292924       0.35353535353535354        298.73831290540738     
   9.2929292929292924       0.40404040404040403        298.73826916567197     
   9.2929292929292924       0.45454545454545453        298.73822599948858     
   9.2929292929292924       0.50505050505050508        298.73818346173528     
   9.2929292929292924       0.55555555555555558        298.73814159225958     
   9.2929292929292924       0.60606060606060608        298.73810042185841     
   9.2929292929292924       0.65656565656565657        298.73805997489819     
   9.2929292929292924       0.70707070707070707        298.73802027071116     
   9.2929292929292924       0.75757575757575757        298.73798132449770     
   9.2929292929292924       0.80808080808080807        298.73794314799272     
   9.2929292929292924       0.85858585858585856        298.73790574999060     
   9.2929292929292924       0.90909090909090906        298.73786913677111     
   9.2929292929292924       0.95959595959595956        298.73783331244988     
   9.2929292929292924        1.0101010101010102        298.73779827926751     
   9.2929292929292924        1.0606060606060606        298.73776403783097     
   9.2929292929292924        1.1111111111111112        298.73773058731467     
   9.2929292929292924        1.1616161616161615        298.73769792562996     
   9.2929292929292924        1.2121212121212122        298.73766604956842     
   9.2929292929292924        1.2626262626262625        298.73763495492443     
   9.2929292929292924        1.3131313131313131        298.73760463660011     
   9.2929292929292924        1.3636363636363635        298.73757508869687     
   9.2929292929292924        1.4141414141414141        298.73754630459456     
   9.2929292929292924        1.4646464646464648        298.73751827702193     
   9.2929292929292924        1.5151515151515151        298.73749099811886     
   9.2929292929292924        1.5656565656565657        298.73746445949183     
   9.2929292929292924        1.6161616161616161        298.73743865226447     
   9.2929292929292924        1.6666666666666667        298.73741356712299     
   9.2929292929292924        1.7171717171717171        298.73738919435823     
   9.2929292929292924        1.7676767676767677        298.73736552390352     
   9.2929292929292924        1.8181818181818181        298.73734254537106     
   9.2929292929292924        1.8686868686868687        298.73732024808464     
   9.2929292929292924        1.9191919191919191        298.73729862111048     
   9.2929292929292924        1.9696969696969697        298.73727765328687     
   9.2929292929292924        2.0202020202020203        298.73725733325136     
   9.2929292929292924        2.0707070707070705        298.73723764946698     
   9.2929292929292924        2.1212121212121211        298.73721859024732     
   9.2929292929292924        2.1717171717171717        298.73720014377949     
   9.2929292929292924        2.2222222222222223        298.73718229814739     
   9.2929292929292924        2.2727272727272729        298.73716504135263     
   9.2929292929292924        2.3232323232323231        298.73714836133581     
   9.2929292929292924        2.3737373737373737        298.73713224599572     
   9.2929292929292924        2.4242424242424243        298.73711668320897     
   9.2929292929292924        2.4747474747474749        298.73710166084760     
   9.2929292929292924        2.5252525252525251        298.73708716679715     
   9.2929292929292924        2.5757575757575757        298.73707318897357     
   9.2929292929292924        2.6262626262626263        298.73705971533906     
   9.2929292929292924        2.6767676767676769        298.73704673391796     
   9.2929292929292924        2.7272727272727271        298.73703423281142     
   9.2929292929292924        2.7777777777777777        298.73702220021227     
   9.2929292929292924        2.8282828282828283        298.73701062441853     
   9.2929292929292924        2.8787878787878789        298.73699949384644     
   9.2929292929292924        2.9292929292929295        298.73698879704369     
   9.2929292929292924        2.9797979797979797        298.73697852270135     
   9.2929292929292924        3.0303030303030303        298.73696865966525     
   9.2929292929292924        3.0808080808080809        298.73695919694728     
   9.2929292929292924        3.1313131313131315        298.73695012373634     
   9.2929292929292924        3.1818181818181817        298.73694142940781     
   9.2929292929292924        3.2323232323232323        298.73693310353366     
   9.2929292929292924        3.2828282828282829        298.73692513589140     
   9.2929292929292924        3.3333333333333335        298.73691751647306     
   9.2929292929292924        3.3838383838383836        298.73691023549293     
   9.2929292929292924        3.4343434343434343        298.73690328339586     
   9.2929292929292924        3.4848484848484849        298.73689665086420     
   9.2929292929292924        3.5353535353535355        298.73689032882515     
   9.2929292929292924        3.5858585858585861        298.73688430845681     
   9.2929292929292924        3.6363636363636362        298.73687858119479     
   9.2929292929292924        3.6868686868686869        298.73687313873774     
   9.2929292929292924        3.7373737373737375        298.73686797305271     
   9.2929292929292924        3.7878787878787881        298.73686307638002     
   9.2929292929292924        3.8383838383838382        298.73685844123838     
   9.2929292929292924        3.8888888888888888        298.73685406042841     
   9.2929292929292924        3.9393939393939394        298.73684992703750     
   9.2929292929292924        3.9898989898989901        298.73684603444286     
   9.2929292929292924        4.0404040404040407        298.73684237631511     
   9.2929292929292924        4.0909090909090908        298.73683894662128     
   9.2929292929292924        4.1414141414141410        298.73683573962762     
   9.2929292929292924        4.1919191919191920        298.73683274990202     
   9.2929292929292924        4.2424242424242422        298.73682997231612     
   9.2929292929292924        4.2929292929292933        298.73682740204794     
   9.2929292929292924        4.3434343434343434        298.73682503458258     
   9.2929292929292924        4.3939393939393936        298.73682286571466     
   9.2929292929292924        4.4444444444444446        298.73682089154931     
   9.2929292929292924        4.4949494949494948        298.73681910850303     
   9.2929292929292924        4.5454545454545459        298.73681751330480     
   9.2929292929292924        4.5959595959595960        298.73681610299678     
   9.2929292929292924        4.6464646464646462        298.73681487493474     
   9.2929292929292924        4.6969696969696972        298.73681382678842     
   9.2929292929292924        4.7474747474747474        298.73681295654177     
   9.2929292929292924        4.7979797979797976        298.73681226249283     
   9.2929292929292924        4.8484848484848486        298.73681174325407     
   9.2929292929292924        4.8989898989898988        298.73681139775124     
   9.2929292929292924        4.9494949494949498        298.73681122522390     
   9.2929292929292924        5.0000000000000000        298.73681122522396     

   9.3939393939393945        0.0000000000000000        298.63322639242438     
   9.3939393939393945        5.0505050505050504E-002   298.63322639242438     
   9.3939393939393945       0.10101010101010101        298.63320128286045     
   9.3939393939393945       0.15151515151515152        298.63316727582003     
   9.3939393939393945       0.20202020202020202        298.63313020314018     
   9.3939393939393945       0.25252525252525254        298.63309219345729     
   9.3939393939393945       0.30303030303030304        298.63305405498608     
   9.3939393939393945       0.35353535353535354        298.63301612119545     
   9.3939393939393945       0.40404040404040403        298.63297855017714     
   9.3939393939393945       0.45454545454545453        298.63294143100603     
   9.3939393939393945       0.50505050505050508        298.63290482218417     
   9.3939393939393945       0.55555555555555558        298.63286876617218     
   9.3939393939393945       0.60606060606060608        298.63283329541076     
   9.3939393939393945       0.65656565656565657        298.63279843521531     
   9.3939393939393945       0.70707070707070707        298.63276420543076     
   9.3939393939393945       0.75757575757575757        298.63273062152962     
   9.3939393939393945       0.80808080808080807        298.63269769541085     
   9.3939393939393945       0.85858585858585856        298.63266543601122     
   9.3939393939393945       0.90909090909090906        298.63263384978575     
   9.3939393939393945       0.95959595959595956        298.63260294109000     
   9.3939393939393945        1.0101010101010102        298.63257271248779     
   9.3939393939393945        1.0606060606060606        298.63254316500155     
   9.3939393939393945        1.1111111111111112        298.63251429831672     
   9.3939393939393945        1.1616161616161615        298.63248611095077     
   9.3939393939393945        1.2121212121212122        298.63245860039467     
   9.3939393939393945        1.2626262626262625        298.63243176323061     
   9.3939393939393945        1.3131313131313131        298.63240559523331     
   9.3939393939393945        1.3636363636363635        298.63238009145584     
   9.3939393939393945        1.4141414141414141        298.63235524630477     
   9.3939393939393945        1.4646464646464648        298.63233105360467     
   9.3939393939393945        1.5151515151515151        298.63230750665599     
   9.3939393939393945        1.5656565656565657        298.63228459828542     
   9.3939393939393945        1.6161616161616161        298.63226232089238     
   9.3939393939393945        1.6666666666666667        298.63224066648945     
   9.3939393939393945        1.7171717171717171        298.63221962674049     
   9.3939393939393945        1.7676767676767677        298.63219919299462     
   9.3939393939393945        1.8181818181818181        298.63217935631843     
   9.3939393939393945        1.8686868686868687        298.63216010752490     
   9.3939393939393945        1.9191919191919191        298.63214143720120     
   9.3939393939393945        1.9696969696969697        298.63212333573432     
   9.3939393939393945        2.0202020202020203        298.63210579333543     
   9.3939393939393945        2.0707070707070705        298.63208880006260     
   9.3939393939393945        2.1212121212121211        298.63207234584269     
   9.3939393939393945        2.1717171717171717        298.63205642049195     
   9.3939393939393945        2.2222222222222223        298.63204101373583     
   9.3939393939393945        2.2727272727272729        298.63202611522763     
   9.3939393939393945        2.3232323232323231        298.63201171456666     
   9.3939393939393945        2.3737373737373737        298.63199780131526     
   9.3939393939393945        2.4242424242424243        298.63198436501580     
   9.3939393939393945        2.4747474747474749        298.63197139520594     
   9.3939393939393945        2.5252525252525251        298.63195888143429     
   9.3939393939393945        2.5757575757575757        298.63194681327531     
   9.3939393939393945        2.6262626262626263        298.63193518034251     
   9.3939393939393945        2.6767676767676769        298.63192397230301     
   9.3939393939393945        2.7272727272727271        298.63191317888970     
   9.3939393939393945        2.7777777777777777        298.63190278991408     
   9.3939393939393945        2.8282828282828283        298.63189279527830     
   9.3939393939393945        2.8787878787878789        298.63188318498646     
   9.3939393939393945        2.9292929292929295        298.63187394915559     
   9.3939393939393945        2.9797979797979797        298.63186507802646     
   9.3939393939393945        3.0303030303030303        298.63185656197305     
   9.3939393939393945        3.0808080808080809        298.63184839151279     
   9.3939393939393945        3.1313131313131315        298.63184055731540     
   9.3939393939393945        3.1818181818181817        298.63183305021170     
   9.3939393939393945        3.2323232323232323        298.63182586120195     
   9.3939393939393945        3.2828282828282829        298.63181898146382     
   9.3939393939393945        3.3333333333333335        298.63181240235997     
   9.3939393939393945        3.3838383838383836        298.63180611544470     
   9.3939393939393945        3.4343434343434343        298.63180011247147     
   9.3939393939393945        3.4848484848484849        298.63179438539862     
   9.3939393939393945        3.5353535353535355        298.63178892639553     
   9.3939393939393945        3.5858585858585861        298.63178372784824     
   9.3939393939393945        3.6363636363636362        298.63177878236513     
   9.3939393939393945        3.6868686868686869        298.63177408278148     
   9.3939393939393945        3.7373737373737375        298.63176962216397     
   9.3939393939393945        3.7878787878787881        298.63176539381539     
   9.3939393939393945        3.8383838383838382        298.63176139127853     
   9.3939393939393945        3.8888888888888888        298.63175760833991     
   9.3939393939393945        3.9393939393939394        298.63175403903301     
   9.3939393939393945        3.9898989898989901        298.63175067764183     
   9.3939393939393945        4.0404040404040407        298.63174751870321     
   9.3939393939393945        4.0909090909090908        298.63174455701011     
   9.3939393939393945        4.1414141414141410        298.63174178761369     
   9.3939393939393945        4.1919191919191920        298.63173920582528     
   9.3939393939393945        4.2424242424242422        298.63173680721860     
   9.3939393939393945        4.2929292929292933        298.63173458763157     
   9.3939393939393945        4.3434343434343434        298.63173254316735     
   9.3939393939393945        4.3939393939393936        298.63173067019613     
   9.3939393939393945        4.4444444444444446        298.63172896535610     
   9.3939393939393945        4.4949494949494948        298.63172742555435     
   9.3939393939393945        4.5454545454545459        298.63172604796762     
   9.3939393939393945        4.5959595959595960        298.63172483004297     
   9.3939393939393945        4.6464646464646462        298.63172376949825     
   9.3939393939393945        4.6969696969696972        298.63172286432240     
   9.3939393939393945        4.7474747474747474        298.63172211277578     
   9.3939393939393945        4.7979797979797976        298.63172151339012     
   9.3939393939393945        4.8484848484848486        298.63172106496853     
   9.3939393939393945        4.8989898989898988        298.63172076658543     
   9.3939393939393945        4.9494949494949498        298.63172061758587     
   9.3939393939393945        5.0000000000000000        298.63172061758598     

   9.4949494949494948        0.0000000000000000        298.52780804510485     
   9.4949494949494948        5.0505050505050504E-002   298.52780804510485     
   9.4949494949494948       0.10101010101010101        298.52778773627739     
   9.4949494949494948       0.15151515151515152        298.52775995238682     
   9.4949494949494948       0.20202020202020202        298.52772943922201     
   9.4949494949494948       0.25252525252525254        298.52769799069642     
   9.4949494949494948       0.30303030303030304        298.52766632058535     
   9.4949494949494948       0.35353535353535354        298.52763474097742     
   9.4949494949494948       0.40404040404040403        298.52760340843463     
   9.4949494949494948       0.45454545454545453        298.52757241438007     
   9.4949494949494948       0.50505050505050508        298.52754181935654     
   9.4949494949494948       0.55555555555555558        298.52751166686960     
   9.4949494949494948       0.60606060606060608        298.52748198960916     
   9.4949494949494948       0.65656565656565657        298.52745281266306     
   9.4949494949494948       0.70707070707070707        298.52742415542741     
   9.4949494949494948       0.75757575757575757        298.52739603287267     
   9.4949494949494948       0.80808080808080807        298.52736845644466     
   9.4949494949494948       0.85858585858585856        298.52734143473197     
   9.4949494949494948       0.90909090909090906        298.52731497397571     
   9.4949494949494948       0.95959595959595956        298.52728907846267     
   9.4949494949494948        1.0101010101010102        298.52726375083489     
   9.4949494949494948        1.0606060606060606        298.52723899233604     
   9.4949494949494948        1.1111111111111112        298.52721480300829     
   9.4949494949494948        1.1616161616161615        298.52719118185416     
   9.4949494949494948        1.2121212121212122        298.52716812696798     
   9.4949494949494948        1.2626262626262625        298.52714563564587     
   9.4949494949494948        1.3131313131313131        298.52712370447802     
   9.4949494949494948        1.3636363636363635        298.52710232942695     
   9.4949494949494948        1.4141414141414141        298.52708150589473     
   9.4949494949494948        1.4646464646464648        298.52706122878106     
   9.4949494949494948        1.5151515151515151        298.52704149253407     
   9.4949494949494948        1.5656565656565657        298.52702229119512     
   9.4949494949494948        1.6161616161616161        298.52700361843949     
   9.4949494949494948        1.6666666666666667        298.52698546761144     
   9.4949494949494948        1.7171717171717171        298.52696783175742     
   9.4949494949494948        1.7676767676767677        298.52695070365542     
   9.4949494949494948        1.8181818181818181        298.52693407584263     
   9.4949494949494948        1.8686868686868687        298.52691794064071     
   9.4949494949494948        1.9191919191919191        298.52690229017890     
   9.4949494949494948        1.9696969696969697        298.52688711641656     
   9.4949494949494948        2.0202020202020203        298.52687241116365     
   9.4949494949494948        2.0707070707070705        298.52685816609994     
   9.4949494949494948        2.1212121212121211        298.52684437279385     
   9.4949494949494948        2.1717171717171717        298.52683102271982     
   9.4949494949494948        2.2222222222222223        298.52681810727495     
   9.4949494949494948        2.2727272727272729        298.52680561779516     
   9.4949494949494948        2.3232323232323231        298.52679354557006     
   9.4949494949494948        2.3737373737373737        298.52678188185769     
   9.4949494949494948        2.4242424242424243        298.52677061789848     
   9.4949494949494948        2.4747474747474749        298.52675974492877     
   9.4949494949494948        2.5252525252525251        298.52674925419336     
   9.4949494949494948        2.5757575757575757        298.52673913695804     
   9.4949494949494948        2.6262626262626263        298.52672938452145     
   9.4949494949494948        2.6767676767676769        298.52671998822643     
   9.4949494949494948        2.7272727272727271        298.52671093947095     
   9.4949494949494948        2.7777777777777777        298.52670222971830     
   9.4949494949494948        2.8282828282828283        298.52669385050780     
   9.4949494949494948        2.8787878787878789        298.52668579346374     
   9.4949494949494948        2.9292929292929295        298.52667805030518     
   9.4949494949494948        2.9797979797979797        298.52667061285433     
   9.4949494949494948        3.0303030303030303        298.52666347304529     
   9.4949494949494948        3.0808080808080809        298.52665662293197     
   9.4949494949494948        3.1313131313131315        298.52665005469589     
   9.4949494949494948        3.1818181818181817        298.52664376065360     
   9.4949494949494948        3.2323232323232323        298.52663773326339     
   9.4949494949494948        3.2828282828282829        298.52663196513220     
   9.4949494949494948        3.3333333333333335        298.52662644902188     
   9.4949494949494948        3.3838383838383836        298.52662117785496     
   9.4949494949494948        3.4343434343434343        298.52661614472066     
   9.4949494949494948        3.4848484848484849        298.52661134287985     
   9.4949494949494948        3.5353535353535355        298.52660676577040     
   9.4949494949494948        3.5858585858585861        298.52660240701152     
   9.4949494949494948        3.6363636363636362        298.52659826040883     
   9.4949494949494948        3.6868686868686869        298.52659431995784     
   9.4949494949494948        3.7373737373737375        298.52659057984835     
   9.4949494949494948        3.7878787878787881        298.52658703446764     
   9.4949494949494948        3.8383838383838382        298.52658367840417     
   9.4949494949494948        3.8888888888888888        298.52658050645078     
   9.4949494949494948        3.9393939393939394        298.52657751360721     
   9.4949494949494948        3.9898989898989901        298.52657469508290     
   9.4949494949494948        4.0404040404040407        298.52657204629958     
   9.4949494949494948        4.0909090909090908        298.52656956289320     
   9.4949494949494948        4.1414141414141410        298.52656724071625     
   9.4949494949494948        4.1919191919191920        298.52656507583930     
   9.4949494949494948        4.2424242424242422        298.52656306455276     
   9.4949494949494948        4.2929292929292933        298.52656120336832     
   9.4949494949494948        4.3434343434343434        298.52655948902026     
   9.4949494949494948        4.3939393939393936        298.52655791846649     
   9.4949494949494948        4.4444444444444446        298.52655648888941     
   9.4949494949494948        4.4949494949494948        298.52655519769684     
   9.4949494949494948        4.5454545454545459        298.52655404252278     
   9.4949494949494948        4.5959595959595960        298.52655302122753     
   9.4949494949494948        4.6464646464646462        298.52655213189882     
   9.4949494949494948        4.6969696969696972        298.52655137285137     
   9.4949494949494948        4.7474747474747474        298.52655074262753     
   9.4949494949494948        4.7979797979797976        298.52655023999745     
   9.4949494949494948        4.8484848484848486        298.52654986395879     
   9.4949494949494948        4.8989898989898988        298.52654961373725     
   9.4949494949494948        4.9494949494949498        298.52654948878615     
   9.4949494949494948        5.0000000000000000        298.52654948878615     

   9.5959595959595951        0.0000000000000000        298.42232019953246     
   9.5959595959595951        5.0505050505050504E-002   298.42232019953246     
   9.5959595959595951       0.10101010101010101        298.42230468116134     
   9.5959595959595951       0.15151515151515152        298.42228309397115     
   9.5959595959595951       0.20202020202020202        298.42225911502828     
   9.5959595959595951       0.25252525252525254        298.42223421607002     
   9.5959595959595951       0.30303030303030304        298.42220902101394     
   9.5959595959595951       0.35353535353535354        298.42218382013931     
   9.5959595959595951       0.40404040404040403        298.42215876587778     
   9.5959595959595951       0.45454545454545453        298.42213394887665     
   9.5959595959595951       0.50505050505050508        298.42210942881803     
   9.5959595959595951       0.55555555555555558        298.42208524782478     
   9.5959595959595951       0.60606060606060608        298.42206143690277     
   9.5959595959595951       0.65656565656565657        298.42203801941167     
   9.5959595959595951       0.70707070707070707        298.42201501314628     
   9.5959595959595951       0.75757575757575757        298.42199243169307     
   9.5959595959595951       0.80808080808080807        298.42197028536822     
   9.5959595959595951       0.85858585858585856        298.42194858189305     
   9.5959595959595951       0.90909090909090906        298.42192732689244     
   9.5959595959595951       0.95959595959595956        298.42190652427257     
   9.5959595959595951        1.0101010101010102        298.42188617651033     
   9.5959595959595951        1.0606060606060606        298.42186628487991     
   9.5959595959595951        1.1111111111111112        298.42184684963138     
   9.5959595959595951        1.1616161616161615        298.42182787013479     
   9.5959595959595951        1.2121212121212122        298.42180934499680     
   9.5959595959595951        1.2626262626262625        298.42179127215627     
   9.5959595959595951        1.3131313131313131        298.42177364896440     
   9.5959595959595951        1.3636363636363635        298.42175647225179     
   9.5959595959595951        1.4141414141414141        298.42173973838595     
   9.5959595959595951        1.4646464646464648        298.42172344332033     
   9.5959595959595951        1.5151515151515151        298.42170758263734     
   9.5959595959595951        1.5656565656565657        298.42169215158572     
   9.5959595959595951        1.6161616161616161        298.42167714511419     
   9.5959595959595951        1.6666666666666667        298.42166255790136     
   9.5959595959595951        1.7171717171717171        298.42164838438237     
   9.5959595959595951        1.7676767676767677        298.42163461877379     
   9.5959595959595951        1.8181818181818181        298.42162125509572     
   9.5959595959595951        1.8686868686868687        298.42160828719290     
   9.5959595959595951        1.9191919191919191        298.42159570875373     
   9.5959595959595951        1.9696969696969697        298.42158351332841     
   9.5959595959595951        2.0202020202020203        298.42157169434557     
   9.5959595959595951        2.0707070707070705        298.42156024512815     
   9.5959595959595951        2.1212121212121211        298.42154915890870     
   9.5959595959595951        2.1717171717171717        298.42153842884318     
   9.5959595959595951        2.2222222222222223        298.42152804802487     
   9.5959595959595951        2.2727272727272729        298.42151800949705     
   9.5959595959595951        2.3232323232323231        298.42150830626531     
   9.5959595959595951        2.3737373737373737        298.42149893130932     
   9.5959595959595951        2.4242424242424243        298.42148987759413     
   9.5959595959595951        2.4747474747474749        298.42148113808128     
   9.5959595959595951        2.5252525252525251        298.42147270573867     
   9.5959595959595951        2.5757575757575757        298.42146457355068     
   9.5959595959595951        2.6262626262626263        298.42145673452785     
   9.5959595959595951        2.6767676767676769        298.42144918171630     
   9.5959595959595951        2.7272727272727271        298.42144190820574     
   9.5959595959595951        2.7777777777777777        298.42143490713863     
   9.5959595959595951        2.8282828282828283        298.42142817171799     
   9.5959595959595951        2.8787878787878789        298.42142169521526     
   9.5959595959595951        2.9292929292929295        298.42141547097759     
   9.5959595959595951        2.9797979797979797        298.42140949243515     
   9.5959595959595951        3.0303030303030303        298.42140375310782     
   9.5959595959595951        3.0808080808080809        298.42139824661166     
   9.5959595959595951        3.1313131313131315        298.42139296666534     
   9.5959595959595951        3.1818181818181817        298.42138790709544     
   9.5959595959595951        3.2323232323232323        298.42138306184302     
   9.5959595959595951        3.2828282828282829        298.42137842496794     
   9.5959595959595951        3.3333333333333335        298.42137399065479     
   9.5959595959595951        3.3838383838383836        298.42136975321716     
   9.5959595959595951        3.4343434343434343        298.42136570710250     
   9.5959595959595951        3.4848484848484849        298.42136184689610     
   9.5959595959595951        3.5353535353535355        298.42135816732542     
   9.5959595959595951        3.5858585858585861        298.42135466326380     
   9.5959595959595951        3.6363636363636362        298.42135132973402     
   9.5959595959595951        3.6868686868686869        298.42134816191151     
   9.5959595959595951        3.7373737373737375        298.42134515512788     
   9.5959595959595951        3.7878787878787881        298.42134230487329     
   9.5959595959595951        3.8383838383838382        298.42133960679968     
   9.5959595959595951        3.8888888888888888        298.42133705672285     
   9.5959595959595951        3.9393939393939394        298.42133465062506     
   9.5959595959595951        3.9898989898989901        298.42133238465709     
   9.5959595959595951        4.0404040404040407        298.42133025514022     
   9.5959595959595951        4.0909090909090908        298.42132825856771     
   9.5959595959595951        4.1414141414141410        298.42132639160712     
   9.5959595959595951        4.1919191919191920        298.42132465110080     
   9.5959595959595951        4.2424242424242422        298.42132303406811     
   9.5959595959595951        4.2929292929292933        298.42132153770598     
   9.5959595959595951        4.3434343434343434        298.42132015939029     
   9.5959595959595951        4.3939393939393936        298.42131889667655     
   9.5959595959595951        4.4444444444444446        298.42131774730063     
   9.5959595959595951        4.4949494949494948        298.42131670917979     
   9.5959595959595951        4.5454545454545459        298.42131578041261     
   9.5959595959595951        4.5959595959595960        298.42131495927993     
   9.5959595959595951        4.6464646464646462        298.42131424424531     
   9.5959595959595951        4.6969696969696972        298.42131363395458     
   9.5959595959595951        4.7474747474747474        298.42131312723689     
   9.5959595959595951        4.7979797979797976        298.42131272310439     
   9.5959595959595951        4.8484848484848486        298.42131242075254     
   9.5959595959595951        4.8989898989898988        298.42131221956066     
   9.5959595959595951        4.9494949494949498        298.42131211909134     
   9.5959595959595951        5.0000000000000000        298.42131211909140     

   9.6969696969696972        0.0000000000000000        298.31677853705310     
   9.6969696969696972        5.0505050505050504E-002   298.31677853705310     
   9.6969696969696972       0.10101010101010101        298.31676771316972     
   9.6969696969696972       0.15151515151515152        298.31675219709348     
   9.6969696969696972       0.20202020202020202        298.31673464545338     
   9.6969696969696972       0.25252525252525254        298.31671622421129     
   9.6969696969696972       0.30303030303030304        298.31669746697997     
   9.6969696969696972       0.35353535353535354        298.31667863603599     
   9.6969696969696972       0.40404040404040403        298.31665987280417     
   9.6969696969696972       0.45454545454545453        298.31664126131460     
   9.6969696969696972       0.50505050505050508        298.31662285589334     
   9.6969696969696972       0.55555555555555558        298.31660469396456     
   9.6969696969696972       0.60606060606060608        298.31658680244522     
   9.6969696969696972       0.65656565656565657        298.31656920122867     
   9.6969696969696972       0.70707070707070707        298.31655190524651     
   9.6969696969696972       0.75757575757575757        298.31653492577817     
   9.6969696969696972       0.80808080808080807        298.31651827132811     
   9.6969696969696972       0.85858585858585856        298.31650194824005     
   9.6969696969696972       0.90909090909090906        298.31648596113837     
   9.6969696969696972       0.95959595959595956        298.31647031325531     
   9.6969696969696972        1.0101010101010102        298.31645500667742     
   9.6969696969696972        1.0606060606060606        298.31644004253525     
   9.6969696969696972        1.1111111111111112        298.31642542115128     
   9.6969696969696972        1.1616161616161615        298.31641114215802     
   9.6969696969696972        1.2121212121212122        298.31639720459208     
   9.6969696969696972        1.2626262626262625        298.31638360697161     
   9.6969696969696972        1.3131313131313131        298.31637034735968     
   9.6969696969696972        1.3636363636363635        298.31635742341791     
   9.6969696969696972        1.4141414141414141        298.31634483245142     
   9.6969696969696972        1.4646464646464648        298.31633257144790     
   9.6969696969696972        1.5151515151515151        298.31632063711027     
   9.6969696969696972        1.5656565656565657        298.31630902588677     
   9.6969696969696972        1.6161616161616161        298.31629773399624     
   9.6969696969696972        1.6666666666666667        298.31628675745168     
   9.6969696969696972        1.7171717171717171        298.31627609208061     
   9.6969696969696972        1.7676767676767677        298.31626573354407     
   9.6969696969696972        1.8181818181818181        298.31625567735392     
   9.6969696969696972        1.8686868686868687        298.31624591888846     
   9.6969696969696972        1.9191919191919191        298.31623645340744     
   9.6969696969696972        1.9696969696969697        298.31622727606543     
   9.6969696969696972        2.0202020202020203        298.31621838192501     
   9.6969696969696972        2.0707070707070705        298.31620976596838     
   9.6969696969696972        2.1212121212121211        298.31620142310902     
   9.6969696969696972        2.1717171717171717        298.31619334820243     
   9.6969696969696972        2.2222222222222223        298.31618553605625     
   9.6969696969696972        2.2727272727272729        298.31617798144038     
   9.6969696969696972        2.3232323232323231        298.31617067909593     
   9.6969696969696972        2.3737373737373737        298.31616362374410     
   9.6969696969696972        2.4242424242424243        298.31615681009492     
   9.6969696969696972        2.4747474747474749        298.31615023285536     
   9.6969696969696972        2.5252525252525251        298.31614388673711     
   9.6969696969696972        2.5757575757575757        298.31613776646418     
   9.6969696969696972        2.6262626262626263        298.31613186677998     
   9.6969696969696972        2.6767676767676769        298.31612618245430     
   9.6969696969696972        2.7272727272727271        298.31612070828987     
   9.6969696969696972        2.7777777777777777        298.31611543912896     
   9.6969696969696972        2.8282828282828283        298.31611036985925     
   9.6969696969696972        2.8787878787878789        298.31610549541966     
   9.6969696969696972        2.9292929292929295        298.31610081080612     
   9.6969696969696972        2.9797979797979797        298.31609631107699     
   9.6969696969696972        3.0303030303030303        298.31609199135778     
   9.6969696969696972        3.0808080808080809        298.31608784684659     
   9.6969696969696972        3.1313131313131315        298.31608387281841     
   9.6969696969696972        3.1818181818181817        298.31608006462955     
   9.6969696969696972        3.2323232323232323        298.31607641772217     
   9.6969696969696972        3.2828282828282829        298.31607292762800     
   9.6969696969696972        3.3333333333333335        298.31606958997224     
   9.6969696969696972        3.3838383838383836        298.31606640047750     
   9.6969696969696972        3.4343434343434343        298.31606335496656     
   9.6969696969696972        3.4848484848484849        298.31606044936638     
   9.6969696969696972        3.5353535353535355        298.31605767971047     
   9.6969696969696972        3.5858585858585861        298.31605504214212     
   9.6969696969696972        3.6363636363636362        298.31605253291718     
   9.6969696969696972        3.6868686868686869        298.31605014840625     
   9.6969696969696972        3.7373737373737375        298.31604788509713     
   9.6969696969696972        3.7878787878787881        298.31604573959726     
   9.6969696969696972        3.8383838383838382        298.31604370863539     
   9.6969696969696972        3.8888888888888888        298.31604178906395     
   9.6969696969696972        3.9393939393939394        298.31603997786027     
   9.6969696969696972        3.9898989898989901        298.31603827212842     
   9.6969696969696972        4.0404040404040407        298.31603666910104     
   9.6969696969696972        4.0909090909090908        298.31603516613984     
   9.6969696969696972        4.1414141414141410        298.31603376073753     
   9.6969696969696972        4.1919191919191920        298.31603245051866     
   9.6969696969696972        4.2424242424242422        298.31603123324084     
   9.6969696969696972        4.2929292929292933        298.31603010679515     
   9.6969696969696972        4.3434343434343434        298.31602906920733     
   9.6969696969696972        4.3939393939393936        298.31602811863826     
   9.6969696969696972        4.4444444444444446        298.31602725338450     
   9.6969696969696972        4.4949494949494948        298.31602647187907     
   9.6969696969696972        4.5454545454545459        298.31602577269160     
   9.6969696969696972        4.5959595959595960        298.31602515452857     
   9.6969696969696972        4.6464646464646462        298.31602461623402     
   9.6969696969696972        4.6969696969696972        298.31602415678947     
   9.6969696969696972        4.7474747474747474        298.31602377531408     
   9.6969696969696972        4.7979797979797976        298.31602347106508     
   9.6969696969696972        4.8484848484848486        298.31602324343788     
   9.6969696969696972        4.8989898989898988        298.31602309196660     
   9.6969696969696972        4.9494949494949498        298.31602301632455     
   9.6969696969696972        5.0000000000000000        298.31602301632455     

   9.7979797979797976        0.0000000000000000        298.21119905608680     
   9.7979797979797976        5.0505050505050504E-002   298.21119905608680     
   9.7979797979797976       0.10101010101010101        298.21119265164208     
   9.7979797979797976       0.15151515151515152        298.21118292354316     
   9.7979797979797976       0.20202020202020202        298.21117159062652     
   9.7979797979797976       0.25252525252525254        298.21115951418403     
   9.7979797979797976       0.30303030303030304        298.21114711938594     
   9.7979797979797976       0.35353535353535354        298.21113462291623     
   9.7979797979797976       0.40404040404040403        298.21112214212582     
   9.7979797979797976       0.45454545454545453        298.21110974549720     
   9.7979797979797976       0.50505050505050508        298.21109747606266     
   9.7979797979797976       0.55555555555555558        298.21108536261346     
   9.7979797979797976       0.60606060606060608        298.21107342534901     
   9.7979797979797976       0.65656565656565657        298.21106167891446     
   9.7979797979797976       0.70707070707070707        298.21105013414927     
   9.7979797979797976       0.75757575757575757        298.21103879916177     
   9.7979797979797976       0.80808080808080807        298.21102768002652     
   9.7979797979797976       0.85858585858585856        298.21101678125922     
   9.7979797979797976       0.90909090909090906        298.21100610615053     
   9.7979797979797976       0.95959595959595956        298.21099565700911     
   9.7979797979797976        1.0101010101010102        298.21098543534140     
   9.7979797979797976        1.0606060606060606        298.21097544198926     
   9.7979797979797976        1.1111111111111112        298.21096567723578     
   9.7979797979797976        1.1616161616161615        298.21095614088887     
   9.7979797979797976        1.2121212121212122        298.21094683234776     
   9.7979797979797976        1.2626262626262625        298.21093775065748     
   9.7979797979797976        1.3131313131313131        298.21092889455252     
   9.7979797979797976        1.3636363636363635        298.21092026249448     
   9.7979797979797976        1.4141414141414141        298.21091185270291     
   9.7979797979797976        1.4646464646464648        298.21090366318236     
   9.7979797979797976        1.5151515151515151        298.21089569174467     
   9.7979797979797976        1.5656565656565657        298.21088793602945     
   9.7979797979797976        1.6161616161616161        298.21088039352156     
   9.7979797979797976        1.6666666666666667        298.21087306156710     
   9.7979797979797976        1.7171717171717171        298.21086593738704     
   9.7979797979797976        1.7676767676767677        298.21085901809033     
   9.7979797979797976        1.8181818181818181        298.21085230068530     
   9.7979797979797976        1.8686868686868687        298.21084578209081     
   9.7979797979797976        1.9191919191919191        298.21083945914563     
   9.7979797979797976        1.9696969696969697        298.21083332861798     
   9.7979797979797976        2.0202020202020203        298.21082738721412     
   9.7979797979797976        2.0707070707070705        298.21082163158638     
   9.7979797979797976        2.1212121212121211        298.21081605834087     
   9.7979797979797976        2.1717171717171717        298.21081066404463     
   9.7979797979797976        2.2222222222222223        298.21080544523267     
   9.7979797979797976        2.2727272727272729        298.21080039841434     
   9.7979797979797976        2.3232323232323231        298.21079552007978     
   9.7979797979797976        2.3737373737373737        298.21079080670569     
   9.7979797979797976        2.4242424242424243        298.21078625476099     
   9.7979797979797976        2.4747474747474749        298.21078186071259     
   9.7979797979797976        2.5252525252525251        298.21077762103022     
   9.7979797979797976        2.5757575757575757        298.21077353219204     
   9.7979797979797976        2.6262626262626263        298.21076959068876     
   9.7979797979797976        2.6767676767676769        298.21076579302883     
   9.7979797979797976        2.7272727272727271        298.21076213574253     
   9.7979797979797976        2.7777777777777777        298.21075861538640     
   9.7979797979797976        2.8282828282828283        298.21075522854733     
   9.7979797979797976        2.8787878787878789        298.21075197184649     
   9.7979797979797976        2.9292929292929295        298.21074884194280     
   9.7979797979797976        2.9797979797979797        298.21074583553690     
   9.7979797979797976        3.0303030303030303        298.21074294937421     
   9.7979797979797976        3.0808080808080809        298.21074018024871     
   9.7979797979797976        3.1313131313131315        298.21073752500558     
   9.7979797979797976        3.1818181818181817        298.21073498054426     
   9.7979797979797976        3.2323232323232323        298.21073254382139     
   9.7979797979797976        3.2828282828282829        298.21073021185350     
   9.7979797979797976        3.3333333333333335        298.21072798171951     
   9.7979797979797976        3.3838383838383836        298.21072585056328     
   9.7979797979797976        3.4343434343434343        298.21072381559571     
   9.7979797979797976        3.4848484848484849        298.21072187409692     
   9.7979797979797976        3.5353535353535355        298.21072002341839     
   9.7979797979797976        3.5858585858585861        298.21071826098483     
   9.7979797979797976        3.6363636363636362        298.21071658429611     
   9.7979797979797976        3.6868686868686869        298.21071499092869     
   9.7979797979797976        3.7373737373737375        298.21071347853723     
   9.7979797979797976        3.7878787878787881        298.21071204485622     
   9.7979797979797976        3.8383838383838382        298.21071068770141     
   9.7979797979797976        3.8888888888888888        298.21070940497071     
   9.7979797979797976        3.9393939393939394        298.21070819464586     
   9.7979797979797976        3.9898989898989901        298.21070705479292     
   9.7979797979797976        4.0404040404040407        298.21070598356363     
   9.7979797979797976        4.0909090909090908        298.21070497919646     
   9.7979797979797976        4.1414141414141410        298.21070404001694     
   9.7979797979797976        4.1919191919191920        298.21070316443877     
   9.7979797979797976        4.2424242424242422        298.21070235096431     
   9.7979797979797976        4.2929292929292933        298.21070159818527     
   9.7979797979797976        4.3434343434343434        298.21070090478321     
   9.7979797979797976        4.3939393939393936        298.21070026952987     
   9.7979797979797976        4.4444444444444446        298.21069969128780     
   9.7979797979797976        4.4949494949494948        298.21069916901035     
   9.7979797979797976        4.5454545454545459        298.21069870174239     
   9.7979797979797976        4.5959595959595960        298.21069828861988     
   9.7979797979797976        4.6464646464646462        298.21069792887113     
   9.7979797979797976        4.6969696969696972        298.21069762181571     
   9.7979797979797976        4.7474747474747474        298.21069736686565     
   9.7979797979797976        4.7979797979797976        298.21069716352514     
   9.7979797979797976        4.8484848484848486        298.21069701139089     
   9.7979797979797976        4.8989898989898988        298.21069691015259     
   9.7979797979797976        4.9494949494949498        298.21069685959395     
   9.7979797979797976        5.0000000000000000        298.21069685959401     

   9.8989898989898997        0.0000000000000000        298.10559816893590     
   9.8989898989898997        5.0505050505050504E-002   298.10559816893590     
   9.8989898989898997       0.10101010101010101        298.10559545072056     
   9.8989898989898997       0.15151515151515152        298.10559098230431     
   9.8989898989898997       0.20202020202020202        298.10558555495351     
   9.8989898989898997       0.25252525252525254        298.10557964688314     
   9.8989898989898997       0.30303030303030304        298.10557351839498     
   9.8989898989898997       0.35353535353535354        298.10556730731065     
   9.8989898989898997       0.40404040404040403        298.10556108793122     
   9.8989898989898997       0.45454545454545453        298.10555490228830     
   9.8989898989898997       0.50505050505050508        298.10554877572451     
   9.8989898989898997       0.55555555555555558        298.10554272454704     
   9.8989898989898997       0.60606060606060608        298.10553675984983     
   9.8989898989898997       0.65656565656565657        298.10553088950303     
   9.8989898989898997       0.70707070707070707        298.10552511924783     
   9.8989898989898997       0.75757575757575757        298.10551945333890     
   9.8989898989898997       0.80808080808080807        298.10551389494572     
   9.8989898989898997       0.85858585858585856        298.10550844641728     
   9.8989898989898997       0.90909090909090906        298.10550310946394     
   9.8989898989898997       0.95959595959595956        298.10549788528783     
   9.8989898989898997        1.0101010101010102        298.10549277467834     
   9.8989898989898997        1.0606060606060606        298.10548777808384     
   9.8989898989898997        1.1111111111111112        298.10548289566776     
   9.8989898989898997        1.1616161616161615        298.10547812735109     
   9.8989898989898997        1.2121212121212122        298.10547347284745     
   9.8989898989898997        1.2626262626262625        298.10546893169067     
   9.8989898989898997        1.3131313131313131        298.10546450325756     
   9.8989898989898997        1.3636363636363635        298.10546018678679     
   9.8989898989898997        1.4141414141414141        298.10545598139504     
   9.8989898989898997        1.4646464646464648        298.10545188609029     
   9.8989898989898997        1.5151515151515151        298.10544789978360     
   9.8989898989898997        1.5656565656565657        298.10544402129921     
   9.8989898989898997        1.6161616161616161        298.10544024938355     
   9.8989898989898997        1.6666666666666667        298.10543658271314     
   9.8989898989898997        1.7171717171717171        298.10543301990180     
   9.8989898989898997        1.7676767676767677        298.10542955950689     
   9.8989898989898997        1.8181818181818181        298.10542620003537     
   9.8989898989898997        1.8686868686868687        298.10542293994894     
   9.8989898989898997        1.9191919191919191        298.10541977766951     
   9.8989898989898997        1.9696969696969697        298.10541671158330     
   9.8989898989898997        2.0202020202020203        298.10541374004538     
   9.8989898989898997        2.0707070707070705        298.10541086138392     
   9.8989898989898997        2.1212121212121211        298.10540807390379     
   9.8989898989898997        2.1717171717171717        298.10540537589026     
   9.8989898989898997        2.2222222222222223        298.10540276561238     
   9.8989898989898997        2.2727272727272729        298.10540024132649     
   9.8989898989898997        2.3232323232323231        298.10539780127908     
   9.8989898989898997        2.3737373737373737        298.10539544370999     
   9.8989898989898997        2.4242424242424243        298.10539316685498     
   9.8989898989898997        2.4747474747474749        298.10539096894888     
   9.8989898989898997        2.5252525252525251        298.10538884822785     
   9.8989898989898997        2.5757575757575757        298.10538680293200     
   9.8989898989898997        2.6262626262626263        298.10538483130802     
   9.8989898989898997        2.6767676767676769        298.10538293161113     
   9.8989898989898997        2.7272727272727271        298.10538110210763     
   9.8989898989898997        2.7777777777777777        298.10537934107680     
   9.8989898989898997        2.8282828282828283        298.10537764681300     
   9.8989898989898997        2.8787878787878789        298.10537601762780     
   9.8989898989898997        2.9292929292929295        298.10537445185150     
   9.8989898989898997        2.9797979797979797        298.10537294783535     
   9.8989898989898997        3.0303030303030303        298.10537150395288     
   9.8989898989898997        3.0808080808080809        298.10537011860180     
   9.8989898989898997        3.1313131313131315        298.10536879020549     
   9.8989898989898997        3.1818181818181817        298.10536751721429     
   9.8989898989898997        3.2323232323232323        298.10536629810730     
   9.8989898989898997        3.2828282828282829        298.10536513139340     
   9.8989898989898997        3.3333333333333335        298.10536401561262     
   9.8989898989898997        3.3838383838383836        298.10536294933752     
   9.8989898989898997        3.4343434343434343        298.10536193117406     
   9.8989898989898997        3.4848484848484849        298.10536095976278     
   9.8989898989898997        3.5353535353535355        298.10536003377985     
   9.8989898989898997        3.5858585858585861        298.10535915193827     
   9.8989898989898997        3.6363636363636362        298.10535831298824     
   9.8989898989898997        3.6868686868686869        298.10535751571837     
   9.8989898989898997        3.7373737373737375        298.10535675895642     
   9.8989898989898997        3.7878787878787881        298.10535604157002     
   9.8989898989898997        3.8383838383838382        298.10535536246726     
   9.8989898989898997        3.8888888888888888        298.10535472059746     
   9.8989898989898997        3.9393939393939394        298.10535411495169     
   9.8989898989898997        3.9898989898989901        298.10535354456329     
   9.8989898989898997        4.0404040404040407        298.10535300850830     
   9.8989898989898997        4.0909090909090908        298.10535250590624     
   9.8989898989898997        4.1414141414141410        298.10535203591996     
   9.8989898989898997        4.1919191919191920        298.10535159775657     
   9.8989898989898997        4.2424242424242422        298.10535119066731     
   9.8989898989898997        4.2929292929292933        298.10535081394823     
   9.8989898989898997        4.3434343434343434        298.10535046694025     
   9.8989898989898997        4.3939393939393936        298.10535014902916     
   9.8989898989898997        4.4444444444444446        298.10534985964654     
   9.8989898989898997        4.4949494949494948        298.10534959826902     
   9.8989898989898997        4.5454545454545459        298.10534936441911     
   9.8989898989898997        4.5959595959595960        298.10534915766488     
   9.8989898989898997        4.6464646464646462        298.10534897762051     
   9.8989898989898997        4.6969696969696972        298.10534882394586     
   9.8989898989898997        4.7474747474747474        298.10534869634688     
   9.8989898989898997        4.7979797979797976        298.10534859457590     
   9.8989898989898997        4.8484848484848486        298.10534851843141     
   9.8989898989898997        4.8989898989898988        298.10534846775874     
   9.8989898989898997        4.9494949494949498        298.10534844245092     
   9.8989898989898997        5.0000000000000000        298.10534844245103     

   10.000000000000000        0.0000000000000000        303.00000000000000     
   10.000000000000000        5.0505050505050504E-002   298.00000000000000     
   10.000000000000000       0.10101010101010101        298.00000000000000     
   10.000000000000000       0.15151515151515152        298.00000000000000     
   10.000000000000000       0.20202020202020202        298.00000000000000     
   10.000000000000000       0.25252525252525254        298.00000000000000     
   10.000000000000000       0.30303030303030304        298.00000000000000     
   10.000000000000000       0.35353535353535354        298.00000000000000     
   10.000000000000000       0.40404040404040403        298.00000000000000     
   10.000000000000000       0.45454545454545453        298.00000000000000     
   10.000000000000000       0.50505050505050508        298.00000000000000     
   10.000000000000000       0.55555555555555558        298.00000000000000     
   10.000000000000000       0.60606060606060608        298.00000000000000     
   10.000000000000000       0.65656565656565657        298.00000000000000     
   10.000000000000000       0.70707070707070707        298.00000000000000     
   10.000000000000000       0.75757575757575757        298.00000000000000     
   10.000000000000000       0.80808080808080807        298.00000000000000     
   10.000000000000000       0.85858585858585856        298.00000000000000     
   10.000000000000000       0.90909090909090906        298.00000000000000     
   10.000000000000000       0.95959595959595956        298.00000000000000     
   10.000000000000000        1.0101010101010102        298.00000000000000     
   10.000000000000000        1.0606060606060606        298.00000000000000     
   10.000000000000000        1.1111111111111112        298.00000000000000     
   10.000000000000000        1.1616161616161615        298.00000000000000     
   10.000000000000000        1.2121212121212122        298.00000000000000     
   10.000000000000000        1.2626262626262625        298.00000000000000     
   10.000000000000000        1.3131313131313131        298.00000000000000     
   10.000000000000000        1.3636363636363635        298.00000000000000     
   10.000000000000000        1.4141414141414141        298.00000000000000     
   10.000000000000000        1.4646464646464648        298.00000000000000     
   10.000000000000000        1.5151515151515151        298.00000000000000     
   10.000000000000000        1.5656565656565657        298.00000000000000     
   10.000000000000000        1.6161616161616161        298.00000000000000     
   10.000000000000000        1.6666666666666667        298.00000000000000     
   10.000000000000000        1.7171717171717171        298.00000000000000     
   10.000000000000000        1.7676767676767677        298.00000000000000     
   10.000000000000000        1.8181818181818181        298.00000000000000     
   10.000000000000000        1.8686868686868687        298.00000000000000     
   10.000000000000000        1.9191919191919191        298.00000000000000     
   10.000000000000000        1.9696969696969697        298.00000000000000     
   10.000000000000000        2.0202020202020203        298.00000000000000     
   10.000000000000000        2.0707070707070705        298.00000000000000     
   10.000000000000000        2.1212121212121211        298.00000000000000     
   10.000000000000000        2.1717171717171717        298.00000000000000     
   10.000000000000000        2.2222222222222223        298.00000000000000     
   10.000000000000000        2.2727272727272729        298.00000000000000     
   10.000000000000000        2.3232323232323231        298.00000000000000     
   10.000000000000000        2.3737373737373737        298.00000000000000     
   10.000000000000000        2.4242424242424243        298.00000000000000     
   10.000000000000000        2.4747474747474749        298.00000000000000     
   10.000000000000000        2.5252525252525251        298.00000000000000     
   10.000000000000000        2.5757575757575757        298.00000000000000     
   10.000000000000000        2.6262626262626263        298.00000000000000     
   10.000000000000000        2.6767676767676769        298.00000000000000     
   10.000000000000000        2.7272727272727271        298.00000000000000     
   10.000000000000000        2.7777777777777777        298.00000000000000     
   10.000000000000000        2.8282828282828283        298.00000000000000     
   10.000000000000000        2.8787878787878789        298.00000000000000     
   10.000000000000000        2.9292929292929295        298.00000000000000     
   10.000000000000000        2.9797979797979797        298.00000000000000     
   10.000000000000000        3.0303030303030303        298.00000000000000     
   10.000000000000000        3.0808080808080809        298.00000000000000     
   10.000000000000000        3.1313131313131315        298.00000000000000     
   10.000000000000000        3.1818181818181817        298.00000000000000     
   10.000000000000000        3.2323232323232323        298.00000000000000     
   10.000000000000000        3.2828282828282829        298.00000000000000     
   10.000000000000000        3.3333333333333335        298.00000000000000     
   10.000000000000000        3.3838383838383836        298.00000000000000     
   10.000000000000000        3.4343434343434343        298.00000000000000     
   10.000000000000000        3.4848484848484849        298.00000000000000     
   10.000000000000000        3.5353535353535355        298.00000000000000     
   10.000000000000000        3.5858585858585861        298.00000000000000     
   10.000000000000000        3.6363636363636362        298.00000000000000     
   10.000000000000000        3.6868686868686869        298.00000000000000     
   10.000000000000000        3.7373737373737375        298.00000000000000     
   10.000000000000000        3.7878787878787881        298.00000000000000     
   10.000000000000000        3.8383838383838382        298.00000000000000     
   10.000000000000000        3.8888888888888888        298.00000000000000     
   10.000000000000000        3.9393939393939394        298.00000000000000     
   10.000000000000000        3.9898989898989901        298.00000000000000     
   10.000000000000000        4.0404040404040407        298.00000000000000     
   10.000000000000000        4.0909090909090908        298.00000000000000     
   10.000000000000000        4.1414141414141410        298.00000000000000     
   10.000000000000000        4.1919191919191920        298.00000000000000     
   10.000000000000000        4.2424242424242422        298.00000000000000     
   10.000000000000000        4.2929292929292933        298.00000000000000     
   10.000000000000000        4.3434343434343434        298.00000000000000     
   10.000000000000000        4.3939393939393936        298.00000000000000     
   10.000000000000000        4.4444444444444446        298.00000000000000     
   10.000000000000000        4.4949494949494948        298.00000000000000     
   10.000000000000000        4.5454545454545459        298.00000000000000     
   10.000000000000000        4.5959595959595960        298.00000000000000     
   10.000000000000000        4.6464646464646462        298.00000000000000     
   10.000000000000000        4.6969696969696972        298.00000000000000     
   10.000000000000000        4.7474747474747474        298.00000000000000     
   10.000000000000000        4.7979797979797976        298.00000000000000     
   10.000000000000000        4.8484848484848486        298.00000000000000     
   10.000000000000000        4.8989898989898988        298.00000000000000     
   10.000000000000000        4.9494949494949498        298.00000000000000     
   10.000000000000000        5.0000000000000000        303.00000000000000     

